image_id,dataset,model,theme,tamper_type,width,height,eval_w,eval_h,scale,infer_ms,ocr_ms,peak_vram_mb,is_clean,P_05,R_05,F1_05,IoU_05,PR_AUC,AP,ROC_AUC,oracle_F1,tau_star,gt_area_px,gt_area_ratio,gt_area_ratio_native,pred_pixels_05,pred_area_ratio_img,area_ratio_05,fp_rate_outside_05,prob_mean,prob_p99,error
Copy-move_009ce58b310b8bfbbbfca687d63bf2a8,STFD,TruFor,Light,Copy-move,828,1792,828,1792,1.0,1431.957099999977,0.0,2188.6611328125,False,0.0,0.0,0.0,0.0,0.03026947923072165,0.030273429573765206,0.7812040623855445,0.06874304871146364,0.04081632653061224,21220,0.014301350069013112,0.014301350069013112,7124,0.004801263802622498,0.3357210179076343,0.00487092460049393,0.04188837110996246,0.27473175525665283,
Insertion_01601bc6e402249be85408e27c8f9fc5,STFD,TruFor,Light,Insertion,1080,2340,961,2082,0.8896008544727063,13443.24919999997,0.0,2867.32763671875,False,0.0,0.0,0.0,0.0,0.000413526911435408,0.0004140832081400874,0.5117820085344582,0.0012969410515806569,0.16326530612244897,874,0.00043682483324187,0.00044199113643558085,378584,0.189216124334142,433.162471395881,0.18929881475733126,0.2911015450954437,0.8839679956436157,
Removal_00e160c33fdcf098c6a98a1b89ee99e9,STFD,TruFor,Light,Removal,1080,2340,961,2082,0.8896008544727063,4560.064000000011,0.0,2867.32763671875,False,0.0,0.0,0.0,0.0,0.001931265250076248,0.0019320072007622492,0.4950627763744542,0.0051353570637227425,0.08163265306122448,4189,0.002093660442162693,0.002157723963279519,28473,0.014230793451825818,6.797087610408212,0.014260650411471827,0.13376356661319733,0.550291121006012,
Replacement_0086660a792bf62730c1bb8cce734cda,STFD,TruFor,Light,Replacement,1080,2340,961,2082,0.8896008544727063,4411.9441999999935,0.0,2867.32763671875,False,0.0,0.0,0.0,0.0,0.005734926173360591,0.005737541924951136,0.8361789834593799,0.014445218527857755,0.04081632653061224,4082,0.0020401818870632877,0.002031101614434948,13741,0.00686774603384043,3.3662420382165603,0.006881786129251973,0.03647790476679802,0.4775521159172058,
Splicing_03bb93c9e2cf0a8523ddd6520a89ccf8,STFD,TruFor,Light,Splicing,1080,2340,961,2082,0.8896008544727063,4515.225400000077,0.0,2867.32763671875,False,0.0,0.0,0.0,0.0,0.0156239790654247,0.01562559561210902,0.7807788831822572,0.034071898624027847,0.04081632653061224,14670,0.007332059844002555,0.007460826210826211,69443,0.03470758225951393,4.733674164962508,0.034963939959680425,0.06123308464884758,0.9273247718811035,
Copy-move_024b8babee5808ee8791179652fe09b2,STFD,TruFor,Light,Copy-move,1080,2340,961,2082,0.8896008544727063,4385.738599999968,0.0,2867.32763671875,False,0.0,0.0,0.0,0.0,0.001045474847762226,0.001046053228629914,0.4169390392959219,0.003307454065391487,0.061224489795918366,2677,0.001337963476645865,0.0013433839822728712,500611,0.25020516772774115,187.0044826298095,0.25054038160775727,0.3036192059516907,0.9874384999275208,
Insertion_055f2a90df87c256c6d21b22514b09b4,STFD,TruFor,Dark,Insertion,2340,1080,2082,961,0.8896008544727063,4385.778000000073,0.0,2867.32763671875,False,0.0005798951745940442,0.033033633033633034,0.0011397818328886806,0.000570215877293222,0.004613503299205345,0.004614164948928369,0.24590488154888568,0.014897185607622121,0.0,15015,0.007504490699229609,0.007243194048749605,855327,0.42749207567765324,56.964835164835165,0.43047466822977487,0.49006256461143494,0.9835062026977539,
Removal_01019babbd0e0d81bb5fe89a4c627434,STFD,TruFor,Light,Removal,1080,2400,949,2108,0.8784104611578831,5789.008899999999,0.0,2864.4580078125,False,0.0,0.0,0.0,0.0,0.0016711436163061725,0.0016719669876664532,0.20813011371256146,0.005919186600403335,0.02040816326530612,5475,0.002736826740621807,0.002758101851851852,223303,0.11162404048604044,40.78593607305936,0.11193037452813685,0.23420001566410065,0.9058231115341187,
Replacement_01f8d846db305c95b3ba1d7016cad44f,STFD,TruFor,Light,Replacement,1080,2400,949,2108,0.8784104611578831,5718.5901000000285,0.0,2864.4580078125,False,0.38882282996432815,0.6830916687146719,0.4955649654557611,0.32940270206210004,0.35942279244780423,0.35953513109307456,0.991536312004746,0.542714657415438,0.6530612244897959,8138,0.004067999272179044,0.0040578703703703705,14297,0.007146741901492233,1.7568198574588352,0.004385766786424501,0.06781098991632462,0.3269607424736023,
Splicing_067cfe272d30598edf0fd675e8c6b87b,STFD,TruFor,Light,Splicing,1080,2340,961,2082,0.8896008544727063,4316.413499999953,0.0,2867.32763671875,False,0.12291835005222601,0.24006774398419306,0.16258876841897174,0.08848795828850452,0.168618780285987,0.16862559784553854,0.7726244370749153,0.2780348138388067,0.2857142857142857,155881,0.07790925838738666,0.07775522317188983,304446,0.15216198304479903,1.9530667624662403,0.14473465259488075,0.2669706642627716,0.9320908784866333,
Copy-move_02eb0cb9da173f7d40e5281738d85826,STFD,TruFor,Light,Copy-move,828,1792,828,1792,1.0,1423.4225000000151,0.0,2188.6611328125,False,0.0,0.0,0.0,0.0,0.011734379717807376,0.011739502757839486,0.8212628934158714,0.016688237533307955,0.02040816326530612,6559,0.004420478562801932,0.004420478562801932,8630,0.005816241804692892,1.3157493520353714,0.005842066534571427,0.015867343172430992,0.12780147790908813,
Insertion_05b7cf2bf0691d2a0d182bb8e0cb1342,STFD,TruFor,Light,Insertion,1080,2340,961,2082,0.8896008544727063,4344.31189999998,0.0,2867.32763671875,False,0.0006797307603037237,0.007670720299345182,0.0012488006944550206,0.000624790466611807,0.010624753863825125,0.01062777146239346,0.8854565293802008,0.026364101262283442,0.08163265306122448,5345,0.0026714287570684158,0.0027093225704336817,60318,0.03014691108865345,11.284939195509823,0.03020711546277369,0.06600598245859146,0.9712843894958496,
Removal_03d151197ba22ae5b1e7db33d7199858,STFD,TruFor,Light,Removal,1125,2436,961,2081,0.8542797160427661,4429.388900000049,0.0,2867.2880859375,False,0.004283894073487379,0.13039832285115305,0.00829526889607575,0.004164908967946271,0.006977389597804009,0.00698054918865404,0.7999292253137312,0.019645368811824115,0.22448979591836732,4770,0.002385189622574995,0.0023933588761174966,145195,0.07260327196012083,30.439203354297693,0.07246509021483447,0.15991155803203583,0.9505467414855957,
Replacement_02d75e90a1f072a7e4b76dd2a80b953f,STFD,TruFor,Light,Replacement,1080,2340,961,2082,0.8896008544727063,4273.581200000081,0.0,2867.32763671875,False,0.022921757989611737,0.17120554055640333,0.04043050098061637,0.020632338378837177,0.021108817370565906,0.021111863268718844,0.7996656266742568,0.045871097683786506,0.6326530612244897,17038,0.008515585250314624,0.008525641025641026,127259,0.06360399479808597,7.469127831905153,0.06267983489971589,0.12193495780229568,0.9633021354675293,
Splicing_0a91a7d79de0bff44f90ad13f31d6c26,STFD,TruFor,Dark,Splicing,1080,2340,961,2082,0.8896008544727063,4337.116599999945,0.0,2867.32763671875,False,0.8118244195883072,0.4053597409302107,0.5407249733926,0.37054356686258527,0.42081035370547054,0.4208433867589395,0.9680511506690074,0.5437731196054254,0.44897959183673464,21307,0.010649229658906778,0.010745884773662551,10639,0.00531736773553805,0.4993194724738349,0.0010113690613009884,0.0363687127828598,0.36165788769721985,
Copy-move_03f1afccc57a6c41a901a3ff937ffd92,STFD,TruFor,Light,Copy-move,1125,2436,961,2081,0.8542797160427661,4477.294899999947,0.0,2867.2880859375,False,0.0,0.0,0.0,0.0,0.001005356862582942,0.0010062467839333702,0.663747211541514,0.0033280042537686327,0.08163265306122448,1454,0.0007270578010951871,0.0007283342455756249,277979,0.13900055054376823,191.18225584594222,0.1391016855093633,0.1825622022151947,0.9580067992210388,
Insertion_06ed95162505f40cded6380200e747be,STFD,TruFor,Dark,Insertion,1080,2340,961,2082,0.8896008544727063,4305.489100000045,0.0,2867.32763671875,False,0.01973720756329452,0.7011232544019429,0.03839360300565638,0.019572531505038265,0.023915004034873982,0.023923700594219735,0.8954605262429186,0.06435812303536036,0.7959183673469387,6588,0.003292679635466178,0.003291389680278569,234025,0.11696559679568493,35.522920461445054,0.11503579856524927,0.28218209743499756,0.8940591216087341,
Removal_0688f1f7ea3d5001a6e53f7f471d9567,STFD,TruFor,Light,Removal,1668,2224,1225,1633,0.7342595152227752,4570.6418000000895,0.0,2867.2373046875,False,0.0,0.0,0.0,0.0,0.0020700412469797673,0.0020714686664375375,0.30796641257970525,0.006425672949825994,0.02040816326530612,6395,0.0031968206756064336,0.003170664906923382,103384,0.05168101778372096,16.166379984362784,0.051846762586320164,0.12158855050802231,0.9273119568824768,
Replacement_038acd37ab42f2c765f383d057a4449a,STFD,TruFor,Dark,Replacement,1080,2340,961,2082,0.8896008544727063,4348.657900000035,0.0,2867.32763671875,False,0.04126754879680564,0.21692530981355365,0.0693433261955746,0.03591696397212415,0.025833407889305236,0.025839989114508948,0.8966355908210817,0.07370021593856611,0.4693877551020408,8957,0.004476704841358615,0.004487179487179487,47083,0.023532063642479367,5.256559115775371,0.022662405960303136,0.20529280602931976,0.5665925741195679,
Splicing_0b77b1d80fc44728edca27fbee61150b,STFD,TruFor,Light,Splicing,1080,2340,961,2082,0.8896008544727063,4707.165300000042,0.0,2867.32763671875,False,0.18030418897102557,0.4441932512768986,0.25649393818520266,0.14711387806602794,0.2933081924118195,0.2933414027672528,0.8077481766964926,0.3723169919573792,0.8571428571428571,23886,0.011938212776676553,0.012060383032605254,58845,0.029410706306770985,2.4635769907058527,0.024399114580487994,0.22022919356822968,0.8088719844818115,
Copy-move_061049b1fcaef43bf293c09a411c6f83,STFD,TruFor,Light,Copy-move,1536,2048,1225,1633,0.7973599423122324,4618.046900000081,0.0,2867.2373046875,False,0.0,0.0,0.0,0.0,0.006051625997946194,0.00605590921807793,0.9009299480301588,0.01738129121267096,0.08163265306122448,2146,0.0010727720359423622,0.0010738372802734375,22819,0.011407075996350775,10.633271202236719,0.01141932633030723,0.03936129808425903,0.6526486277580261,
Insertion_0a5357af2274e960c481e52e335737ab,STFD,TruFor,Dark,Insertion,2340,1080,2082,961,0.8896008544727063,4671.1063000000195,0.0,2867.32763671875,False,0.14725758290114727,0.3623823643161016,0.20941667287491622,0.11695444143956729,0.06525156227795659,0.06528273393146333,0.9068318193379666,0.23000483058450072,0.4693877551020408,7757,0.0038769453449166882,0.003695789806900918,19089,0.009540674189649951,2.4608740492458425,0.008167402140945136,0.09371545165777206,0.5605981945991516,
Removal_0741e6e6937021173915d0ae99da3e7d,STFD,TruFor,Light,Removal,750,1334,750,1334,1.0,872.8224999999838,0.0,1569.3857421875,False,0.0,0.0,0.0,0.0,0.011835741486003304,0.011843601717884802,0.4849429352399264,0.03146511923048309,0.02040816326530612,13587,0.013580209895052474,0.013580209895052474,724,0.0007236381809095452,0.05328622948406565,0.000733600631463969,0.029484929516911507,0.10959021002054214,
Replacement_043dca008c5bdbc60f836dee1b09255a,STFD,TruFor,Light,Replacement,1080,2340,961,2082,0.8896008544727063,4322.845299999926,0.0,2867.32763671875,False,0.0,0.0,0.0,0.0,0.004336497992120587,0.004338557883538388,0.7757412993455577,0.013040861365612251,0.04081632653061224,4098,0.00204817868034918,0.002034267173156062,101919,0.05093907343155395,24.87042459736457,0.05104361988557142,0.07514168322086334,0.9850234985351562,
Splicing_0d8f792dbe16eec04d5c6dbf01999b6d,STFD,TruFor,Light,Splicing,1080,2376,953,2098,0.8828357307829559,5687.4593,0.0,2865.341796875,False,0.6807095343680709,0.018679078823278877,0.03636040624167234,0.01851684308935734,0.1282475605188743,0.1282226032454548,0.7634632798800843,0.1863670513537483,0.04081632653061224,65742,0.03288096293176833,0.032634991894251154,1804,0.0009022733888368175,0.02744060113778102,0.0002978819353223848,0.02190292626619339,0.07460907846689224,
Copy-move_0ba51385ddc8ade89a53f4b5881abf9b,STFD,TruFor,Light,Copy-move,1080,2340,961,2082,0.8896008544727063,4292.567200000121,0.0,2867.32763671875,False,0.062123173079958335,0.1044641435320346,0.07791282315214379,0.04053553038105046,0.056114400126997616,0.05612278164009832,0.9008530572412067,0.1187973779616948,0.24489795918367346,18839,0.009415724294557882,0.009589268755935423,31679,0.015833150906486498,1.6815648388980307,0.014990693569960691,0.08706391602754593,0.7001683115959167,
Insertion_0b4b08e91979a49462dba53b2b4b6de3,STFD,TruFor,Light,Insertion,1080,2340,961,2082,0.8896008544727063,4338.522799999964,0.0,2867.32763671875,False,0.017224711514853917,0.6624372971377988,0.0335763694148439,0.017074840279890476,0.028740417563594425,0.02876925880603184,0.9433589809321278,0.08755320072961001,0.7755102040816326,3389,0.0016938207778680748,0.0016619183285849952,130336,0.06514187810687914,38.458542342874004,0.06412845015026937,0.23006443679332733,0.6959863305091858,
Removal_0c26649b813da6323a630ce7db42fa86,STFD,TruFor,Light,Removal,1080,2316,966,2071,0.8941983055272923,6721.587600000021,0.0,2863.7060546875,False,0.0,0.0,0.0,0.0,0.014710740198400464,0.01474213326913707,0.3768290888307076,0.039940196497223406,0.0,40766,0.020377029530347607,0.020127294825049574,36504,0.018246653730456978,0.8954520924299662,0.018626200365339674,0.05844259634613991,0.7575491666793823,
Replacement_0540354a04e76f790be8fb4a8c5e73a2,STFD,TruFor,Light,Replacement,1080,2400,949,2108,0.8784104611578831,5573.614800000087,0.0,2864.4580078125,False,0.0,0.0,0.0,0.0,0.003191059083932638,0.0031946776953562196,0.8613617440056229,0.009603805842562997,0.1020408163265306,1502,0.0007508152994363386,0.0007565586419753087,37780,0.018885354202866095,25.15312916111851,0.018899544269856277,0.035886000841856,0.9610984921455383,
Splicing_1220a547730c899ed1300b1435b0b30f,STFD,TruFor,Light,Splicing,1080,2340,961,2082,0.8896008544727063,4286.6003999999975,0.0,2867.32763671875,False,0.040342248762346156,0.2913570132833987,0.07087140945711276,0.03673752481018822,0.20357170285397697,0.20356744997527415,0.8324482100746985,0.2606405638821115,0.9795918367346939,17089,0.008541075028913405,0.008605175688509022,123419,0.0616847644094718,7.222131195505881,0.05970621758288623,0.08628752082586288,0.9647890329360962,
Copy-move_0c06e9cb158605d473729a990b782ccf,STFD,TruFor,Light,Copy-move,1080,2340,961,2082,0.8896008544727063,4286.41360000006,0.0,2867.32763671875,False,0.19718159875053246,0.30121461880490186,0.2383404127515339,0.13529311478603961,0.08812410426235846,0.08814266097420631,0.7148183406722228,0.25334830169960576,0.7551020408163265,18442,0.009217303861151677,0.009309908198797087,28172,0.014080353778134968,1.527600043379243,0.011409128513488973,0.05584772303700447,0.7558110356330872,
Insertion_0d2b0a54f62c0462cd0b5b0f20dd1725,STFD,TruFor,Light,Insertion,1080,2340,961,2082,0.8896008544727063,4304.940199999919,0.0,2867.32763671875,False,0.021544518147009653,0.13553859202714164,0.037179218724552716,0.01894172869944526,0.010626070528106067,0.010632334663997475,0.8022021245039423,0.04080056631700882,0.6530612244897959,5895,0.0029463185262709655,0.0029736467236467236,37086,0.018535567237537746,6.291094147582697,0.018189820377591537,0.12986311316490173,0.7268379330635071,
Removal_0e970b2e3b06582210767d2d22500d59,STFD,TruFor,Light,Removal,1080,2340,961,2082,0.8896008544727063,4340.144400000099,0.0,2867.32763671875,False,0.0,0.0,0.0,0.0,0.0018905994256126907,0.0018913310487246168,0.47767434706608913,0.005911530684975345,0.1020408163265306,4414,0.002206115347745554,0.002225783475783476,45595,0.022788361866891378,10.329632985953783,0.022838746776678683,0.17898514866828918,0.5953899025917053,
Replacement_09793c415afe9bbc8785ca970d756ca6,STFD,TruFor,Light,Replacement,750,1334,750,1334,1.0,890.5836000001273,0.0,1569.3857421875,False,0.4627606752730884,0.7122659533817348,0.5610233258088788,0.38987659485463294,0.5670241805236371,0.5671305193953895,0.9957372491611359,0.6019221041982802,0.6326530612244897,2617,0.0026156921539230386,0.0026156921539230386,4028,0.004025987006496752,1.5391669850974399,0.002168590906950013,0.014427992515265942,0.05996279418468475,
Splicing_17e7285d95837f602c43dd7eb1fb45a9,STFD,TruFor,Light,Splicing,1080,2340,961,2082,0.8896008544727063,4606.143200000133,0.0,2867.32763671875,False,0.008208676996736152,0.34414990859232175,0.01603488919316611,0.00808224353635185,0.007185656467775644,0.007186794971934448,0.6520624525151264,0.017074155855940812,0.2857142857142857,10940,0.005467807409228899,0.005435660018993352,458661,0.22923857533129216,41.925137111517365,0.2286068079092922,0.35222119092941284,0.8667725324630737,
Copy-move_0ddc6c5014b28a85ff2ebef599189d41,STFD,TruFor,Dark,Copy-move,2340,1080,2082,961,0.8896008544727063,4270.308000000114,0.0,2867.32763671875,False,0.011322764360118752,0.4522760646108664,0.022092442798776733,0.011169603310499486,0.011373822612962894,0.011374542635095368,0.49945524944004915,0.03603958872356183,0.08163265306122448,25197,0.012593450026539358,0.01256568534346312,1006468,0.5030322840540943,39.9439615827281,0.5036796323151642,0.45111754536628723,0.9541543126106262,
Insertion_0e1a56122f005291210707b0a315caea,STFD,TruFor,Light,Insertion,1080,2340,961,2082,0.8896008544727063,4263.312000000042,0.0,2867.32763671875,False,0.0,0.0,0.0,0.0,0.0031905271227635366,0.0031918421326613783,0.6829585099908883,0.008277852786442571,0.04081632653061224,4424,0.0022111133435492366,0.002204811649256094,139229,0.06958659577509418,31.47129294755877,0.06974080058986826,0.10850608348846436,0.9805049300193787,
Removal_1218890d5ba96516f106fb82866a8181,STFD,TruFor,Light,Removal,1080,2400,949,2108,0.8784104611578831,5459.704200000033,0.0,2864.4580078125,False,8.492259911680497e-05,0.00273224043715847,0.00016472526179550534,8.236941505948248e-05,0.0015332269447302864,0.0015361891953280978,0.5879426590205483,0.00528819939798182,0.18367346938775508,2562,0.0012806849515019304,0.0012665895061728396,82428,0.041203863849493025,32.17330210772834,0.04125319705895602,0.06732863932847977,0.9695687294006348,
Replacement_0b24d2381574ad95eee0abcc9c934979,STFD,TruFor,Light,Replacement,1080,2400,949,2108,0.8784104611578831,5454.8716000001605,0.0,2864.4580078125,False,0.0008895917762182465,0.004322766570605188,0.0014755307812115747,0.0007383100902378999,0.039337338017907085,0.03934903355996669,0.9750675417299592,0.1025364274150027,0.061224489795918366,4164,0.002081487953963325,0.0020729166666666665,20234,0.010114511830089799,4.859269932756964,0.010126592423689894,0.026510734111070633,0.5042234659194946,
Splicing_196442f74f580afa369ec9654d14bc88,STFD,TruFor,Light,Splicing,1080,2340,961,2082,0.8896008544727063,3958.731899999975,0.0,2867.32763671875,False,0.0,0.0,0.0,0.0,0.0028642677293808858,0.0028657221053110587,0.7474664844882063,0.00771108597317423,0.061224489795918366,3191,0.0015948604609551569,0.001621161760050649,161730,0.08083258613296068,50.68317141961767,0.08096170876111515,0.11917523294687271,0.961141049861908,
Copy-move_0e05d3c134edaf046c427c46481c3761,STFD,TruFor,Light,Copy-move,1080,2340,961,2082,0.8896008544727063,3879.408000000012,0.0,2867.32763671875,False,0.11293715487772811,0.12976484213706632,0.12076762659043512,0.0642643391521197,0.09784881974759216,0.09787905584016193,0.7931488205660703,0.22948152967969004,0.2857142857142857,19859,0.00992551986653352,0.010007913896802785,22818,0.011404426824843238,1.1490004531950249,0.010217860887466223,0.05819662660360336,0.5623560547828674,
Insertion_10717e9f26a13147bd089a8e7a20ebd4,STFD,TruFor,Light,Insertion,1080,2340,961,2082,0.8896008544727063,4345.069599999988,0.0,2867.32763671875,False,0.0,0.0,0.0,0.0,0.0023299951252240057,0.0023310284615535777,0.6415681757335135,0.005669202337932733,0.04081632653061224,3565,0.0017817855040128908,0.0017473884140550807,107860,0.05390838273852185,30.255259467040673,0.05400460736507485,0.10676184296607971,0.9652942419052124,
Removal_1229665d47d3baac058dce459e995a77,STFD,TruFor,Light,Removal,1080,2400,949,2108,0.8784104611578831,5362.366699999939,0.0,2864.4580078125,False,0.0,0.0,0.0,0.0,0.0024294394362587455,0.0024325274338556175,0.7893415832711642,0.009112312232649137,0.26530612244897955,1283,0.0006413422298114663,0.0006350308641975309,48227,0.02410756953789368,37.58924395946999,0.02412304066258205,0.14004088938236237,0.766190230846405,
Replacement_0e4d3a9d7972fcbd4b1985f571275940,STFD,TruFor,Light,Replacement,1080,2340,961,2082,0.8896008544727063,3890.126399999872,0.0,2867.32763671875,False,0.0,0.0,0.0,0.0,0.007989454324033678,0.00799189081333164,0.7809751730114631,0.020237742957568583,0.02040816326530612,7033,0.0035150904487300594,0.003513770180436847,32603,0.016294965718746782,4.635717332575004,0.01635244604565524,0.035847894847393036,0.9129613637924194,
Splicing_1fe527c20071cb904644c57dc12ed10a,STFD,TruFor,Light,Splicing,1080,2400,949,2108,0.8784104611578831,5719.744500000161,0.0,2864.4580078125,False,0.0,0.0,0.0,0.0,0.022713669673616297,0.0227170438098522,0.6451472284752752,0.05109661170118526,0.02040816326530612,35332,0.01766165523281273,0.01747337962962963,20031,0.010013036792948935,0.5669364881693649,0.010193063160251583,0.033804308623075485,0.5051718354225159,
Copy-move_10e0a02dffa95540e3cb2f8403a9a772,STFD,TruFor,Light,Copy-move,750,1334,750,1334,1.0,2538.8026999999056,0.0,1569.3857421875,False,0.001414122782747702,0.002840032104710749,0.0018881090177728522,0.0009449465899753492,0.09262447629148704,0.09263322607366735,0.9104577930146742,0.2290234888054003,0.16326530612244897,16197,0.016188905547226386,0.016188905547226386,32529,0.03251274362818591,2.0083348768290423,0.03300101696327249,0.110380157828331,0.9153624773025513,
Insertion_111a8679564aa499f0e4433c1f2dc703,STFD,TruFor,Dark,Insertion,1080,2340,961,2082,0.8896008544727063,4287.720600000057,0.0,2867.32763671875,False,0.0,0.0,0.0,0.0,0.007851533748292599,0.007853558453759976,0.798030932802894,0.019210291105190458,0.061224489795918366,6367,0.00318222392820479,0.0031568534346312124,38243,0.01911383535202384,6.006439453431757,0.019174854031342208,0.04745126888155937,0.9258381724357605,
Removal_13f7d43481802597496e580c07b1b01d,STFD,TruFor,Light,Removal,1080,2340,961,2082,0.8896008544727063,4524.101799999926,0.0,2867.32763671875,False,0.012951469101097535,0.19375433726578764,0.024279949909558927,0.012289165111447587,0.018286238652139027,0.01830363763465729,0.5754151294968344,0.12579451664927427,0.8163265306122448,7205,0.003601055976553402,0.0036237733459955684,107787,0.053871897369154965,14.960027758501042,0.0533663523771354,0.20320428907871246,0.7871836423873901,
Replacement_0e6636a652a089eab7ea4684b7dd656d,STFD,TruFor,Light,Replacement,1080,2400,949,2108,0.8784104611578831,6723.454599999968,0.0,2864.4580078125,False,0.04964099094019022,0.6144718473708701,0.09186086956521738,0.048141599372937896,0.03823057267505908,0.03824552729304967,0.9734297653683913,0.09278659084106555,0.4897959183673469,4298,0.0021484714760169,0.0021454475308641976,53202,0.026594457763390207,12.37831549557934,0.02532870051708401,0.13678734004497528,0.672755241394043,
Splicing_20bc94ca66f9537bc397a58f1e21795d,STFD,TruFor,Light,Splicing,1080,2340,961,2082,0.8896008544727063,5822.8807999998935,0.0,2867.32763671875,False,0.17125841138876677,0.7657865391521291,0.279916958268421,0.16273456076087656,0.33041546856952675,0.33043590838326936,0.8950551320236085,0.4562741289595473,0.8163265306122448,52909,0.02644389599770492,0.02657684393795505,236584,0.11824458392184733,4.471526583379009,0.10065593952029192,0.2839084565639496,0.9427329897880554,
Copy-move_12c86e02e6837ec4743391be11037c27,STFD,TruFor,Light,Copy-move,1080,2340,961,2082,0.8896008544727063,3886.7967999999564,0.0,2867.32763671875,False,0.13678601922799702,0.4117185674710457,0.20534867073962476,0.11442259975047887,0.1839507442865705,0.1839539055035267,0.8714203647218749,0.2957075514836092,0.9795918367346939,59922,0.029948990454827615,0.030145615701171257,180362,0.09014485191438233,3.009946263475852,0.08021670582416224,0.13145245611667633,0.9899550080299377,
Insertion_113f1c92b3288b661abeb7a3f28675a2,STFD,TruFor,Light,Insertion,1080,2340,961,2082,0.8896008544727063,3912.589999999909,0.0,2867.32763671875,False,0.02245843190830029,0.27184727077171283,0.0414892634732382,0.021184087837483892,0.04133203529561105,0.04138192257586538,0.9066623964808918,0.10847033595425304,0.7959183673469387,7438,0.0037175092787792097,0.0037385248496359606,90033,0.04499845561929666,12.10446356547459,0.04415199632380238,0.19240662455558777,0.6705954074859619,
Removal_186c8e94ee42eb0fd7e71f5438445743,STFD,TruFor,Light,Removal,1080,2400,949,2108,0.8784104611578831,5174.189400000159,0.0,2864.4580078125,False,0.0,0.0,0.0,0.0,0.0008754047676603642,0.0008765893537106119,0.4729095062424101,0.0026504346986478276,0.02040816326530612,1978,0.0009887567658356045,0.0009918981481481482,176929,0.08844274308520104,89.448432760364,0.08853027799655144,0.1102004200220108,0.9871024489402771,
Replacement_1050dfe933b6e454daae1a9085b16fb7,STFD,TruFor,Light,Replacement,1080,2340,961,2082,0.8896008544727063,3910.262800000055,0.0,2867.32763671875,False,0.0,0.0,0.0,0.0,0.0022556993922415386,0.0022568462833243465,0.6597003578458328,0.006276653151789316,0.04081632653061224,3431,0.0017148123602435423,0.0017240424184868629,18538,0.009265284620867032,5.403089478286214,0.00928120013758085,0.06140940636396408,0.49126842617988586,
Splicing_243350c2f6f4f1a2afaeefb3d4f6bc63,STFD,TruFor,Light,Splicing,1080,2340,961,2082,0.8896008544727063,3876.678200000015,0.0,2867.32763671875,False,0.8123097412480974,0.14940075234012773,0.2523829931872257,0.1444155053443377,0.3767034271549742,0.376696798947783,0.8755799410783084,0.39807399209793126,0.26530612244897955,57155,0.028566045015948605,0.028759100981323203,10512,0.005253893188831279,0.18392091680517889,0.0010151020221264458,0.07560126483440399,0.42197537422180176,
Copy-move_18ae91d871a2faaf89cb94f195f8ee1c,STFD,TruFor,Light,Copy-move,1080,2400,949,2108,0.8784104611578831,5162.641599999915,0.0,2864.4580078125,False,0.000740082259717833,0.3643979057591623,0.00147716443853956,0.0007391281261615249,0.0005811212226861771,0.0005819810070893246,0.6177524615273042,0.0016133433548924517,0.5510204081632653,955,0.00047738256388928324,0.0004814814814814815,470218,0.23505117741035705,492.37486910994767,0.23498940004611069,0.3880741596221924,0.9701058864593506,
Insertion_135c6ae8c915334783f2abd38edf4887,STFD,TruFor,Dark,Insertion,1080,2340,961,2082,0.8896008544727063,3884.418000000096,0.0,2867.32763671875,False,0.0,0.0,0.0,0.0,0.004305370779642174,0.004306722893822536,0.7569458327366468,0.010905143528082544,0.1020408163265306,4601,0.002299577869274421,0.0023171889838556506,100030,0.04999495202423828,21.740925885677026,0.050110184295068486,0.13387630879878998,0.9698132276535034,
Removal_1a1ed027e3bd93fde05f97995915dda9,STFD,TruFor,Light,Removal,1080,2376,953,2098,0.8828357307829559,5216.141099999959,0.0,2865.341796875,False,0.0,0.0,0.0,0.0,0.0052387608381261365,0.005241569702868668,0.8324616091854692,0.01568620162530608,0.2857142857142857,3163,0.001581979339739941,0.0015798416261379223,41533,0.02077279415662946,13.130888397091368,0.02080570835739952,0.1443643420934677,0.6231068968772888,
Replacement_107cf9e9d3be616086d6b47f7e3c5077,STFD,TruFor,Light,Replacement,1080,2340,961,2082,0.8896008544727063,3908.2926000000953,0.0,2867.32763671875,False,0.0,0.0,0.0,0.0,0.01376065289293344,0.013766883423612415,0.9340566321713089,0.0346242091357853,0.061224489795918366,3884,0.0019412215701503698,0.0019321779044001266,7047,0.003522087642855215,1.814366632337796,0.003528938093602241,0.033792659640312195,0.2045055776834488,
Splicing_2ceae21aa971b8c26829ce672a8f7a44,STFD,TruFor,Light,Splicing,1080,2340,961,2082,0.8896008544727063,3894.08729999991,0.0,2867.32763671875,False,0.0,0.0,0.0,0.0,0.038436173992010915,0.03843838144251256,0.8704277073404607,0.08797411848282086,0.1020408163265306,20040,0.010015983590580178,0.01010446343779677,14793,0.007393535192387853,0.7381736526946108,0.007468337942670548,0.05420680344104767,0.44829580187797546,
Copy-move_1be9b907ab51516c6f61d0f735fcc22b,STFD,TruFor,Light,Copy-move,1080,2340,961,2082,0.8896008544727063,3898.7428000000364,0.0,2867.32763671875,False,0.0999487442337263,0.3028146230993206,0.15029143049824178,0.08125141061476762,0.05721295449767285,0.05726532080846353,0.8058978404536743,0.16689875491480996,0.6122448979591836,15455,0.007724402514591649,0.007769072491294713,46824,0.023402615551163984,3.0296991264962796,0.02122752345056053,0.10699477046728134,0.7738082408905029,
Insertion_165c9b4142ea4501f78b94a43c92c5ff,STFD,TruFor,Light,Insertion,1080,2340,961,2082,0.8896008544727063,3904.7815999999784,0.0,2867.32763671875,False,0.0,0.0,0.0,0.0,0.005914399442599964,0.005916293738691739,0.7547090940200774,0.015222041311496345,0.16326530612244897,5565,0.0027813846647494356,0.0027441437163659385,13768,0.006881240622510373,2.47403414195867,0.00690043338209947,0.11713919788599014,0.4253796935081482,
Removal_1b14181bbb0000ee22b064d9ef40393a,STFD,TruFor,Light,Removal,1080,2340,961,2082,0.8896008544727063,3866.767799999934,0.0,2867.32763671875,False,0.015230488838326967,0.3598464070213933,0.029224069763556786,0.014828712546763566,0.00628285375179587,0.006287135520170682,0.7384218095377925,0.038220126712833355,0.5714285714285714,3646,0.0018222692700227208,0.0018190091801202912,86143,0.04305423525166408,23.62671420735052,0.042475900730839254,0.16932004690170288,0.9071341753005981,
Replacement_12b4b3511b85556659c76dea6463b2b0,STFD,TruFor,Light,Replacement,1080,2340,961,2082,0.8896008544727063,3897.483199999897,0.0,2867.32763671875,False,0.0,0.0,0.0,0.0,0.01034160875386601,0.010344338828082071,0.8233029369640286,0.028007992179586598,0.08163265306122448,7965,0.003980903657633289,0.004019863880974992,68782,0.03437721473689051,8.635530445699937,0.03451461409036464,0.07757514715194702,0.9776880741119385,
Splicing_319013e0aa0e47d42d2d25a4d435d1b1,STFD,TruFor,Light,Splicing,1080,2340,961,2082,0.8896008544727063,3892.029199999797,0.0,2867.32763671875,False,0.9964014394242303,0.05477605269520746,0.10384342922228551,0.054765218665299244,0.31489438974095313,0.3148684793584261,0.5571144578641503,0.2992572536063865,0.02040816326530612,272966,0.13642829225480582,0.13683998100664768,15006,0.007499992503006294,0.05497387953078405,3.125296613798995e-05,0.022044461220502853,0.3605467975139618,
Copy-move_1d7789707297e2e28fbac34c2db0cb99,STFD,TruFor,Light,Copy-move,1080,2340,961,2082,0.8896008544727063,3891.8321999999534,0.0,2867.32763671875,False,0.0947660406529944,0.06474462532620852,0.07693017589841081,0.04000383914003263,0.069436125155606,0.06944530054640254,0.8232990450240381,0.13619878928280865,0.24489795918367346,32188,0.01608754889289395,0.016051756885090217,21991,0.010991092571878677,0.6832049210886044,0.01011219060719877,0.0908607691526413,0.5183242559432983,
Insertion_186113238b1e1a29b72d99836e01e2cc,STFD,TruFor,Light,Insertion,1080,2340,961,2082,0.8896008544727063,3929.485399999976,0.0,2867.32763671875,False,0.0,0.0,0.0,0.0,0.0021760399519345844,0.0021768017500958556,0.5264192918408217,0.006369726400462384,0.12244897959183673,4550,0.002274088090675639,0.0022340930674264008,56541,0.028259168073602486,12.426593406593406,0.02832357838589517,0.18361780047416687,0.7475144863128662,
Removal_1dcdf7442e458478c64dced4ce999159,STFD,TruFor,Light,Removal,828,1792,828,1792,1.0,1415.4116999998223,0.0,2188.6611328125,False,0.0,0.0,0.0,0.0,0.0017144319064470845,0.0017155679796962311,0.3085416372790238,0.005283301942722554,0.0,3930,0.002648647774327122,0.002648647774327122,77433,0.05218644862836439,19.703053435114505,0.052325039227054705,0.09808532148599625,0.953226625919342,
Replacement_13bf7d2e3905bdd56116343721157289,STFD,TruFor,Light,Replacement,1080,2340,961,2082,0.8896008544727063,3900.324400000045,0.0,2867.32763671875,False,0.0,0.0,0.0,0.0,0.0019245514908028277,0.0019254534943197441,0.4339310669756319,0.005747908984784199,0.02040816326530612,4826,0.0024120327748572822,0.0023967236467236468,227766,0.11383735122215992,47.19560712805636,0.11411259454021491,0.16839499771595,0.980138897895813,
Splicing_35780335c3eb83674a31437003347615,STFD,TruFor,Light,Splicing,1080,2340,961,2082,0.8896008544727063,3940.655400000196,0.0,2867.32763671875,False,0.06006483669635824,0.20512157268494569,0.09292025028708022,0.0487238408887032,0.06410508823542617,0.06411235330555251,0.7940716743099241,0.1781896687904797,0.7755102040816326,38660,0.01932225177703741,0.019250553972776197,132024,0.06598553979854078,3.415002586652871,0.06324414848670483,0.1720770299434662,0.8690427541732788,
Copy-move_1e708a4aac7585ce6aa81e45f2a9e7f7,STFD,TruFor,Light,Copy-move,1080,2340,961,2082,0.8896008544727063,3873.9980000000287,0.0,2867.32763671875,False,0.0,0.0,0.0,0.0,0.01071243560521739,0.010714528394517656,0.6875172681542902,0.02871193786980676,0.04081632653061224,14843,0.007418525171406266,0.00743391896169674,146246,0.07309368943053836,9.852859933975612,0.073639989546612,0.11455924063920975,0.988448977470398,
Insertion_19cb18df5b19793b86f2a129384bd597,STFD,TruFor,Light,Insertion,1080,2340,961,2082,0.8896008544727063,3880.617399999892,0.0,2867.32763671875,False,0.0015599251235940675,0.0737518910741301,0.003055229142185664,0.0015299517476756502,0.004046953412409137,0.004049175957730347,0.8500378279181814,0.010598139778157583,0.26530612244897955,2644,0.001321470090493712,0.0013524849635960746,125006,0.06247794634351625,47.279122541603634,0.062463028449201714,0.1982802152633667,0.8738792538642883,
Removal_2285cf28a2ee96e7bc1a5f39f1f78e13,STFD,TruFor,Light,Removal,1080,2340,961,2082,0.8896008544727063,3909.122100000104,0.0,2867.32763671875,False,0.0,0.0,0.0,0.0,0.0025231267287646785,0.0025240188113874627,0.4262119807125307,0.006882178050201729,0.04081632653061224,6398,0.003197717715196206,0.003190487496043052,124730,0.06234000165933461,19.495154735854953,0.06253998688329947,0.1309005171060562,0.9264370203018188,
Replacement_1bb423db103d5ffb4e83eda7809b6bca,STFD,TruFor,Dark,Replacement,1080,2340,961,2082,0.8896008544727063,3902.9158000000734,0.0,2867.32763671875,False,0.0,0.0,0.0,0.0,0.005818638031535304,0.005822173973585238,0.8867229910129311,0.015377244626256484,0.04081632653061224,2753,0.0013759482447538538,0.0013782051282051281,6139,0.003068269623880824,2.2299309843806756,0.0030724972210391236,0.026585927233099937,0.29997286200523376,
Splicing_3c286f1f8a1549b76581cb94bacef48c,STFD,TruFor,Light,Splicing,1080,2340,961,2082,0.8896008544727063,3917.604600000004,0.0,2867.32763671875,False,0.0,0.0,0.0,0.0,0.04114027991987568,0.04114505197991563,0.855862205100365,0.1047412363223828,0.061224489795918366,26518,0.013253685272205846,0.01327397910731244,107711,0.05383391260104698,4.061807074440003,0.05455699382662271,0.078879214823246,0.9619536399841309,
Copy-move_27c60798e94c9a40ee8950c4621143c1,STFD,TruFor,Light,Copy-move,1080,2340,961,2082,0.8896008544727063,3931.053600000041,0.0,2867.32763671875,False,0.19623563547512693,0.20488699326344323,0.2004680187207488,0.11140008669267447,0.1536584862464057,0.15368847476624048,0.9365864964004018,0.20734436983356602,0.8979591836734693,25087,0.012538472072698847,0.0125664767331434,26193,0.013091250408586157,1.0440865787061027,0.010655889133807255,0.030865564942359924,0.9038524031639099,
Insertion_1c0c908ea34f79f33a84ca8de2acbacb,STFD,TruFor,Light,Insertion,1080,2340,961,2082,0.8896008544727063,3872.278599999845,0.0,2867.32763671875,False,0.0,0.0,0.0,0.0,0.012277067082801157,0.012279257777685671,0.8133314393320169,0.03406758877459608,0.08163265306122448,8082,0.004039380208536377,0.003945473251028807,10679,0.00533735971875278,1.3213313536253402,0.005359006784696294,0.04086989164352417,0.3203991651535034,
Removal_32d1ea24572bd1a17881ef0ef960fa41,STFD,TruFor,Light,Removal,1080,2340,961,2082,0.8896008544727063,3899.6574999998757,0.0,2867.32763671875,False,0.0,0.0,0.0,0.0,0.00138917279382069,0.001389972186088005,0.4652840625862358,0.00403588150904132,0.04081632653061224,3237,0.0016178512416520974,0.0016508388730610954,20251,0.010121441302037883,6.256101328390485,0.010137842823637779,0.08800946921110153,0.5028497576713562,
Replacement_1f01e64b8436911b1ef600ae888c3937,STFD,TruFor,Light,Replacement,1080,2340,961,2082,0.8896008544727063,3894.715299999916,0.0,2867.32763671875,False,6.371007959366151e-05,0.003046858583736079,0.00012481036356398146,6.24090764317503e-05,0.004631072062759771,0.004631771727453899,0.5339974221124879,0.012168637463421696,0.061224489795918366,9518,0.004757092405945216,0.004744381133270022,455187,0.22750227158909278,47.82380752258878,0.22857513041836322,0.28258055448532104,0.9689618349075317,
Splicing_3cf875336d623c6a903ec2e8fedaff86,STFD,TruFor,Light,Splicing,1080,2340,961,2082,0.8896008544727063,3903.2928999999967,0.0,2867.32763671875,False,0.0011199683773634626,0.0010350076103500762,0.001075813188204025,0.0005381960933295343,0.024944097436906027,0.024947704181995125,0.8428022264104791,0.05907073962122918,0.12244897959183673,16425,0.008209208107548873,0.008297720797720797,15179,0.007586457830410006,0.9241400304414003,0.007640685212537739,0.0814734697341919,0.40216559171676636,
Copy-move_2becda72bf85d5f83f8cfb69f1727a11,STFD,TruFor,Dark,Copy-move,2340,1080,2082,961,0.8896008544727063,3919.078000000127,0.0,2867.32763671875,False,0.2064415792906236,0.2695603186248821,0.23381611768649888,0.13238492323926443,0.2701590679469478,0.2701560048905326,0.8801013544339149,0.2863931528417117,0.14285714285714285,76328,0.03814870237034949,0.038172681228236784,99665,0.04981252517740386,1.305746253013311,0.04109694389220119,0.09792530536651611,0.8572365045547485,
Insertion_21125b5b515ef775a9e4782ac11a5345,STFD,TruFor,Light,Insertion,1080,2340,961,2082,0.8896008544727063,3874.6951000000536,0.0,2867.32763671875,False,0.002263719453307889,0.06763619575253925,0.0043808171046237805,0.0021952169743466796,0.003076137859574765,0.0030802144291498094,0.6123921118049441,0.017641996557659207,0.836734693877551,4332,0.0021651317821553555,0.002147040202595758,129433,0.06469055908580659,29.878347183748847,0.06468416755573587,0.20058490335941315,0.7457501292228699,
Removal_33ffd2e329b341693c8890afbe0d587e,STFD,TruFor,Light,Removal,1080,2340,961,2082,0.8896008544727063,3932.7785000000404,0.0,2867.32763671875,False,0.0102640930756117,1.0,0.02031962364289136,0.0102640930756117,0.03869698826337388,0.038710198946823385,0.9304015557763418,0.1287609468481748,0.8979591836734693,7550,0.003773486831780456,0.0037591009813232037,735574,0.36763957652981155,97.42701986754967,0.36524433438421233,0.44609886407852173,0.9625440835952759,
Replacement_273961d709077c1a33020f1e8656d0ef,STFD,TruFor,Light,Replacement,1080,2340,961,2082,0.8896008544727063,3901.4362999998866,0.0,2867.32763671875,False,0.006726676961319724,0.26897590361445783,0.01312511482638251,0.006605909070734269,0.008196071806217661,0.00827133747171801,0.8539251993561098,0.02923116838190781,0.836734693877551,3320,0.001659334606822664,0.0016441120607787274,132755,0.06635089329178999,39.98644578313253,0.06601411176671429,0.2483348697423935,0.7500155568122864,
Splicing_3d8c57f9259ac46733cb1257810cc478,STFD,TruFor,Light,Splicing,1080,2340,961,2082,0.8896008544727063,3906.5422999999555,0.0,2867.32763671875,False,0.0,0.0,0.0,0.0,0.03776186038824357,0.03776366936020668,0.7089619298351452,0.09577148548782598,0.061224489795918366,47739,0.02385993216720095,0.02374446027223805,298148,0.14901424528763965,6.245375898112655,0.1526566219318066,0.17466333508491516,0.9847729206085205,
Copy-move_2ed1db0bf7a1dac0cb11df858b4844d0,STFD,TruFor,Light,Copy-move,1080,2340,961,2082,0.8896008544727063,3923.838700000033,0.0,2867.32763671875,False,0.0,0.0,0.0,0.0,0.015780816227454485,0.015783000276797528,0.6081656135528491,0.04040429389732039,0.04081632653061224,27669,0.013828954589209727,0.013952200063311174,26926,0.0134576035009961,0.9731468430373342,0.01364631781030473,0.07017463445663452,0.5816973447799683,
Insertion_2e940bf898d59b6cfaf732c16e66d1af,STFD,TruFor,Dark,Insertion,1080,2340,961,2082,0.8896008544727063,3907.0193000000017,0.0,2867.32763671875,False,0.010876966964203552,0.8844657288237054,0.02148965878348896,0.010861534729343788,0.026362858166004966,0.02638279338386114,0.9391680749037152,0.07005366726296959,0.9387755102040816,3341,0.0016698303980103978,0.0016888255777144667,271675,0.1357830509965504,81.31547440885963,0.1345307868338856,0.19223053753376007,0.9431030750274658,
Removal_344807aaed9e1ff806320ccb80c0da74,STFD,TruFor,Light,Removal,1080,2340,961,2082,0.8896008544727063,3869.492300000047,0.0,2867.32763671875,False,0.0,0.0,0.0,0.0,0.0023361249334038843,0.0023373381421940664,0.4645259742428614,0.006428180917343417,0.02040816326530612,5552,0.002774887270204648,0.0028304051915163026,13148,0.006571364882682044,2.368155619596542,0.0065896504197468985,0.045399077236652374,0.32934504747390747,
Replacement_30c6045b2e094d8c96d16a2859947a65,STFD,TruFor,Light,Replacement,1080,2376,953,2098,0.8828357307829559,5177.341599999863,0.0,2865.341796875,False,0.0022922222372630504,0.2825361512791991,0.004547550096903995,0.0022789568837507683,0.0023614213088249134,0.0023640252687524028,0.8120170167845421,0.005838038654892306,0.32653061224489793,1798,0.0008992724795613071,0.0008877353784761192,221619,0.11084308545489283,123.25862068965517,0.11068854763425638,0.24595293402671814,0.7901440262794495,
Splicing_41a5a0299fd7aae6015e98f76f2b2726,STFD,TruFor,Light,Splicing,1080,2340,961,2082,0.8896008544727063,3910.1740999999492,0.0,2867.32763671875,False,0.0,0.0,0.0,0.0,0.02612759510799386,0.026129215010413685,0.6896243380639009,0.05965983160284036,0.04081632653061224,35650,0.017817855040128908,0.01780508072174739,129906,0.06492696428732078,3.643927068723703,0.066104810213154,0.10465676337480545,0.9869202971458435,
Copy-move_32f588215a860b8771c8e4fd3307c667,STFD,TruFor,Light,Copy-move,1080,2340,961,2082,0.8896008544727063,3896.616500000164,0.0,2867.32763671875,False,0.008497562541271056,0.7501161170459824,0.016804755277499576,0.008473575822763224,0.00589797040477327,0.005900218968891559,0.827729268941145,0.01671512488951762,0.4897959183673469,4306,0.0021521369930657805,0.002148622981956315,380109,0.18997831869420362,88.27426846261031,0.18877022543496205,0.39126691222190857,0.7335619330406189,
Insertion_362d7336a54745078320d0ec5a77b1a6,STFD,TruFor,Light,Insertion,1080,2340,961,2082,0.8896008544727063,3921.5383999999176,0.0,2867.32763671875,False,0.0030748384406920994,0.03837576658613641,0.005693489019699748,0.002854871599903225,0.01269471861674805,0.012696240670658849,0.7979224982617487,0.030337492056059137,0.1020408163265306,10762,0.005378843083923347,0.005364039252928142,134316,0.06713108043674487,12.480579817877718,0.0672865872042773,0.11251940578222275,0.9871167540550232,
Removal_3c3641bcc680fc2a3d47412ef0a92efb,STFD,TruFor,Light,Removal,1080,2400,949,2108,0.8784104611578831,5163.692600000104,0.0,2864.4580078125,False,0.0,0.0,0.0,0.0,0.014235784049779631,0.014237586376066287,0.6224081930324713,0.03354460556636139,0.04081632653061224,23414,0.011704120786286574,0.01169212962962963,9916,0.004956780631964536,0.42350730332279835,0.005015482444294054,0.056412629783153534,0.24269598722457886,
Replacement_3347e39afe7ec929d9f3d18fd2b70dd7,STFD,TruFor,Light,Replacement,1080,2340,961,2082,0.8896008544727063,3912.981400000035,0.0,2867.32763671875,False,6.088650754992694e-05,0.0008778089887640449,0.0001138744647900155,5.694047442803293e-05,0.00595325054267095,0.005954948115622095,0.7613800205848796,0.015792360844628615,0.26530612244897955,5696,0.002846858409777679,0.002850585628363406,82120,0.04104354153984252,14.417134831460674,0.04115821415002511,0.19257280230522156,0.7895352840423584,
Splicing_43bb172f9e960c96039da62e14bf7213,STFD,TruFor,Light,Splicing,1080,2400,949,2108,0.8784104611578831,5150.446699999975,0.0,2864.4580078125,False,0.0,0.0,0.0,0.0,0.036941313251725505,0.03694477264387624,0.7825575667006162,0.11177732953865141,0.12244897959183673,19545,0.009770096556247164,0.009707175925925926,5281,0.0026398505967531985,0.2701969813251471,0.0026658966645750743,0.058020301163196564,0.19199657440185547,
Copy-move_3a206914dbb7b3a1679c74e85cec8125,STFD,TruFor,Light,Copy-move,1080,1920,1061,1886,0.9820927516479826,4482.101900000089,0.0,2866.94287109375,False,0.06147853672248323,0.1256462864177267,0.08256039689387402,0.04305762578395253,0.04164084528945548,0.041663324924678655,0.9102506527462106,0.08852655796739022,0.7142857142857142,12185,0.006089315288104321,0.006195987654320988,24903,0.012444991269566018,2.0437423061140745,0.011751449699099133,0.0899319052696228,0.524743914604187,
Insertion_3645aebd52bac144e5842037bb41e233,STFD,TruFor,Light,Insertion,1080,2400,949,2108,0.8784104611578831,5163.675399999875,0.0,2864.4580078125,False,0.0,0.0,0.0,0.0,0.0013038467729687068,0.0013051573284557068,0.7748937551102005,0.003492247533831148,0.12244897959183673,1281,0.0006403424757509652,0.0006354166666666666,99273,0.04962429242406368,77.49648711943794,0.0496560893272396,0.11226068437099457,0.8556865453720093,
Removal_3e5cf4b29e3d31e24de7c21fbac1cfcd,STFD,TruFor,Light,Removal,1080,2340,961,2082,0.8896008544727063,3901.7979000000196,0.0,2867.32763671875,False,0.0,0.0,0.0,0.0,0.005705641526036596,0.005708589080632831,0.8295557822491004,0.018781091952833378,0.16326530612244897,3376,0.0016873233833232873,0.0017276036720481165,70589,0.035280352578615976,20.909063981042653,0.035339982557551566,0.06459785252809525,0.9710438847541809,
Replacement_39ed87e88326905cde6cf173e92edf4e,STFD,TruFor,Light,Replacement,1080,2340,961,2082,0.8896008544727063,3866.0636999998133,0.0,2867.32763671875,False,0.0037070433824266105,0.1948833709556057,0.007275689645485701,0.0036511270564021595,0.0042799585068502,0.004286276527621573,0.9155819770699195,0.011414170155684729,0.3061224489795918,1329,0.0006642336423094339,0.0007027540360873694,69867,0.034919497281590085,52.57110609480813,0.03481317327115695,0.09596956521272659,0.8048722743988037,
Splicing_469e61730a5401ed634e7b89bed03e7f,STFD,TruFor,Light,Splicing,1080,2340,961,2082,0.8896008544727063,3912.5016000000414,0.0,2867.32763671875,False,0.0,0.0,0.0,0.0,0.01231706309972059,0.01231855528830678,0.24403321946896506,0.04013372684733962,0.0,40972,0.020477788406848853,0.020370370370370372,414061,0.2069475140468672,10.10595040515474,0.21127393702515013,0.27354511618614197,0.9911741018295288,
Copy-move_3a34f6008034ae09e4fda26795eb768e,STFD,TruFor,Light,Copy-move,1080,2340,961,2082,0.8896008544727063,3907.818799999859,0.0,2867.32763671875,False,0.04660888616812192,0.4365117682558841,0.08422462228173852,0.043963725216080524,0.031373260747875414,0.03137568632762526,0.6731130277165428,0.08508194334341784,0.4897959183673469,33140,0.016563358093404545,0.016646090534979424,310370,0.15512279575890067,9.365419432709716,0.15038355164657344,0.3449825346469879,0.7148281931877136,
Insertion_3b33e341ecbfd853ee0c2c0b56a0dd2c,STFD,TruFor,Light,Insertion,1080,2340,961,2082,0.8896008544727063,3904.104099999813,0.0,2867.32763671875,False,0.05969701514924254,0.1644854663176746,0.0876008804108584,0.045806798127829354,0.028265605859494877,0.0282811439460735,0.8481970712095466,0.11299689878770793,0.6530612244897959,7259,0.0036280451538932886,0.0036186293130737574,20001,0.009996491406945815,2.755338200854112,0.009433957531891713,0.09625604003667831,0.500011682510376,
Removal_3ee85beb1a2e286eebac275c402afe14,STFD,TruFor,Light,Removal,1080,2376,953,2098,0.8828357307829559,5208.171199999924,0.0,2865.341796875,False,0.0,0.0,0.0,0.0,0.011680126388955736,0.011681514614689322,0.5172205496011435,0.02573605545312953,0.1020408163265306,23837,0.011922112400057217,0.011906098017209129,39492,0.019751984851409977,1.6567521080672905,0.019990311593135506,0.1624375879764557,0.6595125794410706,
Replacement_3a1697a39157c794f673960e22c5f0ff,STFD,TruFor,Light,Replacement,1080,2340,961,2082,0.8896008544727063,3906.87899999989,0.0,2867.32763671875,False,0.0,0.0,0.0,0.0,0.009816877654743629,0.009820342019493633,0.8998932143617995,0.02579857750094693,0.1020408163265306,4026,0.0020121931105626643,0.0020322886989553655,70372,0.03517189606967606,17.479384003974168,0.03524281141199614,0.06408149749040604,0.9713550209999084,
Splicing_46cb84cee11284c9197a42bd71ad5370,STFD,TruFor,Dark,Splicing,1080,2340,961,2082,0.8896008544727063,3909.7426000000723,0.0,2867.32763671875,False,0.23009593512016616,0.3437880970852266,0.2756802393613082,0.1598776779425155,0.1053073836670401,0.10531673869469764,0.793499702587533,0.27677004988634457,0.5102040816326531,27069,0.013529074840988763,0.01339031339031339,40444,0.020213894228414405,1.4941076508182791,0.01577619667908476,0.1710382103919983,0.7121526598930359,
Copy-move_3d05464b25b364292a5b1f0db14017ca,STFD,TruFor,Light,Copy-move,1080,2340,961,2082,0.8896008544727063,3922.953000000007,0.0,2867.32763671875,False,0.0,0.0,0.0,0.0,0.023987350316859037,0.023988987114754157,0.6939305500916945,0.05225628670472464,0.18367346938775508,31722,0.015854642288442335,0.015925134536245646,24327,0.012158624391618961,0.7668810289389068,0.012354500578950576,0.19078785181045532,0.5353808999061584,
Insertion_3eb9b916d3a717a74bcaf828f27c6f20,STFD,TruFor,Light,Insertion,1080,2340,961,2082,0.8896008544727063,3994.3080999998983,0.0,2867.32763671875,False,0.0,0.0,0.0,0.0,0.004215966156116365,0.004218349536851092,0.8308155608305271,0.011323181596139856,0.14285714285714285,2842,0.00142043040740663,0.0014248971193415638,48683,0.0243317429710686,17.129838142153414,0.02436635368075437,0.09979225695133209,0.9530740976333618,
Removal_3fe0571b313f1c99760b4931e4ebe403,STFD,TruFor,Light,Removal,750,1334,750,1334,1.0,878.9058000002115,0.0,1569.3857421875,False,0.0,0.0,0.0,0.0,0.0008879209042403032,0.0008886740622771156,0.1815237125593299,0.0031569510444574575,0.2040816326530612,1542,0.0015412293853073462,0.0015412293853073462,93065,0.09301849075462269,60.35343709468223,0.09316207488202707,0.3517531454563141,0.7686859369277954,
Replacement_3fe03d38bd08a491194a4cc86ddf0dd2,STFD,TruFor,Light,Replacement,1080,2340,961,2082,0.8896008544727063,4053.4147999999277,0.0,2867.32763671875,False,0.0,0.0,0.0,0.0,0.006137110352421988,0.006138796232830564,0.7806331297249515,0.014880046186271447,0.12244897959183673,5933,0.0029653109103249596,0.0029388255777144665,49744,0.02486203032583934,8.384291252317546,0.02493597323934554,0.1143590584397316,0.8650591373443604,
Splicing_4782cf0d10fc1c2909e52a8ad085c573,STFD,TruFor,Light,Splicing,1080,2340,961,2082,0.8896008544727063,4746.147399999927,0.0,2867.32763671875,False,0.6889510779436152,0.13367252543940797,0.22390271836157244,0.12606444516092324,0.26536558875572913,0.2653693685553223,0.8800922661714633,0.32474542758279784,0.24489795918367346,49726,0.02485303393339271,0.024914925609370055,9648,0.0048220663513930916,0.1940232473957286,0.0015381256291400233,0.10269439965486526,0.4431374967098236,
Copy-move_3d6b07b73af1b86b01f2909b93dd5248,STFD,TruFor,Light,Copy-move,1080,2340,961,2082,0.8896008544727063,3873.9665000000514,0.0,2867.32763671875,False,0.0,0.0,0.0,0.0,0.01844155719420402,0.018444278396621352,0.6404603971190789,0.04916919890973854,0.02040816326530612,29815,0.014901524488680038,0.014996834441278886,128367,0.06415777273313401,4.305450276706356,0.06512828344377715,0.09545805305242538,0.992304265499115,
Insertion_43200379c29550fc0a8c81f8902ad9c2,STFD,TruFor,Light,Insertion,1080,2340,961,2082,0.8896008544727063,3939.3185000001267,0.0,2867.32763671875,False,0.0,0.0,0.0,0.0,0.0026898175837309865,0.002691253147242679,0.5938453439721589,0.0075837170084051605,0.02040816326530612,4750,0.0023740480067492935,0.0023547799936688824,151799,0.07586907650032337,31.957684210526317,0.07604962195373667,0.11081096529960632,0.9733455777168274,
Removal_4196a3dc95c72c98d0c751ab58351bc1,STFD,TruFor,Light,Removal,1080,2340,961,2082,0.8896008544727063,3910.4262999999264,0.0,2867.32763671875,False,0.0,0.0,0.0,0.0,0.0035319966539546226,0.0035390975771356233,0.16200310369858345,0.012897087478920323,0.0,12986,0.006490397350662385,0.006462883823994935,79296,0.03963210752488252,6.106268288926536,0.03989101606989782,0.10621345043182373,0.845364511013031,
Replacement_448ac13a43c9470e5968e78d5fda5b02,STFD,TruFor,Light,Replacement,1080,2340,961,2082,0.8896008544727063,3926.3621000000057,0.0,2867.32763671875,False,0.0,0.0,0.0,0.0,0.005339081320452002,0.005340574327600689,0.6094954714971478,0.015200891194259212,0.04081632653061224,9182,0.004589159746941476,0.004480848369737259,118311,0.059131788152950664,12.885101285123067,0.05940440445466505,0.11288902908563614,0.9445636868476868,
Splicing_4784889127df8da6b92455aedffb8447,STFD,TruFor,Light,Splicing,1080,2400,949,2108,0.8784104611578831,5213.076799999953,0.0,2864.4580078125,False,0.0,0.0,0.0,0.0,0.02951762936456264,0.029519932799367658,0.7919356682063173,0.07106009277538121,0.24489795918367346,24075,0.012034539503282192,0.011969135802469135,18271,0.009133253219707952,0.758920041536864,0.009244506599568816,0.12284504622220993,0.49114811420440674,
Copy-move_406b73ae3f78d460a5ff481bcce3259d,STFD,TruFor,Dark,Copy-move,2340,1080,2082,961,0.8896008544727063,3903.833199999781,0.0,2867.32763671875,False,0.03444929645803008,0.017317398075010787,0.02304849423163362,0.011658603746415894,0.07714330876520716,0.07714633921506411,0.8404091394499505,0.16993869791262511,0.08163265306122448,53299,0.026638817834048548,0.02661047799936689,26793,0.01339113015680712,0.5026923582055949,0.013283676584837097,0.06270383298397064,0.5543657541275024,
Insertion_4901951a082616a741962369fbf7c3e3,STFD,TruFor,Light,Insertion,1080,2340,961,2082,0.8896008544727063,3930.0080000000435,0.0,2867.32763671875,False,0.06013661868748475,0.08508802209181912,0.07046883933676387,0.036521223794355136,0.030742203792347947,0.03075617467370992,0.9113983774038488,0.08720303906560073,0.4081632653061224,5794,0.00289583876865377,0.0029071699905033237,8198,0.004097356959859097,1.414911977908181,0.0038621399011933787,0.06033877283334732,0.3440096378326416,
Removal_41c86d92b81e2266cf95e08d27760d5b,STFD,TruFor,Light,Removal,1080,2400,949,2108,0.8784104611578831,5181.9748999998865,0.0,2864.4580078125,False,0.0,0.0,0.0,0.0,0.0009382229340151574,0.0009392381509029749,0.455154289553215,0.0029429245404910534,0.02040816326530612,2268,0.0011337211046082664,0.0011084104938271606,49550,0.024768906848915168,21.847442680776012,0.024797019753541146,0.06359913945198059,0.8249487280845642,
Replacement_48efaffe794b7a48d7eaf6f93bdc5430,STFD,TruFor,Light,Replacement,1080,2340,961,2082,0.8896008544727063,3920.5994999999803,0.0,2867.32763671875,False,1.7281305084159957e-05,0.00019065776930409913,3.169019663767014e-05,1.584534938995405e-05,0.004004849227604049,0.004006193392658198,0.7039153633275826,0.010082513169995085,0.26530612244897955,5245,0.0026214487990315885,0.0026096074707185816,57866,0.028921402517590445,11.032602478551,0.02899691665033873,0.2573937475681305,0.7011348009109497,
Splicing_47d1a49e9244e96495f2f5722ec10b72,STFD,TruFor,Light,Splicing,1080,2400,949,2108,0.8784104611578831,6052.669599999945,0.0,2864.4580078125,False,0.012872832844896058,0.008376552781193747,0.010148995897214423,0.005100379815518177,0.08289661797363242,0.08289971206472575,0.7012465745715925,0.1739922044400798,0.04081632653061224,112218,0.05609520058065716,0.05586342592592593,73022,0.03650202050295627,0.6507155714769467,0.03817348541578182,0.07595168054103851,0.9334055185317993,
Copy-move_432601168d1badabf5b368b6879a75a8,STFD,TruFor,Light,Copy-move,1080,2316,966,2071,0.8941983055272923,6226.136499999939,0.0,2863.7060546875,False,0.3065588366226443,0.0382717238670762,0.06804811689295572,0.03522246981820166,0.27145887775138794,0.2714712951396517,0.5051542416552148,0.42497354730623405,0.0,539798,0.2698199427567723,0.2692457461779569,67390,0.03368513025683475,0.12484299682473814,0.03199026826616867,0.05190405249595642,0.9763754606246948,
Insertion_4a189cecc589437f29c4880d58bdcb27,STFD,TruFor,Light,Insertion,1536,2048,1225,1633,0.7973599423122324,3915.3627999999117,0.0,2867.2373046875,False,0.0,0.0,0.0,0.0,0.0014377741524357471,0.0014394297595714508,0.770257105774905,0.0030275973658089985,0.04081632653061224,1461,0.0007303448017296324,0.0007406870524088541,71045,0.0355149530724721,48.62765229295003,0.03554091019147919,0.06185295060276985,0.9839069843292236,
Removal_42a63471bc930300c4511623e637dc2c,STFD,TruFor,Light,Removal,1080,2340,961,2082,0.8896008544727063,3941.807499999868,0.0,2867.32763671875,False,0.0,0.0,0.0,0.0,0.0017208458584435085,0.0017220349271303774,0.5240699042150541,0.004434475651657558,0.02040816326530612,3672,0.0018352640591122959,0.0018431465653687875,100560,0.050259845801833465,27.38562091503268,0.0503522554866233,0.07997725903987885,0.9769161343574524,
Replacement_4b46476bd4013dc3c0f7b973e265603d,STFD,TruFor,Light,Replacement,1080,2340,961,2082,0.8896008544727063,3948.1455000000096,0.0,2867.32763671875,False,0.0,0.0,0.0,0.0,0.008132284234147297,0.008134251124962699,0.7915272357186763,0.02181942322073024,0.1020408163265306,7524,0.003760492042690881,0.003774137385248496,37677,0.018830948789535396,5.007575757575758,0.01890202972189529,0.10005517303943634,0.6473944783210754,
Splicing_49923f62157539754915e7d76b0cdfc8,STFD,TruFor,Light,Splicing,1080,2400,949,2108,0.8784104611578831,5174.908399999822,0.0,2864.4580078125,False,0.0,0.0,0.0,0.0,0.028181741026575814,0.02818589996936232,0.8999929336467553,0.06535795026375282,0.061224489795918366,11735,0.005866056949990302,0.005792824074074074,20168,0.010081519946093262,1.7186195142735408,0.010141007674643005,0.03839728981256485,0.5302883982658386,
Copy-move_43a86e81f1b9fb7146931efbb0950e2a,STFD,TruFor,Light,Copy-move,1080,2316,966,2071,0.8941983055272923,6266.266500000029,0.0,2863.7060546875,False,0.0,0.0,0.0,0.0,0.010524239069520018,0.01052570987065852,0.6117458064814932,0.027495234914209424,0.18367346938775508,18161,0.009077840192823502,0.009125727627454743,36630,0.01830963527686388,2.016959418534222,0.01847736988788983,0.20422255992889404,0.5617001056671143,
Insertion_4a2cd434b49b43d5fb1ad32365137fbe,STFD,TruFor,Light,Insertion,1080,2340,961,2082,0.8896008544727063,3922.2117000001617,0.0,2867.32763671875,False,0.0,0.0,0.0,0.0,0.006083734250945436,0.00608610437967102,0.775913614695925,0.014171161054612745,0.04081632653061224,6056,0.0030267862587102573,0.0030037195314973095,71512,0.03574166759129589,11.808454425363276,0.03585017841870594,0.06221718341112137,0.9330726861953735,
Removal_432be66d42e290756d9d9c7a70f32933,STFD,TruFor,Light,Removal,1080,2340,961,2082,0.8896008544727063,3935.244700000112,0.0,2867.32763671875,False,8.566093119142934e-06,0.00019410356503547782,1.6408072407000415e-05,8.204103510262422e-06,0.013425011954900066,0.01342623933913697,0.17197806730083345,0.04606458599295624,0.16326530612244897,46367,0.023174207142935683,0.02321897752453308,1050654,0.5251164283122468,22.65952077986499,0.537569681263383,0.5229160189628601,0.8878002762794495,
Replacement_4d4af9af572060eaccee07e1e59ed4b4,STFD,TruFor,Dark,Replacement,1080,2340,961,2082,0.8896008544727063,3907.348200000115,0.0,2867.32763671875,False,0.0,0.0,0.0,0.0,0.004337923097342843,0.004338833932218671,0.5841892121296879,0.011980412171141493,0.18367346938775508,8052,0.004024386221125329,0.00399335232668566,146078,0.07300972310103648,18.141828117237953,0.07330472964496298,0.2371257245540619,0.9764249324798584,
Splicing_4c5a5a8443deff15f0daf7621bdc4255,STFD,TruFor,Light,Splicing,1080,2340,961,2082,0.8896008544727063,4797.240300000112,0.0,2867.32763671875,False,0.0,0.0,0.0,0.0,0.04018848301824989,0.0401919378567029,0.6606215039495805,0.10026871552500558,0.04081632653061224,60840,0.030407806469605687,0.030330009496676164,288715,0.14429963584602573,4.745479947403024,0.14882508007888814,0.16578593850135803,0.982328474521637,
Copy-move_441db7c454301c287cb688a79d845dcf,STFD,TruFor,Light,Copy-move,1080,2376,953,2098,0.8828357307829559,5229.295800000045,0.0,2865.341796875,False,0.051499272869970684,0.7188271936419289,0.09611269870901964,0.0504823466409214,0.05536052004823162,0.05544198591723897,0.9287207891028989,0.11314961234359408,0.5510204081632653,9311,0.004656911044046346,0.004628850230702083,129963,0.06500119536219474,13.958006658790678,0.06194214010169425,0.3162802755832672,0.6968927383422852,
Insertion_4c512461a6e33a0b3a17f20b36e9f49e,STFD,TruFor,Light,Insertion,1080,2400,949,2108,0.8784104611578831,5198.740999999927,0.0,2864.4580078125,False,0.013883379611265371,0.5997734032006798,0.027138563674696088,0.01375594006502808,0.011500763475086061,0.011504920204896702,0.8372133762295666,0.029676851228130914,0.5306122448979591,7061,0.0035296317105991924,0.00351195987654321,305041,0.15248298918466058,43.200821413397534,0.1508986265388669,0.303262859582901,0.8280738592147827,
Removal_4923f85c8c858108c191ede620a5fdbd,STFD,TruFor,Light,Removal,1080,2340,961,2082,0.8896008544727063,3902.8990000001613,0.0,2867.32763671875,False,0.0143733052878596,0.14408663845657319,0.02613911369018189,0.013242632179134779,0.01661973884190624,0.01662080347563201,0.40741371957431305,0.041243632912428926,0.08163265306122448,41829,0.020906116647224464,0.02086182336182336,419319,0.20957546024044357,10.024600157785269,0.21097381127764395,0.41077882051467896,0.7048847675323486,
Replacement_4e025cbb292adbd3278b1a29431a685b,STFD,TruFor,Light,Replacement,1080,2340,961,2082,0.8896008544727063,3902.3374999999305,0.0,2867.32763671875,False,0.0,0.0,0.0,0.0,0.0029223141671978633,0.0029234504178863754,0.5939263292291078,0.007774351627809467,0.08163265306122448,5237,0.0026174504023886423,0.0026230610952833176,46719,0.023350136595225314,8.920947107122398,0.02341141481234638,0.1050611212849617,0.9175218343734741,
Splicing_4cbf6ceef4d60514ebcbc277805a8256,STFD,TruFor,Light,Splicing,1080,2340,961,2082,0.8896008544727063,3928.5721999999623,0.0,2867.32763671875,False,0.4411229946524064,0.1320146273935553,0.20321362804934381,0.11309838009775627,0.35731188647853207,0.3573006360874235,0.9219930790472463,0.47148264630798903,0.061224489795918366,124971,0.06246045335820336,0.06231718898385565,37400,0.018692504305773384,0.29926943050787785,0.011142794846657296,0.04655928909778595,0.8172414898872375,
Copy-move_44f21890a407323bc8aee0b0523552a3,STFD,TruFor,Light,Copy-move,1080,2340,961,2082,0.8896008544727063,3920.2827999999954,0.0,2867.32763671875,False,0.0,0.0,0.0,0.0,0.02352011447212615,0.023525016208754482,0.8963878876950574,0.042793982128620095,0.04081632653061224,10704,0.005349854708261987,0.0054051915163026275,20853,0.010422320649419583,1.9481502242152466,0.010478378451714438,0.029363522306084633,0.7124606966972351,
Insertion_5013885c6d44e791b00a07e44068cbc6,STFD,TruFor,Light,Insertion,1080,2340,961,2082,0.8896008544727063,3955.336200000147,0.0,2867.32763671875,False,0.0,0.0,0.0,0.0,0.004758910966753504,0.004760346670211322,0.6740998951707398,0.012217419737386487,0.04081632653061224,6869,0.0034331233175496625,0.003404954099398544,128237,0.06409279878768613,18.668947445042946,0.06431359529131621,0.10935116559267044,0.9863916039466858,
Removal_496e938dc7787a5150f7c6ed80b3342b,STFD,TruFor,Light,Removal,1080,2400,949,2108,0.8784104611578831,5200.745600000118,0.0,2864.4580078125,False,0.0,0.0,0.0,0.0,0.0009572612317510355,0.000958337829388912,0.419682061026507,0.002401521396257521,0.0,2405,0.0012022042577525928,0.0012029320987654321,189591,0.09477218604223361,78.83201663201663,0.09488625870645272,0.11588136851787567,0.9914873838424683,
Replacement_4e544d2a00d29c00f1e5a000dbfaf3ce,STFD,TruFor,Light,Replacement,1080,2340,961,2082,0.8896008544727063,3952.510000000075,0.0,2867.32763671875,False,0.0001190665184949992,0.0009411764705882353,0.00021139042049077812,0.00010570638290375434,0.00999843753416127,0.009999993497086326,0.7100729513012699,0.02361767741377286,0.04081632653061224,12750,0.0063724446496954724,0.0063841405508072175,100784,0.05037180090783596,7.904627450980392,0.05068881498069467,0.09861508011817932,0.9838813543319702,
Splicing_4d142e5e0ab05eea9af9fcd51ecb235c,STFD,TruFor,Light,Splicing,1080,2340,961,2082,0.8896008544727063,4756.412799999907,0.0,2867.32763671875,False,0.026125721313026203,0.29171617946077266,0.04795651919107289,0.024567341692204366,0.025827087026651305,0.02582877280380579,0.6601062496605361,0.06347789341713844,0.4081632653061224,37869,0.018926910308966104,0.018819642291864513,422840,0.21133525456292027,11.165861258549208,0.20978454180555323,0.3592633008956909,0.9001087546348572,
Copy-move_48d4415c8cc9514c6daed69230ea61af,STFD,TruFor,Light,Copy-move,1080,1920,1061,1886,0.9820927516479826,4503.919499999938,0.0,2866.94287109375,False,0.0,0.0,0.0,0.0,0.008611570220509297,0.008613660089711142,0.5944522890903339,0.026540270074752834,0.02040816326530612,14901,0.007446605425362535,0.007554494598765432,593901,0.29679527607061507,39.85645258707469,0.2990219747299417,0.301012247800827,0.9957352876663208,
Insertion_5022394306e4c731eb5ff791cd442d3f,STFD,TruFor,Light,Insertion,1080,2340,961,2082,0.8896008544727063,3883.5893999998916,0.0,2867.32763671875,False,0.0,0.0,0.0,0.0,0.007870059408526935,0.0078724233827371,0.766917607790141,0.01833829563465612,0.22448979591836732,7550,0.003773486831780456,0.0038160810383032606,16905,0.008449111906125644,2.2390728476821193,0.008481115282964724,0.05312078818678856,0.41411668062210083,
Removal_4afb05000af277dfb58dec5372f7e546,STFD,TruFor,Light,Removal,1080,2400,949,2108,0.8784104611578831,5184.818999999834,0.0,2864.4580078125,False,0.0,0.0,0.0,0.0,0.005718549590046129,0.005719339781350262,0.13308369518925106,0.020977426389810146,0.0,21205,0.01059989242646309,0.010582561728395062,231274,0.11560856029416763,10.906578637113888,0.11684712727360913,0.28884443640708923,0.9142102599143982,
Replacement_506ee37ba3f40529761565a3d348cc97,STFD,TruFor,Light,Replacement,1080,2340,961,2082,0.8896008544727063,3916.594499999974,0.0,2867.32763671875,False,0.0,0.0,0.0,0.0,0.009529091280185448,0.009531392181011875,0.8334238076379636,0.025376566475718777,0.1020408163265306,6723,0.003360152578815895,0.003364988920544476,55425,0.027701391741911493,8.244087460954932,0.027794786465330613,0.09544596821069717,0.9423050880432129,
Splicing_4ebc8faf0a26650c099ef8d0cb5365be,STFD,TruFor,Light,Splicing,1080,2340,961,2082,0.8896008544727063,3919.6048999999675,0.0,2867.32763671875,False,0.01439991948122906,0.03898783454987834,0.021031852283525748,0.010627686103889214,0.033241036686669716,0.033243779344364725,0.6502031173107943,0.07548285689336265,0.061224489795918366,51375,0.02567720344141999,0.025612139917695474,139098,0.06952112203006594,2.7075036496350364,0.07032579316896709,0.12981608510017395,0.968791127204895,
Copy-move_4ff08203b1daeb2eb4cb803ac18fa5e4,STFD,TruFor,Light,Copy-move,1080,2340,961,2082,0.8896008544727063,3945.004300000164,0.0,2867.32763671875,False,0.05892449557198941,0.15545813662202523,0.08545741032533134,0.04463594113090628,0.021404057824947764,0.02140896118710601,0.6551391404130871,0.08627094856765459,0.7142857142857142,20758,0.010374839689284597,0.01062005381449826,54765,0.027371524018868432,2.6382599479718665,0.026028714513414854,0.07034347951412201,0.7637020945549011,
Insertion_511abe199fc43baaa2a92c2c50672593,STFD,TruFor,Light,Insertion,1080,2376,953,2098,0.8828357307829559,5238.31969999992,0.0,2865.341796875,False,0.02053452960131421,0.2465857359635812,0.037911927675707204,0.019322235434007136,0.06414464208427584,0.06456327771173241,0.9457020181867156,0.13655287260616153,0.9591836734693877,1318,0.0006591997375204687,0.0006714521760818057,15827,0.007915898517250728,12.00834597875569,0.007758463642023627,0.06017324700951576,0.37520068883895874,
Removal_4e73770b258cb1f4b64bd6b19329978c,STFD,TruFor,Light,Removal,1080,2400,949,2108,0.8784104611578831,5195.531400000164,0.0,2864.4580078125,False,0.0,0.0,0.0,0.0,0.0006446434517871718,0.0006454604365675984,0.16765411588156484,0.0022159962171276835,0.0,2219,0.001109227130125989,0.001091435185185185,463544,0.23171499811046484,208.89770166741775,0.231972308088034,0.27123573422431946,0.9919226765632629,
Replacement_51da752871aa14f7ff2fcf840411b52b,STFD,TruFor,Light,Replacement,1080,2340,961,2082,0.8896008544727063,3953.3475000000635,0.0,2867.32763671875,False,0.0,0.0,0.0,0.0,0.002870612364553075,0.0028718720468165343,0.6796234964065866,0.007752765399307444,0.04081632653061224,4038,0.002018190705527084,0.002034267173156062,161617,0.08077610878037907,40.02402179296681,0.08093946004635501,0.1185719445347786,0.961970329284668,
Splicing_4f652945819c05f7ba18b41d28b292da,STFD,TruFor,Light,Splicing,1080,2340,961,2082,0.8896008544727063,4813.7991999999485,0.0,2867.32763671875,False,0.0,0.0,0.0,0.0,0.025688922367247576,0.025692911096190707,0.8669116152418365,0.06161976639385305,0.04081632653061224,15277,0.007635438189286096,0.007587052864830642,10324,0.005159930867722044,0.6757871309812136,0.005199632339053903,0.03987463563680649,0.3786974251270294,
Copy-move_544ed96963da389b64307d99ba85fa8d,STFD,TruFor,Light,Copy-move,1080,2340,961,2082,0.8896008544727063,3901.824300000044,0.0,2867.32763671875,False,0.009981484694298366,0.9556160653505786,0.019756610048314888,0.00997685948533676,0.04073493928214608,0.04078655150939731,0.8560477194743694,0.12708969980226498,0.9183673469387754,7345,0.0036710279178049604,0.00375,703202,0.3514600645141298,95.73886997957794,0.34923401909346424,0.3481464385986328,0.8937817811965942,
Insertion_609c806fac312ca3e59a7deaff5e2ba8,STFD,TruFor,Light,Insertion,1080,2340,961,2082,0.8896008544727063,3905.448200000137,0.0,2867.32763671875,False,0.01403212305942924,0.34686707007612727,0.026973080046447735,0.013670913343180699,0.01050556935326701,0.010509364293737389,0.8647921191728091,0.026617904551609926,0.5102040816326531,5123,0.002560473250226659,0.0025838873061095283,126638,0.06329361925867727,24.71950029279719,0.06256567313681208,0.3040352165699005,0.659601092338562,
Removal_4ffe6af3b3562988063d2d30ed86750d,STFD,TruFor,Light,Removal,1080,2340,961,2082,0.8896008544727063,3919.5175999998355,0.0,2867.32763671875,False,0.03417452444541342,0.08373397435897435,0.04853880394813238,0.024873056172643605,0.009951745075516842,0.009963021114257427,0.7211329981804923,0.07306763285024155,0.7142857142857142,7488,0.0037424992577976234,0.003795900601456157,18347,0.009169822901016693,2.450186965811966,0.008889718328371746,0.09485873579978943,0.5326648950576782,
Replacement_54c3068c1efc454c31927d43f799c788,STFD,TruFor,Light,Replacement,1080,2340,961,2082,0.8896008544727063,3914.8321000000124,0.0,2867.32763671875,False,0.0,0.0,0.0,0.0,0.0050147674584085,0.005017077014174855,0.8119175486516873,0.0127174573717015,0.1020408163265306,3830,0.001914232392810483,0.0019305951250395694,14361,0.007177621773668759,3.7496083550913837,0.00719138776107026,0.06639792025089264,0.33294907212257385,
Splicing_4fd11085cecfd7a9a1578e245da8f776,STFD,TruFor,Light,Splicing,1080,2340,961,2082,0.8896008544727063,3930.513499999961,0.0,2867.32763671875,False,0.5311004042237895,0.6313221677057587,0.5768908253517447,0.40537355505021794,0.5337721314949645,0.5337689415241945,0.9469516760727814,0.5774655366077811,0.4897959183673469,108428,0.05419226890017103,0.054041231402342516,128889,0.06441866811408625,1.1887058693326447,0.03193660449784239,0.19069233536720276,0.739806592464447,
Copy-move_545bdd84b792924e7c584b37c1ffcf23,STFD,TruFor,Dark,Copy-move,1080,2340,961,2082,0.8896008544727063,3884.828299999981,0.0,2867.32763671875,False,0.3778985507246377,0.49130134405225473,0.4272022281688602,0.27161929894616227,0.44973639399435716,0.4498048932716071,0.8664946879876801,0.5051005322294501,0.9183673469387754,63688,0.03183123567449453,0.03217276036720481,82800,0.041383405254492946,1.3000879286521794,0.02659110408576883,0.07167189568281174,0.9835873246192932,
Insertion_6c6e79521e1517d824ee67fcd4d048f8,STFD,TruFor,Light,Insertion,750,1334,750,1334,1.0,880.3367999998954,0.0,1569.3857421875,False,4.096103695140656e-05,0.0029079159935379646,8.078414476518742e-05,4.0393703968008186e-05,0.004747706315554427,0.0047496748250807,0.6933549389421607,0.014728254750886958,0.2040816326530612,3095,0.0030934532733633184,0.0030934532733633184,219721,0.2196111944027986,70.99224555735057,0.22028363603551215,0.27417927980422974,0.9064427614212036,
Removal_510cf356b6ffb4d686cc6d4ff90d3bd6,STFD,TruFor,Dark,Removal,1080,2340,961,2082,0.8896008544727063,3933.5071000000426,0.0,2867.32763671875,False,0.0,0.0,0.0,0.0,0.00821545028974663,0.008218513427945355,0.6152098572615844,0.013564891919194426,0.0,13663,0.006828761666571705,0.006862931307375752,26558,0.013273677255420576,1.9437897972626803,0.013364943267682835,0.022922996431589127,0.9181246757507324,
Replacement_54d7e9659cd4fd6ca4fa3101fd247c9e,STFD,TruFor,Light,Replacement,1080,2400,949,2108,0.8784104611578831,5177.406900000051,0.0,2864.4580078125,False,0.0,0.0,0.0,0.0,0.00044393965146569895,0.0004451500796516776,0.765742114710445,0.0012072222598538387,0.26530612244897955,459,0.00022944355688500628,0.00022569444444444443,226399,0.11317165977169616,493.24400871459693,0.11319763223906805,0.27093610167503357,0.8828729391098022,
Splicing_525370d505ca8add6239c9e115f8b768,STFD,TruFor,Light,Splicing,1080,2340,961,2082,0.8896008544727063,4772.581899999977,0.0,2867.32763671875,False,0.0032260929532725905,0.07677960833074293,0.006192012554493472,0.0031056213002871756,0.009927903341609888,0.009929298994743927,0.6335903673792104,0.030735365872505967,0.2040816326530612,16085,0.008039276250223661,0.00806386514719848,382816,0.19133127615826054,23.799564811936587,0.19225965213176488,0.28598979115486145,0.9690647721290588,
Copy-move_549b1c0417cda57ceb4571b66f7a5a79,STFD,TruFor,Light,Copy-move,1080,2340,961,2082,0.8896008544727063,3895.8162000001266,0.0,2867.32763671875,False,0.0002957617343468102,0.0008949346697691068,0.000444592641991775,0.00022234574763757643,0.010130489319229965,0.010132152644502826,0.7331766172582036,0.025106173030599116,0.061224489795918366,11174,0.005584760511035075,0.005664371636593859,33811,0.016898723611831656,3.025863611956327,0.016988602894611456,0.06609461456537247,0.7179546356201172,
Insertion_6d02e36bcb8183bbb30f2aff78a80e09,STFD,TruFor,Light,Insertion,1080,2340,961,2082,0.8896008544727063,3926.1427999999796,0.0,2867.32763671875,False,0.0013468760398675308,0.031651461552783464,0.0025838025974815526,0.001293572466690509,0.0071226422179553415,0.0071245595212608,0.8168866039501685,0.019366634856735017,0.26530612244897955,5371,0.002684423546157991,0.0027081354859132636,126218,0.0630837034349226,23.49990690746602,0.06316830799962514,0.16339872777462006,0.9951807260513306,
Removal_57bc1ac08e52d3c719ee8badf5fce8de,STFD,TruFor,Light,Removal,1080,2340,961,2082,0.8896008544727063,3951.7560000001595,0.0,2867.32763671875,False,0.0,0.0,0.0,0.0,0.004938979308994998,0.004940543324242726,0.317647754378063,0.014456898733235088,0.0,14568,0.007281080286804991,0.007196502057613169,167737,0.0838348822122329,11.514071938495333,0.08444976775143312,0.1283130645751953,0.8957383632659912,
Replacement_55efc3ad133fa223cfe331906c00286e,STFD,TruFor,Light,Replacement,1080,2340,961,2082,0.8896008544727063,3905.5960000000596,0.0,2867.32763671875,False,0.0,0.0,0.0,0.0,0.003424942756227876,0.003426387153859183,0.674768941024174,0.008151195160785395,0.02040816326530612,4937,0.0024675105282781604,0.0024683444127888573,66807,0.03339011056566317,13.531901964755924,0.033472704817209584,0.0688386857509613,0.9631156921386719,
Splicing_53fe41bdb1c86d71da19dd7ff245f960,STFD,TruFor,Light,Splicing,1080,2340,961,2082,0.8896008544727063,3913.25310000002,0.0,2867.32763671875,False,0.11473142489546478,0.019679022834728208,0.03359563737055507,0.0170848061614507,0.21787888135343772,0.21786357212191845,0.5733042453797079,0.3117915520802009,0.02040816326530612,362518,0.18118634427594535,0.18064616967394745,62180,0.031077537907299172,0.17152251750257919,0.033599791000827696,0.053993262350559235,0.9806289076805115,
Copy-move_54bb4fc640283ebae5f5ff63bfb315d4,STFD,TruFor,Light,Copy-move,1080,2340,961,2082,0.8896008544727063,3926.617999999962,0.0,2867.32763671875,False,0.04358675761104641,0.09817461591991863,0.0603706507784983,0.031124838775371665,0.040793174266204955,0.04079773095726549,0.7271288864487039,0.08594305986188744,0.36734693877551017,37362,0.018673511921719392,0.01854661285216841,84154,0.042060133886311586,2.252395482040576,0.040992339974738216,0.21168741583824158,0.6461162567138672,
Insertion_6eab1d7b96a18c0a27239c7d888c4a96,STFD,TruFor,Light,Insertion,1080,2340,961,2082,0.8896008544727063,3966.91850000002,0.0,2867.32763671875,False,0.0,0.0,0.0,0.0,0.004677902142384604,0.004679152669054246,0.6923112886693146,0.011689652837343686,0.061224489795918366,6401,0.0031992171139373113,0.00324667616334283,105435,0.05269636875612879,16.471645055460083,0.052865496958735984,0.10457690805196762,0.9894607663154602,
Removal_5f17d9cf9862d9918f01279cb4b6739d,STFD,TruFor,Light,Removal,1080,2400,949,2108,0.8784104611578831,5220.526199999995,0.0,2864.4580078125,False,0.0,0.0,0.0,0.0,0.0009687669761427599,0.0009698751493234729,0.5095527382143062,0.002631948282822682,0.04081632653061224,2055,0.0010272472971648975,0.0010401234567901235,49826,0.02490687290926432,24.246228710462287,0.024932484736821827,0.08250375092029572,0.8561981320381165,
Replacement_571b35555326852dacdce150bea2c734,STFD,TruFor,Light,Replacement,1080,2340,961,2082,0.8896008544727063,3916.7165999999725,0.0,2867.32763671875,False,0.0,0.0,0.0,0.0,0.00045978414898599767,0.0004604366424397235,0.5605729889800061,0.001379936739620597,0.061224489795918366,874,0.00043682483324187,0.00044317822095599874,224211,0.1120605637139507,256.5343249427918,0.11210953594329395,0.17938154935836792,0.991108775138855,
Splicing_5a810153725d5405657002ac0f3ee2ee,STFD,TruFor,Light,Splicing,1080,2340,961,2082,0.8896008544727063,4780.415700000049,0.0,2867.32763671875,False,0.07696585591068393,0.14597305419013315,0.10078941401982812,0.053069109220350755,0.08277450716357072,0.08277785591049722,0.8362115130582746,0.17015604097434614,0.4081632653061224,50249,0.025114429113925314,0.025225546058879392,95302,0.04763189960825709,1.8965949571135745,0.04509849258133462,0.18081477284431458,0.9101381897926331,
Copy-move_5c5b4b735e963d93fc9d3246db41ace8,STFD,TruFor,Dark,Copy-move,2340,1080,2082,961,0.8896008544727063,4142.148200000065,0.0,2867.32763671875,False,0.17249643789584654,0.3628928856083446,0.2338400388542463,0.1324002604512381,0.14356219498018452,0.1435726040933648,0.837200004377874,0.23832676120195434,0.5306122448979591,57714,0.02884543298137447,0.028860794555239,121417,0.06068416564957452,2.103770315694632,0.051707900002470296,0.12938231229782104,0.7982675433158875,
Insertion_710fdd88645c290ac9a9a00c66e1cc7a,STFD,TruFor,Light,Insertion,1080,2400,949,2108,0.8784104611578831,5191.074200000003,0.0,2864.4580078125,False,0.38529679609239176,0.5263515041845737,0.4449118110988959,0.28610069465789634,0.35827204452411676,0.3583956308467286,0.9920758900937994,0.4458329233494047,0.5102040816326531,8842,0.004419912701475437,0.004449074074074074,12079,0.006038014648396495,1.366093643971952,0.0037280646699972384,0.08111495524644852,0.40887686610221863,
Removal_60031ea926e9cb6d8f2cd0cbfa2dda63,STFD,TruFor,Light,Removal,1080,2340,961,2082,0.8896008544727063,3951.832299999978,0.0,2867.32763671875,False,0.0,0.0,0.0,0.0,0.0033317044886174655,0.003332549113807095,0.4382970050566965,0.008765566940972773,0.18367346938775508,7855,0.0039259257037927795,0.003947847420069642,116831,0.05839208477400562,14.873456397199236,0.058622231298674776,0.18068866431713104,0.7864656448364258,
Replacement_5b2cf75fbbe22503877b57823b6fdcf8,STFD,TruFor,Light,Replacement,1080,2340,961,2082,0.8896008544727063,3898.7621000001127,0.0,2867.32763671875,False,0.18241085332699872,0.6126229944153887,0.28111780019524896,0.16354686797453677,0.21949298264244638,0.2195818324440312,0.9637838463850386,0.3383458646616541,0.6326530612244897,11281,0.0056382390661344805,0.005643399810066477,37887,0.018935906701412732,3.358478858257247,0.015569576797631188,0.18324042856693268,0.5986157655715942,
Splicing_5cb37a62e77012cb57d6e59b8b043ecb,STFD,TruFor,Dark,Splicing,1080,2340,961,2082,0.8896008544727063,3911.4042000001064,0.0,2867.32763671875,False,0.0878162874760791,0.08678764379308708,0.08729893561166531,0.04564170389040002,0.1079818156577006,0.10798470464208344,0.6643907843727621,0.2006328981762889,0.2040816326530612,147521,0.0737309338955079,0.07332621082621082,145793,0.07286728022063153,0.9882864134597786,0.07175922053914112,0.2451619952917099,0.9303489923477173,
Copy-move_5d74e099a7d99e576d77c57e37700c43,STFD,TruFor,Light,Copy-move,1080,1920,1061,1886,0.9820927516479826,4503.118100000165,0.0,2866.94287109375,False,0.0,0.0,0.0,0.0,0.012640981870089356,0.012641597369131171,0.731072656753611,0.014010777291960997,0.0,14117,0.007054810334195216,0.007145543981481482,8298,0.004146831207278594,0.5878019409222923,0.00417629417055164,0.00838591530919075,0.05214580520987511,
Insertion_74ea626da18896f7800d4b36b265c06a,STFD,TruFor,Light,Insertion,1080,2340,961,2082,0.8896008544727063,3945.1309999999467,0.0,2867.32763671875,False,0.0017717690606238433,0.27186147186147186,0.0035205937918701196,0.0017634010052508915,0.0014794943675991035,0.001480613097227934,0.6355246812806813,0.0037695263919396596,0.26530612244897955,2310,0.0011545370306507092,0.0011301044634377969,354448,0.17715296166237338,153.44069264069265,0.17704349079205722,0.33087432384490967,0.8484445810317993,
Removal_62f16bd2cb2c4ec72d9760277e326aa9,STFD,TruFor,Light,Removal,750,1334,750,1334,1.0,881.3566999999694,0.0,1569.3857421875,False,0.0,0.0,0.0,0.0,0.01853553248067745,0.01853732034104765,0.33672973150388075,0.053977554225272464,0.18367346938775508,27412,0.027398300849575213,0.027398300849575213,116212,0.11615392303848077,4.239457172041441,0.11942599230490973,0.3463711440563202,0.8173186182975769,
Replacement_5e22cb87cff4a53db58c0e2ce138799d,STFD,TruFor,Light,Replacement,1080,2340,961,2082,0.8896008544727063,3942.445300000145,0.0,2867.32763671875,False,0.0009157076910005759,0.010823476902477126,0.0016885569800941763,0.0008449918985312822,0.009179972065931333,0.009181700294957369,0.7676895456403433,0.021098683395930497,0.36734693877551017,8962,0.0044792038392604564,0.004472934472934473,105929,0.05294326974883072,11.819794688685562,0.053132781749538116,0.19407841563224792,0.7712140679359436,
Splicing_5d4b88a39d95e548f24502de826809a4,STFD,TruFor,Light,Splicing,1170,2532,961,2080,0.8216563506305302,5837.389299999813,0.0,2863.22412109375,False,0.0,0.0,0.0,0.0,0.0037955406740467035,0.003796751397006573,0.6201019359777317,0.009730058840480019,0.061224489795918366,6367,0.0031852837589049867,0.0031551693873968756,28607,0.014311514448090932,4.4930108371289466,0.014357246351717656,0.08223389834165573,0.727064311504364,
Copy-move_5da962250f823c968d0e263955d6ab1c,STFD,TruFor,Light,Copy-move,1080,2340,961,2082,0.8896008544727063,3907.773099999986,0.0,2867.32763671875,False,0.016323904999076485,0.09944129743152014,0.028044183540044752,0.014221507046942626,0.023294232996285903,0.02329563191699325,0.7428331440303255,0.052679810522776496,0.16326530612244897,25774,0.012881834384411851,0.013032605254827478,157009,0.07847303231404207,6.091759137114922,0.0781993976794253,0.1750805824995041,0.9158267378807068,
Insertion_76ce3144f7e75e89d0e9e20ddf63541c,STFD,TruFor,Dark,Insertion,1080,2340,961,2082,0.8896008544727063,4029.430199999979,0.0,2867.32763671875,False,0.004802834154113087,0.9959573273441886,0.009559568919382836,0.004802740524212982,0.020963185899129096,0.021002518310170602,0.6946397641386018,0.058050916166693695,0.8979591836734693,8905,0.004450715263179465,0.00444681861348528,1846618,0.9229389015004983,207.36866928691745,0.9226124643995146,0.7267025709152222,0.8767954111099243,
Removal_63764f7f68707338d48d5a04f52d8e22,STFD,TruFor,Light,Removal,1080,2340,961,2082,0.8896008544727063,4028.7080000000515,0.0,2867.32763671875,False,0.0,0.0,0.0,0.0,0.0038155157387117595,0.003817074559329724,0.6165145057582954,0.010683659510652237,0.02040816326530612,6537,0.0032671898568673963,0.0032763532763532763,16717,0.008355149585016408,2.5572892764264954,0.008382536924631381,0.05263792350888252,0.42105236649513245,
Replacement_5e65399c55884886e1c7fbe2c3d3afa2,STFD,TruFor,Light,Replacement,1080,2400,949,2108,0.8784104611578831,5185.191799999984,0.0,2864.4580078125,False,0.09279739516083758,0.19256756756756757,0.12524150471644505,0.06680407371483996,0.06384556252832557,0.06385874706468335,0.9631434472657827,0.14151365875503807,0.4081632653061224,8584,0.004290944427670793,0.004235725308641975,17813,0.008904309539853196,2.0751397949673813,0.008112824487877954,0.05893658846616745,0.46793633699417114,
Splicing_5e6318dccb7d3319c33164bbbbede6df,STFD,TruFor,Dark,Splicing,1080,2340,961,2082,0.8896008544727063,3986.581699999988,0.0,2867.32763671875,False,0.24986933622803845,0.15054987645947387,0.18789207164991306,0.10368702035368701,0.15758617561723803,0.15758384132738795,0.8908464328571797,0.22049057437338734,0.12244897959183673,41282,0.02063272627676302,0.020781497309275088,24873,0.012431514962500037,0.6025144130613826,0.009521719604801176,0.06617877632379532,0.5724973678588867,
Copy-move_5e161d67746f4e744e1ed55a0a5f04af,STFD,TruFor,Light,Copy-move,1080,2340,961,2082,0.8896008544727063,3884.2328000000634,0.0,2867.32763671875,False,0.03350800021030126,0.08232685310770953,0.047630020364823035,0.024396001199384995,0.031472873767632525,0.03147515517233921,0.6629963347512083,0.07264856668572249,0.04081632653061224,46449,0.02321519070852588,0.023280310224754668,114122,0.05703812771078797,2.4569312579388147,0.056437091968544066,0.10263875126838684,0.9619451761245728,
Insertion_76ea8baa213f12d1701f7b5d726953b0,STFD,TruFor,Dark,Insertion,1080,2340,961,2082,0.8896008544727063,3905.5803000001106,0.0,2867.32763671875,False,0.0009237264606204304,0.8117738187451587,0.0018453530734461087,0.0009235286549439626,0.024870242777631574,0.024952056014494055,0.8131694731120087,0.10762509928514694,0.8979591836734693,1291,0.0006452412582554396,0.0006390471668249446,1134535,0.5670401169131178,878.8032532920217,0.5668821026741038,0.5071714520454407,0.8341293334960938,
Removal_63b8cf8fd2871945f18d2ec40f8ff780,STFD,TruFor,Light,Removal,1080,2340,961,2082,0.8896008544727063,3892.9390000000694,0.0,2867.32763671875,False,0.0,0.0,0.0,0.0,0.0013340331633048183,0.001334911335111581,0.3475024220731878,0.0036906940929438297,0.0,3699,0.0018487586477822393,0.001910414688192466,81004,0.04048576520815153,21.89889159232225,0.0405607522496336,0.12202522158622742,0.9145323634147644,
Replacement_5e8216d206d3222e2953d887b057b628,STFD,TruFor,Light,Replacement,750,1334,750,1334,1.0,883.7459000001218,0.0,1569.3857421875,False,0.0027980618303419095,0.0067723818962669305,0.003960013521997392,0.001983934965644053,0.04863146021540181,0.04864307992059462,0.9448435832135963,0.11182565201857807,0.2857142857142857,6054,0.006050974512743629,0.006050974512743629,14653,0.01464567716141929,2.420383217707301,0.014693608300500982,0.13844743371009827,0.607607364654541,
Splicing_5f0dc12158329d43d3009f7f4200709c,STFD,TruFor,Light,Splicing,1080,2340,961,2082,0.8896008544727063,4760.344000000032,0.0,2867.32763671875,False,0.016321519993861992,0.2501737317581654,0.030643814762068452,0.01556032118098848,0.024955399348068025,0.0249638897627778,0.7865669324497129,0.05039594600877125,0.9387755102040816,18707,0.00934975074994927,0.009375593542260209,286738,0.14331153207563768,15.327845191639494,0.1423029673148865,0.22459378838539124,0.9507085680961609,
Copy-move_5f431c56fbf2b133a1712fb8d268e13a,STFD,TruFor,Light,Copy-move,1080,1920,1061,1886,0.9820927516479826,4471.31760000002,0.0,2866.94287109375,False,0.005413247298789598,0.010569036949353175,0.00715952861663588,0.0035926250592783135,0.03792197420779889,0.03792409739635663,0.7144309643933218,0.08624425662261047,0.04081632653061224,47308,0.023641635424672895,0.02382667824074074,92366,0.04615885891678652,1.9524393337279107,0.04702063429180371,0.07921077311038971,0.8579304814338684,
Insertion_782208fa47aeabe182edc75b77d57d65,STFD,TruFor,Light,Insertion,1080,2340,961,2082,0.8896008544727063,3913.9920000000075,0.0,2867.32763671875,False,0.24904397705544934,0.11059223094884313,0.15316772012347493,0.08293537090098695,0.06665153412512662,0.06673127740093518,0.7002989972858163,0.1556818891734866,0.42857142857142855,9422,0.0047091116462298615,0.004649018676796454,4184,0.0020911614442608514,0.4440670770537041,0.0015778003193765127,0.11645063757896423,0.35543787479400635,
Removal_6490baa1e967bd958a51e958477de28d,STFD,TruFor,Light,Removal,1080,2400,949,2108,0.8784104611578831,5167.023800000152,0.0,2864.4580078125,False,0.0,0.0,0.0,0.0,0.0064171245779158035,0.006420302577675767,0.38510642583571636,0.017385237315129476,0.0,17542,0.008768842864655294,0.00874537037037037,70921,0.03545177886239985,4.042925550108311,0.03576540003530094,0.06427400559186935,0.93995600938797,
Replacement_6037ab4d1d9f7cc109573b87627df9f0,STFD,TruFor,Light,Replacement,1080,2340,961,2082,0.8896008544727063,3933.1776000001355,0.0,2867.32763671875,False,0.0,0.0,0.0,0.0,0.006914426152355289,0.006916620377532476,0.850399676519331,0.0178949409426554,0.16326530612244897,4379,0.0021886223624326645,0.0021640550807217472,103223,0.051590812084354176,23.572276775519526,0.05170397255491446,0.10666538774967194,0.8690316677093506,
Splicing_6a26e079180fab0152ae5bd7f179e86e,STFD,TruFor,Light,Splicing,1080,2340,961,2082,0.8896008544727063,3925.331500000084,0.0,2867.32763671875,False,0.0,0.0,0.0,0.0,0.010215669770400592,0.010216831826137727,0.6353223315465256,0.027742069599408618,0.08163265306122448,16260,0.008126741176788108,0.008131528964862298,277415,0.13865190058786428,17.061193111931118,0.1397879208401737,0.2158072590827942,0.9833824038505554,
Copy-move_6252c691fb2e531488a4f2e48afd5d3e,STFD,TruFor,Light,Copy-move,1080,2340,961,2082,0.8896008544727063,3915.2604000000792,0.0,2867.32763671875,False,0.0,0.0,0.0,0.0,0.009677064255115473,0.009678595474938724,0.6786113664330657,0.024194393487666156,0.061224489795918366,13767,0.006880740822930005,0.006993906299461855,42428,0.02120549659586506,3.081862424638629,0.021352417043484388,0.08791544288396835,0.7726241946220398,
Insertion_7b5922fcde67dcc050daff3bcdb380ac,STFD,TruFor,Light,Insertion,1080,2340,961,2082,0.8896008544727063,3902.4689000000308,0.0,2867.32763671875,False,0.0,0.0,0.0,0.0,0.004176697012740393,0.0041776523773701625,0.624158772571247,0.009610513310740391,0.08163265306122448,6766,0.0033816439607717306,0.0033752769863880975,169130,0.08453110302768589,24.997044043748154,0.08481792705848841,0.1380600482225418,0.9087299108505249,
Removal_64cf6f426dace19aa6e0ad289c902d6a,STFD,TruFor,Light,Removal,1080,2400,949,2108,0.8784104611578831,5141.948100000036,0.0,2864.4580078125,False,0.0,0.0,0.0,0.0,0.009359859814258225,0.009366658134996741,0.37489424990248144,0.025505185968939952,0.0,25841,0.012917322338704679,0.012771219135802469,166533,0.08324602147871624,6.4445261406292325,0.0843354091431853,0.10104132443666458,0.9904159307479858,
Replacement_6236d5a8dff3c940fb257d87f596cbf2,STFD,TruFor,Light,Replacement,1080,2340,961,2082,0.8896008544727063,3939.0536999999313,0.0,2867.32763671875,False,0.11625698913387487,0.06821417517796348,0.08597955839900132,0.04492091961519648,0.0860618943265192,0.08607276090856945,0.9259131509788217,0.1687266346227207,0.32653061224489793,16155,0.00807426222084944,0.008024691358024692,9479,0.0047376002223108536,0.5867533271432993,0.004220901752301543,0.09413200616836548,0.40102458000183105,
Splicing_6b6f96b30904e126431d1f2a41393950,STFD,TruFor,Light,Splicing,1080,2316,966,2071,0.8941983055272923,7079.250600000023,0.0,2863.7060546875,False,0.0,0.0,0.0,0.0,0.014081959066919277,0.014084078586872073,0.5060832558496343,0.04233988252735086,0.08163265306122448,29837,0.01491413015986316,0.014894773875775603,482873,0.24136577982651083,16.183698092971813,0.24502004060385163,0.28873518109321594,0.9500424861907959,
Copy-move_68a8e77b6b3ac237fcbb275f6af39f3c,STFD,TruFor,Light,Copy-move,1080,2376,953,2098,0.8828357307829559,5188.523100000111,0.0,2865.341796875,False,0.27794725447746504,0.031180831157648383,0.056071426798945875,0.028844386348318048,0.15637550564902486,0.15637846616728351,0.6353709560550231,0.21522155443409974,0.18367346938775508,181169,0.09061195542249302,0.09058174335952114,20324,0.010165080019245832,0.11218254778687303,0.00807105831236508,0.09842798113822937,0.5044930577278137,
Insertion_7d62428163b0a458f0c574a33fda0898,STFD,TruFor,Light,Insertion,1080,2340,961,2082,0.8896008544727063,3911.310100000037,0.0,2867.32763671875,False,0.0,0.0,0.0,0.0,0.0021400036380945483,0.002141264889926703,0.7141666418671497,0.006275612721368509,0.08163265306122448,2621,0.0013099747001452417,0.0013481323203545425,117816,0.058884387360668373,44.950782144219765,0.058961625598481816,0.11192085593938828,0.9431581497192383,
Removal_68cd0b9e9d5803cc60b7d82ed0b5ca9f,STFD,TruFor,Light,Removal,1080,2400,949,2108,0.8784104611578831,5157.474699999966,0.0,2864.4580078125,False,0.0,0.0,0.0,0.0,0.0003697063005832561,0.0003703139092803668,0.276228384334045,0.00133524734796702,0.02040816326530612,1138,0.0005688600604251354,0.0005752314814814815,525874,0.26287233340598215,462.103690685413,0.26302195609181767,0.2921442985534668,0.9960806369781494,
Replacement_63f80179ef664e15746e3b55c9d1280e,STFD,TruFor,Light,Replacement,1080,2340,961,2082,0.8896008544727063,3943.7648999999055,0.0,2867.32763671875,False,0.0,0.0,0.0,0.0,0.007136375152775244,0.007138608795964188,0.806714820603005,0.02130143103412466,0.1020408163265306,5995,0.0029962984843077928,0.00298116492560937,107995,0.05397585568187157,18.01417848206839,0.05413806949745013,0.10137663036584854,0.8872883915901184,
Splicing_70cc38bf94d4ca82c15e3cb3deb84e9d,STFD,TruFor,Light,Splicing,1080,2340,961,2082,0.8896008544727063,3985.5024999999387,0.0,2867.32763671875,False,0.026459070978028937,0.29798246540614765,0.048602526607772784,0.024906523284200118,0.0753534485765892,0.07535896796717674,0.806555323211018,0.1337760029717682,0.8775510204081632,18934,0.009463205254692868,0.009445631528964863,213235,0.10657476351982854,11.262015421992183,0.10474612840007508,0.342130184173584,0.8932269811630249,
Copy-move_6bce2a7948ceeb634630d384b494f6e0,STFD,TruFor,Light,Copy-move,1080,2340,961,2082,0.8896008544727063,3932.587400000102,0.0,2867.32763671875,False,0.008368350576032399,0.4771297398401632,0.016448216839785222,0.008292305237214305,0.008443771246965538,0.008446942742745886,0.7569287331858391,0.0315520080177536,0.6938775510204082,5881,0.0029393213321458095,0.0029562361506805953,335311,0.16758829709286577,57.01598367624554,0.1666757731258531,0.247463658452034,0.9715277552604675,
Insertion_7ede3fca301dace2ff35dfb4e367efb8,STFD,TruFor,Dark,Insertion,2340,1080,2082,961,0.8896008544727063,3946.497799999861,0.0,2867.32763671875,False,0.0036176836994822417,1.0,0.007209286480778074,0.0036176836994822417,0.0862707968761506,0.08641554534246154,0.8717501479438272,0.16243910633294137,0.8979591836734693,6772,0.0033846427582539403,0.0033792339347894903,1871916,0.9355828312846548,276.41996455995275,0.9353640617242469,0.7036421895027161,0.879261314868927,
Removal_6c538efb92dac4d302dd11ba3ec851c8,STFD,TruFor,Light,Removal,1080,2400,949,2108,0.8784104611578831,5158.232300000009,0.0,2864.4580078125,False,0.0,0.0,0.0,0.0,0.0009082762361845274,0.0009094365869778034,0.3441664510947635,0.0025780375562760036,0.0,2582,0.0012906824921069416,0.0012893518518518519,201272,0.10061124963259038,77.95197521301317,0.10074127463199042,0.12214585393667221,0.982036828994751,
Replacement_6b3e9b75651da17af47fdac507dc1dd9,STFD,TruFor,Dark,Replacement,1080,2340,961,2082,0.8896008544727063,3922.1522000000277,0.0,2867.32763671875,False,0.004459082579491925,0.9687559900325857,0.008877303857077867,0.00445844139804866,0.10679950433769377,0.10682685583066537,0.891579204797869,0.1533426834969612,0.9183673469387754,5217,0.0026074544107812766,0.0025664767331434,1133417,0.5664813409822661,217.2545524247652,0.5654296860319155,0.5046463012695312,0.8134418725967407,
Splicing_7245a07cb5532e54f2a0f920d9808cb5,STFD,TruFor,Light,Splicing,1080,2316,966,2071,0.8941983055272923,7036.323799999991,0.0,2863.7060546875,False,0.044219216026922116,0.6833607134475476,0.08306352000136927,0.04333138884259149,0.0479138368482006,0.047921379568912556,0.8719081989456728,0.09687357559049496,0.5918367346938775,21305,0.0106493797317386,0.010623760634555108,329246,0.16457477958958025,15.45393100211218,0.1589905627346496,0.36936047673225403,0.7686941027641296,
Copy-move_6c6dca251b0eb9ef10adc03c7522a7b7,STFD,TruFor,Light,Copy-move,1080,2340,961,2082,0.8896008544727063,3881.633299999976,0.0,2867.32763671875,False,0.04155682308392849,0.02787781350482315,0.03336989781190462,0.016968060122123062,0.038114341278050134,0.03811773221878901,0.6642200236315636,0.12088606594934509,0.2040816326530612,31100,0.01554376694945327,0.015515590376701487,20863,0.010427318645223265,0.6708360128617363,0.010151789458506921,0.0821152850985527,0.563557505607605,
Insertion_7fe2f216c91fd84d02a556bde2cc0c89,STFD,TruFor,Dark,Insertion,1080,2340,961,2082,0.8896008544727063,3926.875000000109,0.0,2867.32763671875,False,0.09862480324745257,0.5235268249780123,0.16598117811083998,0.09050134934813182,0.11567443796275165,0.11579993143655726,0.924187752010439,0.215311004784689,0.6326530612244897,4548,0.0022730884915149025,0.002308088002532447,24142,0.01206616146925083,5.308267370272647,0.010900917418324522,0.15782327950000763,0.5498258471488953,
Removal_6ea38204bd1c632372a385492bbfbdf8,STFD,TruFor,Light,Removal,1080,2340,961,2082,0.8896008544727063,3938.7632000000394,0.0,2867.32763671875,False,0.0,0.0,0.0,0.0,0.010445903354196318,0.010453301410903474,0.3857812342909433,0.027830936547731756,0.0,28235,0.01411184115169817,0.01405982905982906,37312,0.018648521942700978,1.3214804320878342,0.018915453822354322,0.04265768080949783,0.8776299357414246,
Replacement_6dbc5b8ce504ad9a74ba774d89999774,STFD,TruFor,Light,Replacement,1080,2340,961,2082,0.8896008544727063,3894.999999999982,0.0,2867.32763671875,False,0.3064869224565042,0.2244915182715841,0.25915822291504287,0.14886948735169017,0.2191782868117767,0.21924390983904257,0.9728847983244004,0.2916094529160945,0.3877551020408163,11849,0.0059221252277836586,0.005964308325419437,8679,0.004337760558016235,0.7324668748417588,0.003026215300210714,0.06163833290338516,0.37240487337112427,
Splicing_72f4266e8f47c87c5a314484803b91f3,STFD,TruFor,Light,Splicing,1080,2340,961,2082,0.8896008544727063,3920.8377999998447,0.0,2867.32763671875,False,0.0,0.0,0.0,0.0,0.024488781815274155,0.024490598844613333,0.7159733134311661,0.05591233181849822,0.08163265306122448,30710,0.015348845113109643,0.015339901867679645,52676,0.02632744269547911,1.7152718984044286,0.026737837623826706,0.11857172101736069,0.8702497482299805,
Copy-move_73352a9082788f4fb297b3ce27075751,STFD,TruFor,Light,Copy-move,750,1334,750,1334,1.0,893.262600000071,0.0,1569.3857421875,False,0.0,0.0,0.0,0.0,0.01785147955283946,0.01785470126094931,0.7136253587837421,0.03871076530243538,0.02040816326530612,10998,0.010992503748125937,0.010992503748125937,18396,0.01838680659670165,1.6726677577741407,0.01859117010374916,0.045155223459005356,0.9562755227088928,
Insertion_8010077f80eda1e94a252724b025e3b8,STFD,TruFor,Dark,Insertion,1080,2340,961,2082,0.8896008544727063,3909.694699999818,0.0,2867.32763671875,False,0.002545608824777259,0.037399821905609976,0.004766768811712632,0.002389078498293515,0.006965011174892207,0.006967589852159636,0.847277465681975,0.017522198481409464,0.2040816326530612,4492,0.002245099715014279,0.002246755302310858,65996,0.0329847731059845,14.691896705253784,0.03297483857717489,0.16310986876487732,0.9047351479530334,
Removal_70c09f3121dcb98453cdf7fc76f256dd,STFD,TruFor,Light,Removal,1080,2340,961,2082,0.8896008544727063,3917.8583000000344,0.0,2867.32763671875,False,0.0,0.0,0.0,0.0,0.0019704081100115362,0.001970993950268919,0.41091614149139055,0.0055190819667883416,0.16326530612244897,5179,0.0025884620267272824,0.0026377018043684712,361156,0.18050561724748376,69.7346978181116,0.1809740617341051,0.36290034651756287,0.9095746874809265,
Replacement_70fe43d3af71f6519f505fb4b201138d,STFD,TruFor,Light,Replacement,1080,2340,961,2082,0.8896008544727063,3913.277999999991,0.0,2867.32763671875,False,0.0024812721776843213,0.1543240150400523,0.004884017518308599,0.0024479867642749524,0.0032164539758140196,0.0032173438576777675,0.5720247983734774,0.008518548965378032,0.24489795918367346,6117,0.0030572740331127218,0.0030353751187084522,380450,0.1901487503511092,62.19552068007193,0.19025861226208649,0.34405040740966797,0.9063310623168945,
Splicing_73fc51eac5faf7f9a0edfa29aaeb429a,STFD,TruFor,Light,Splicing,1080,2400,949,2108,0.8784104611578831,6006.102800000008,0.0,2864.4580078125,False,0.03128835832390671,0.042627143653474114,0.03608805485384337,0.018375597206909223,0.042389852760157984,0.04239305901562354,0.8268706089816742,0.08592140968888577,0.14285714285714285,30497,0.015244749791551278,0.015080632716049383,41549,0.02076939072988045,1.3623963012755353,0.02043101632237645,0.11616671085357666,0.7720008492469788,
Copy-move_775ddb1566de77b235270f00178e961d,STFD,TruFor,Light,Copy-move,1080,2340,961,2082,0.8896008544727063,3885.7606999999916,0.0,2867.32763671875,False,0.15938596594679844,0.9148881175688649,0.2714769509746542,0.15705717729811622,0.22993809031004778,0.22994939799237707,0.8257534529018167,0.3871467980233586,0.7959183673469387,162492,0.08121343341320131,0.08113247863247863,932717,0.46617156520235387,5.740079511606726,0.42650858669103686,0.5099045038223267,0.9273199439048767,
Insertion_83b35389544227aa4fe2bb4a5dc88669,STFD,TruFor,Light,Insertion,1080,2340,961,2082,0.8896008544727063,3941.6541000000507,0.0,2867.32763671875,False,0.0,0.0,0.0,0.0,0.001292414812876455,0.0012931225739486996,0.5131921958210164,0.0040885424480404525,0.061224489795918366,2688,0.001343461272029916,0.001329138968027857,279191,0.13953954464259832,103.8656994047619,0.13972726280882872,0.21728378534317017,0.9824393391609192,
Removal_71d6e7541509bbaee6d3d5a260ac1723,STFD,TruFor,Light,Removal,1080,2376,953,2098,0.8828357307829559,5231.620399999883,0.0,2865.341796875,False,0.0,0.0,0.0,0.0,0.0008629443534489824,0.0008635531730964792,0.4865692981834786,0.0025967966493297503,0.14285714285714285,1958,0.0009792967269082532,0.00097814565407158,94727,0.04737785549021353,48.37946884576098,0.04742429794997186,0.23019443452358246,0.7369793057441711,
Replacement_725493ba4f6fe6eee2b26d220a40124f,STFD,TruFor,Light,Replacement,1080,2340,961,2082,0.8896008544727063,3950.891400000046,0.0,2867.32763671875,False,0.0,0.0,0.0,0.0,0.0045682819935644004,0.004569541027406438,0.6905778009023368,0.011239484078803897,0.04081632653061224,6254,0.003125746575623175,0.0031501266223488444,107840,0.05389838674691449,17.243364246881995,0.05406738769886711,0.10458790510892868,0.9567949771881104,
Splicing_74bf77325e5599b4d647bad6e9c97031,STFD,TruFor,Light,Splicing,1080,2340,961,2082,0.8896008544727063,3971.3743999998314,0.0,2867.32763671875,False,0.19686640434954714,0.8958615593053332,0.3227977133220349,0.1924620040683348,0.44564917539752463,0.44569400230240414,0.9557849235356592,0.548438237465358,0.8775510204081632,64952,0.03246298234408002,0.03259734093067426,295571,0.14772626176903061,4.550606601798251,0.12262468683007464,0.2287701666355133,0.9700992703437805,
Copy-move_79463acc140a9e3c661ea2c43d6ce6b4,STFD,TruFor,Light,Copy-move,1080,2340,961,2082,0.8896008544727063,3934.2964999996184,0.0,2867.32763671875,False,0.02847251353710106,0.674959993903833,0.05464008944750742,0.028087393572323253,0.05011759723523752,0.05012416605270477,0.7755675196323278,0.16393923993449658,0.836734693877551,26246,0.013117739786345676,0.013171889838556505,622179,0.3109648031139513,23.70566943534253,0.30612654186561433,0.3895990252494812,0.9140519499778748,
Insertion_84ad51f3ca53ad764870c4fa5a3635af,STFD,TruFor,Light,Insertion,1080,2340,961,2082,0.8896008544727063,3962.2434999996585,0.0,2867.32763671875,False,0.0,0.0,0.0,0.0,0.006893136970363775,0.006894832311576698,0.7584445715251273,0.017950168293738914,0.1020408163265306,7370,0.003683522907314167,0.0037143874643874642,33150,0.016568356089208227,4.497964721845319,0.016629611644641003,0.0917198434472084,0.599644660949707,
Removal_73006ceee9bd9155ee288c1d5e1fdbac,STFD,TruFor,Light,Removal,1080,2340,961,2082,0.8896008544727063,3982.26539999996,0.0,2867.32763671875,False,0.04679386670467735,0.3482345809971208,0.08250161556688447,0.04302565062722337,0.03808776009830687,0.0381210101319033,0.7102544249131051,0.16215886195738446,0.9387755102040816,6599,0.003298177430850229,0.0033554922443811332,49109,0.024544657592305487,7.441885134111229,0.023473538050038035,0.07670855522155762,0.7619152665138245,
Replacement_76e359f1261fd5cd1e08dbf5fc3429a8,STFD,TruFor,Light,Replacement,1080,2400,949,2108,0.8784104611578831,5211.824299999989,0.0,2864.4580078125,False,0.0,0.0,0.0,0.0,0.05340959495968572,0.05342135455470014,0.970898494310279,0.12704315886134068,0.1020408163265306,5985,0.002991764026049592,0.00299266975308642,13551,0.006773833636925316,2.2641604010025063,0.006794160160881862,0.028672723099589348,0.1827876716852188,
Splicing_78b4f49fb0d4af9f199ca840ac0e9b5c,STFD,TruFor,Dark,Splicing,1080,2340,961,2082,0.8896008544727063,4809.866299999612,0.0,2867.32763671875,False,0.002569004660054965,0.005727878211227402,0.0035471022178227155,0.0017767021810347371,0.026120240498044806,0.02612183150538799,0.5470772343687166,0.06590526275995615,0.08163265306122448,52550,0.026264467948352712,0.026165321304210194,117166,0.058559517633428995,2.2296098953377737,0.0599845399876402,0.173268660902977,0.8688901662826538,
Copy-move_7c14d59662c8a8494a43046b1407a0c9,STFD,TruFor,Light,Copy-move,1080,1920,1061,1886,0.9820927516479826,4541.146100000333,0.0,2866.94287109375,False,0.0,0.0,0.0,0.0,0.020325403144617376,0.020326789894428075,0.7015404143259966,0.04724501556828543,0.16326530612244897,25926,0.012956223894902965,0.013158275462962964,169315,0.08461324727167692,6.5307027694206585,0.08572390538296407,0.11951050162315369,0.9872036576271057,
Insertion_84b5f0206c5860dc4e65fb9ff923eef4,STFD,TruFor,Light,Insertion,1080,2340,961,2082,0.8896008544727063,3921.1648000000423,0.0,2867.32763671875,False,0.03862100737100737,0.15109642535295884,0.061517764324588754,0.03173501577287066,0.02203350671085993,0.0220439421503759,0.8326236176192561,0.06749884419787332,0.4081632653061224,6658,0.003327665606091957,0.003306426084203862,26048,0.013018779469432758,3.9122859717632923,0.012557769148065535,0.1401776373386383,0.5425469875335693,
Removal_7675d2ab3d36eb4f8d23f6ddd51a862a,STFD,TruFor,Light,Removal,1080,2340,961,2082,0.8896008544727063,3983.745099999851,0.0,2867.32763671875,False,0.0,0.0,0.0,0.0,0.0021656771884242514,0.0021669922253683893,0.695320776991968,0.005349425638443218,0.1020408163265306,2799,0.0013989390254507943,0.0014074865463754352,42199,0.021091042491960723,15.076455877098963,0.02112058890802466,0.09703187644481659,0.8926726579666138,
Replacement_772358d9e0b92c5216a9b071f90530bc,STFD,TruFor,Light,Replacement,1080,2400,949,2108,0.8784104611578831,5246.036499999718,0.0,2864.4580078125,False,0.1756575415995706,0.8874576271186441,0.2932676151002576,0.17182987660803362,0.46281273824278785,0.4632075212662206,0.9975465597273262,0.5816876122082585,0.8163265306122448,1475,0.0007373186196195736,0.0007334104938271605,7452,0.003725083629427161,5.052203389830509,0.003073010384604033,0.09126649796962738,0.3589323163032532,
Splicing_7b9f2bab88dd9c096fe3e7d48e078949,STFD,TruFor,Dark,Splicing,1080,2340,961,2082,0.8896008544727063,3914.644799999678,0.0,2867.32763671875,False,0.540120146597272,0.9065488680287134,0.6769278978769725,0.5116334149822679,0.8404238704487792,0.8404179719119037,0.9884946055084821,0.7373686268196766,0.7755102040816326,90550,0.04525685200234706,0.045073203545425766,151981,0.07596004002395039,1.6784207620099392,0.0365883663516646,0.1282576471567154,0.9941306710243225,
Copy-move_7d8c8e02fac15d7b8884a39fd1578d66,STFD,TruFor,Light,Copy-move,1080,2340,961,2082,0.8896008544727063,3892.1814000000268,0.0,2867.32763671875,False,0.03718232096610475,0.15061242134588598,0.05964085387077815,0.030737017932867906,0.05629232203573638,0.05629515072117439,0.5649482131353856,0.1291633084091913,0.2040816326530612,104095,0.052026637318435306,0.05243471035137702,421652,0.21074149266144276,4.050646044478602,0.21404149402095315,0.301687091588974,0.9246641993522644,
Insertion_84b6a2d361363fdf609f74455f019d5b,STFD,TruFor,Light,Insertion,1080,2400,949,2108,0.8784104611578831,5139.973499999996,0.0,2864.4580078125,False,0.08001786682831892,0.31334332833583206,0.1274811294380766,0.06808002388772769,0.09700706840246534,0.09704129160511385,0.9743636919108751,0.1850054471625235,0.8775510204081632,8004,0.004001015750125469,0.00398533950617284,31343,0.01566764575914325,3.9159170414792603,0.01447185629223363,0.0561906062066555,0.7569386959075928,
Removal_77ca386f278bf28a390ac7b68227afa6,STFD,TruFor,Light,Removal,1080,2340,961,2082,0.8896008544727063,3894.307200000185,0.0,2867.32763671875,False,3.077301821762679e-05,0.0009913258983890955,5.9693028600422336e-05,2.9847405141215536e-05,0.0018237002590732328,0.001824761662210386,0.5042379611971128,0.004344889780369542,0.02040816326530612,4035,0.0020166913067859787,0.0020303102247546693,129984,0.0649659486545895,32.214126394052045,0.0650952264335298,0.0993422418832779,0.9821578860282898,
Replacement_791d787a709da2015ed5a9b0b2511dfc,STFD,TruFor,Light,Replacement,1080,2340,961,2082,0.8896008544727063,4721.910699999626,0.0,2867.32763671875,False,0.0,0.0,0.0,0.0,0.003525194981252253,0.003526276100384778,0.5227577643173427,0.010328317860064738,0.04081632653061224,7404,0.0037005160930466885,0.003653846153846154,270519,0.13520528268164467,36.53687196110211,0.13570747035965722,0.1870044767856598,0.9771126508712769,
Splicing_7c313f4fb02d436de0fc8761bc90381b,STFD,TruFor,Light,Splicing,1080,2340,961,2082,0.8896008544727063,5624.544400000104,0.0,2867.32763671875,False,0.09122701965830478,0.16591938641919526,0.1177253950964878,0.0625442189942963,0.10316096113531198,0.1031638521450649,0.8113683656285778,0.20838071432982985,0.3469387755102041,86313,0.043139201180326686,0.04298314339981007,156982,0.07845953772537212,1.8187526792024375,0.07451648977873469,0.2396286576986313,0.6984733939170837,
Copy-move_7daaaeebd301210b949472337be7d6ac,STFD,TruFor,Light,Copy-move,1125,2436,961,2081,0.8542797160427661,4097.313900000245,0.0,2867.2880859375,False,0.0,0.0,0.0,0.0,0.003999092136773831,0.004000026221898256,0.5930335522734307,0.01061980338046722,0.1020408163265306,7153,0.0035767843543561715,0.003586571793468345,107633,0.053820778751910776,15.04725290088075,0.05401397509293979,0.18248368799686432,0.9668937921524048,
Insertion_86a0362691b2e0c99550f38022237efb,STFD,TruFor,Light,Insertion,1080,2400,949,2108,0.8784104611578831,5323.117300000376,0.0,2864.4580078125,False,0.005623066194270324,0.2337943676053991,0.010982000634028547,0.005521317875217429,0.006769264678360496,0.006771049032388996,0.7968628686199724,0.016650330286917935,0.3061224489795918,6001,0.0029997620585336007,0.0029621913580246914,249508,0.12472331806375632,41.577737043826026,0.12439514643084376,0.259942889213562,0.8999571204185486,
Removal_785a4e769c98bfbd2311daa4835350bf,STFD,TruFor,Light,Removal,1080,2340,961,2082,0.8896008544727063,4731.526699999904,0.0,2867.32763671875,False,0.0,0.0,0.0,0.0,0.0022147541148063673,0.0022199283937188734,0.2247279611348057,0.007597966971249213,0.0,7630,0.0038134707982099177,0.003840614118391896,17502,0.008747492255605503,2.2938401048492794,0.008780978259778886,0.04334847629070282,0.4667237102985382,
Replacement_7c9774ca28549afd6d7cc953ef9eee2f,STFD,TruFor,Light,Replacement,1080,2340,961,2082,0.8896008544727063,3890.0211999998646,0.0,2867.32763671875,False,0.0,0.0,0.0,0.0,0.0067612578244013195,0.006763748967911244,0.8654061076068867,0.016832837790096013,0.04081632653061224,3832,0.0019152319919712195,0.0019274295663184553,41815,0.02089911945309931,10.91205636743215,0.020939222922727933,0.04363402724266052,0.9409347772598267,
Splicing_8472c9325f2c14a1d8e8860d39b85b4b,STFD,TruFor,Light,Splicing,828,1792,828,1792,1.0,1410.9214000000065,0.0,2188.6611328125,False,0.039794007490636704,0.07769652650822668,0.05263157894736842,0.02702702702702703,0.0704133928281979,0.07042688400511501,0.9515578191594867,0.19700514740290126,0.22448979591836732,7658,0.005161156400966184,0.005161156400966184,14952,0.010076992753623188,1.9524680073126142,0.009726187201836168,0.04640088230371475,0.504473090171814,
Copy-move_7f9b26494d53aeb09702bb526c7da461,STFD,TruFor,Light,Copy-move,1080,2400,949,2108,0.8784104611578831,5133.394899999985,0.0,2864.4580078125,False,0.015207239336467,0.9492565816396126,0.029934916613254987,0.015194887146466135,0.01395380676340925,0.013956920199971579,0.8761735235290329,0.03305993055904997,0.5510204081632653,7331,0.0036645985087668436,0.0036709104938271605,457611,0.22874922768998826,62.42136134224526,0.22609914602984907,0.4118447005748749,0.9373992085456848,
Insertion_87c5bbce06a32a13ad39dd6dbab23130,STFD,TruFor,Light,Insertion,1080,2340,961,2082,0.8896008544727063,5841.181200000392,0.0,2867.32763671875,False,0.0,0.0,0.0,0.0,0.004460203909498005,0.0044622689139455505,0.7907605407372275,0.008946308989724901,0.02040816326530612,3925,0.0019617133529454688,0.0019871794871794872,15914,0.007953810521980686,4.054522292993631,0.007969444287254547,0.019788630306720734,0.34574204683303833,
Removal_7b8873e5e398e1d8bb4a2900f9e30e27,STFD,TruFor,Light,Removal,1080,2340,961,2082,0.8896008544727063,3867.1761000000515,0.0,2867.32763671875,False,0.0,0.0,0.0,0.0,0.0017275532145457407,0.0017285987919862494,0.5179216617905343,0.004292349821810138,0.02040816326530612,3654,0.001826267666665667,0.0018668882557771446,41042,0.020512774377474632,11.23207443897099,0.02055030473455147,0.05040762946009636,0.9365748167037964,
Replacement_7dc751e3b75c8db65cee167bec7cf17e,STFD,TruFor,Light,Replacement,1080,2340,961,2082,0.8896008544727063,3909.177499999714,0.0,2867.32763671875,False,0.0,0.0,0.0,0.0,0.003933273034375444,0.003935109987612479,0.6682900023624702,0.010120020455561617,0.02040816326530612,5722,0.002859853198867254,0.0028731402342513455,85516,0.04274086091477318,14.94512408248864,0.04286344407241815,0.06985004246234894,0.9731549024581909,
Splicing_86ead0b0a262aef2a3d70c0e55107efa,STFD,TruFor,Light,Splicing,1080,2340,961,2082,0.8896008544727063,3901.4869000002363,0.0,2867.32763671875,False,0.24104032175427811,0.31658857868660784,0.27369676431768514,0.15854501032056953,0.22735305356861624,0.22736257677248373,0.8469801721397419,0.3546125743577973,0.2857142857142857,118883,0.05941767351292132,0.059523583412472304,156144,0.07804070567702351,1.3134258052034353,0.06297136061647712,0.1561305671930313,0.9342513084411621,
Copy-move_817b8acec11a6c9715b912f30177825b,STFD,TruFor,Light,Copy-move,1080,1920,1061,1886,0.9820927516479826,4622.9465999999775,0.0,2866.94287109375,False,0.0,0.0,0.0,0.0,0.015585647517587717,0.015593677646865249,0.6372074594983299,0.025102628645420313,0.0,25435,0.012710852224286699,0.01275414737654321,10071,0.005032867810135299,0.39595046196186356,0.005097663457026712,0.02251613885164261,0.20508235692977905,
Insertion_8975d5eea21b55ccd0edcf56cfa1ad78,STFD,TruFor,Light,Insertion,1080,2340,961,2082,0.8896008544727063,3916.5729000001193,0.0,2867.32763671875,False,0.0,0.0,0.0,0.0,0.009001197640258838,0.009003782859092502,0.7931291280182465,0.02215225090173539,0.12244897959183673,6774,0.0033856423574146768,0.003370132953466287,14386,0.007190116763177966,2.123708296427517,0.007214542624276088,0.06451416015625,0.33717378973960876,
Removal_7d1f5bfab4c4a7180f4205cc6e03b040,STFD,TruFor,Light,Removal,1080,2400,949,2108,0.8784104611578831,5162.822000000233,0.0,2864.4580078125,False,0.0,0.0,0.0,0.0,0.0009182552663398244,0.0009193074974745006,0.23571490319843327,0.003066535433856867,0.0,3072,0.0015356222369297154,0.001535493827160494,223481,0.11171301859742504,72.74772135416667,0.11188483143254799,0.1324969083070755,0.9919226169586182,
Replacement_7ee00ce662265de6f27183904733d677,STFD,TruFor,Light,Replacement,1080,2400,949,2108,0.8784104611578831,5159.126600000036,0.0,2864.4580078125,False,0.04466184602296895,0.24210283606179386,0.07541207311380041,0.03918349068925626,0.041861472550741685,0.04195277589102124,0.939533096336665,0.10151380231522707,0.9183673469387754,4337,0.0021679666801966715,0.002143132716049383,23510,0.011752108981190628,5.420797786488356,0.011251631261099463,0.04782780259847641,0.6269792318344116,
Splicing_8b8ab5a82e4caeb658885643e459b854,STFD,TruFor,Light,Splicing,1080,2340,961,2082,0.8896008544727063,3949.5272999997724,0.0,2867.32763671875,False,0.9584898908570406,0.09113644096631507,0.16644658142894872,0.09077814681759643,0.2929554469120492,0.2929090490268016,0.8985839977378818,0.3210862875397998,0.02040816326530612,58780,0.029378219334047048,0.029300015827793607,5589,0.002793379854678274,0.09508336168764886,0.00011946311627777646,0.012576538138091564,0.15244489908218384,
Copy-move_83bb774dbfef9dd61921ea91dde8c5ce,STFD,TruFor,Light,Copy-move,1080,2400,949,2108,0.8784104611578831,5155.054000000291,0.0,2864.4580078125,False,0.01457101131799927,0.2586687406831292,0.027587970787580917,0.013986920774660228,0.01685775591056431,0.016859014194889943,0.572042152379117,0.0390803685590794,0.1020408163265306,30858,0.015425205399471729,0.015334876543209877,547800,0.2738326371712559,17.75228465875948,0.27407020796757164,0.3367726504802704,0.9401423931121826,
Insertion_89c52d1a2332181345a84f4534885496,STFD,TruFor,Light,Insertion,1080,2340,961,2082,0.8896008544727063,3910.8390000001236,0.0,2867.32763671875,False,0.0,0.0,0.0,0.0,0.00532090552827649,0.005322678399812648,0.7739059014317607,0.012678400679958918,0.061224489795918366,5330,0.0026639317633628916,0.0026507597340930675,54947,0.02746248754249546,10.309005628517824,0.02753584114435081,0.06776753067970276,0.9649735689163208,
Removal_80e31b5140b521c51233963775d51d97,STFD,TruFor,Light,Removal,1080,2340,961,2082,0.8896008544727063,3887.075199999799,0.0,2867.32763671875,False,0.0,0.0,0.0,0.0,0.0011164106449558114,0.0011169375644882807,0.28696567007106394,0.0035699369940590973,0.04081632653061224,3573,0.001785783900655837,0.0018447293447293447,6210,0.003103755394086971,1.7380352644836272,0.003109307946159404,0.16704249382019043,0.42154401540756226,
Replacement_83a54bceb4e027de48d968e1e90c63be,STFD,TruFor,Light,Replacement,1080,2340,961,2082,0.8896008544727063,3899.5389000001524,0.0,2867.32763671875,False,0.0,0.0,0.0,0.0,0.005064605064287486,0.005065997437982042,0.7093800677397218,0.013188473823398092,0.061224489795918366,6452,0.003224706892536093,0.003184156378600823,121340,0.060645681081886164,18.806571605703656,0.060841878306215055,0.1171221137046814,0.9827263951301575,
Splicing_8bf8304d25f410234daec79a027fc981,STFD,TruFor,Light,Splicing,1080,2340,961,2082,0.8896008544727063,3902.671000000282,0.0,2867.32763671875,False,0.0,0.0,0.0,0.0,0.009412986629000987,0.009414790939305402,0.6830212227055459,0.02508873665298491,0.04081632653061224,12940,0.006467406569965444,0.0064213358657803105,127709,0.0638289046092517,9.869319938176197,0.0642443992591035,0.10040106624364853,0.9814379215240479,
Copy-move_84e365509f29fe09a02ba2ac6399ed26,STFD,TruFor,Light,Copy-move,1080,2340,961,2082,0.8896008544727063,3902.325099999871,0.0,2867.32763671875,False,0.0,0.0,0.0,0.0,0.028388545032400715,0.02838978738607938,0.7018571805120213,0.061335527131661086,0.04081632653061224,34382,0.017184109172221938,0.017252295030072806,15174,0.007583958832508164,0.4413355825722762,0.007716561060200771,0.04062449932098389,0.2993781268596649,
Insertion_8c7e2d21e2e7b5761d53c78d878b8220,STFD,TruFor,Light,Insertion,1080,2340,961,2082,0.8896008544727063,3917.265800000223,0.0,2867.32763671875,False,0.0,0.0,0.0,0.0,0.0025880283895551182,0.0025891385415771056,0.7182144669954296,0.007273984873739951,0.1020408163265306,3228,0.001613353045428783,0.0015784267173156062,145155,0.07254840808835657,44.96747211895911,0.0726656434254751,0.14392203092575073,0.9701891541481018,
Removal_83dfaeccb0e6a040c660bd827b5e95c6,STFD,TruFor,Light,Removal,1080,2340,961,2082,0.8896008544727063,3883.319300000039,0.0,2867.32763671875,False,0.0,0.0,0.0,0.0,0.0011149599080032928,0.0011155549704931456,0.3616696866525957,0.003201537224331075,0.02040816326530612,3159,0.0015788668743833723,0.0016104779993668882,45985,0.022983283703235,14.556821779044002,0.023019628632343216,0.11481931805610657,0.9124084711074829,
Replacement_84347584d6907277a4af6794a75b386b,STFD,TruFor,Light,Replacement,1080,2376,953,2098,0.8828357307829559,5239.814300000035,0.0,2865.341796875,False,0.0530584465303576,0.8369492283605457,0.0997906582929984,0.052515612939442846,0.20158203350151924,0.20178629435336695,0.9826363412182079,0.3411250963267403,0.8163265306122448,4471,0.002236177561801226,0.0022318088290310513,70526,0.03527368792744202,15.77409975397003,0.03347698131707339,0.17089980840682983,0.6930052042007446,
Splicing_8dd8caa8f0609a53f37bed872f0f3bb1,STFD,TruFor,Light,Splicing,1080,2340,961,2082,0.8896008544727063,3876.9186000004083,0.0,2867.32763671875,False,0.0,0.0,0.0,0.0,0.0022462715437631437,0.0022470404479620763,0.5482708305057467,0.007495209603444482,0.2040816326530612,4333,0.002165631581735724,0.0022103513770180437,515145,0.25746925482881367,118.88876067389799,0.25802804851966143,0.3408423364162445,0.9678353667259216,
Copy-move_8b06b31fff76db63511975c05b15030e,STFD,TruFor,Light,Copy-move,1080,1920,1061,1886,0.9820927516479826,4477.460900000096,0.0,2866.94287109375,False,0.0,0.0,0.0,0.0,0.012958589863805233,0.012962605945135701,0.6923187849419746,0.03544061610172484,0.02040816326530612,17624,0.0088073937330776,0.00890625,146769,0.07334613996879633,8.327791647753063,0.07399786833059228,0.09504355490207672,0.9603386521339417,
Insertion_8e3cd0c088acc2c7cd2b6c82f5a7db0b,STFD,TruFor,Light,Insertion,1080,2316,966,2071,0.8941983055272923,6227.2932000000765,0.0,2863.7060546875,False,0.011684896765259604,0.24312075105212042,0.02229809976247031,0.01127475266105181,0.009895151097881893,0.009903459727272138,0.9010082260713932,0.024398861882357317,0.5714285714285714,3089,0.001544047594054942,0.001534814175142327,64271,0.03212608705649245,20.806409841372613,0.0317997974465043,0.19519542157649994,0.8204972147941589,
Removal_8a68930a2aba571da795a3ce80d40798,STFD,TruFor,Light,Removal,1080,2340,961,2082,0.8896008544727063,3888.372600000366,0.0,2867.32763671875,False,0.0,0.0,0.0,0.0,0.0017933199930610755,0.0017944353125273948,0.40478525036996094,0.00438858528966159,0.0,4400,0.0021991181536203984,0.00222340930674264,33401,0.016693805783880664,7.591136363636363,0.016730598346425218,0.11207025498151779,0.7102112770080566,
Replacement_860d3b7e3c905550716aa8230650ac0f,STFD,TruFor,Light,Replacement,1080,2340,961,2082,0.8896008544727063,3900.2715999999964,0.0,2867.32763671875,False,0.017427060896808302,0.04260411680229775,0.024735964424680377,0.012522864781201633,0.00512712770504674,0.005133161483285336,0.661754754687473,0.03627671541057368,0.42857142857142855,4178,0.0020881626467786417,0.002056821779044001,10214,0.005104952913881533,2.444710387745333,0.005026484706184039,0.1417863517999649,0.4107254445552826,
Splicing_8eb590a8ef9a17cf2e5e3400f3a46b3e,STFD,TruFor,Light,Splicing,1080,2340,961,2082,0.8896008544727063,3895.156499999757,0.0,2867.32763671875,False,0.11406100224712039,0.27668293054814364,0.16153152852421804,0.08786200635497049,0.09768304794352012,0.09768645451369891,0.7088445761647865,0.2103384955875445,0.32653061224489793,104936,0.05244696876552502,0.052497230136119025,254548,0.12722298358358297,2.4257452161317374,0.11895038995372036,0.29308173060417175,0.9156189560890198,
Copy-move_8c70458601abe547a6eee717997bf540,STFD,TruFor,Light,Copy-move,750,1334,750,1334,1.0,880.3484000000026,0.0,1569.3857421875,False,0.021100071699272766,0.16045398909535996,0.03729567556383199,0.019002187491763963,0.03627857831942041,0.0362855984099097,0.8910862773655216,0.09768387782066892,0.32653061224489793,8987,0.008982508745627187,0.008982508745627187,68341,0.06830684657671164,7.604428619116502,0.0674716317385652,0.19021792709827423,0.8963956832885742,
Insertion_98d4651c7ee3daaef0872b77ec3c4235,STFD,TruFor,Dark,Insertion,1080,2340,961,2082,0.8896008544727063,3912.404400000014,0.0,2867.32763671875,False,0.0002817581709869586,0.0007504288164665523,0.000409692145616294,0.0002048880433191863,0.01782003506608664,0.017823331047639078,0.8663688692438748,0.046854435377730985,0.14285714285714285,9328,0.004662130485675244,0.004664846470402026,24844,0.012417020774669357,2.6633790737564325,0.012471666715206928,0.05691146105527878,0.5975537896156311,
Removal_8adccce49b38f5b2cbaabd146c449696,STFD,TruFor,Light,Removal,1080,2400,949,2108,0.8784104611578831,5144.015599999875,0.0,2864.4580078125,False,0.0,0.0,0.0,0.0,0.0009518978875600583,0.0009525267408114877,0.13965577944701985,0.0034956291825085314,0.04081632653061224,3439,0.0017190771070316703,0.0017550154320987654,63085,0.031534742453356475,18.343995347484736,0.03158904645995875,0.16854247450828552,0.7666073441505432,
Replacement_8c9a5487cfeb49366e2c041b95e073fd,STFD,TruFor,Light,Replacement,1080,2340,961,2082,0.8896008544727063,3902.3975000000064,0.0,2867.32763671875,False,0.006302842008760314,0.37605817234642935,0.01239789182168504,0.006237612533550795,0.005445278020864808,0.0054465212087984405,0.5723890630377302,0.015552837965046142,0.5510204081632653,9214,0.004605153333513261,0.004571858182969294,549752,0.27476581890661844,59.66485782504884,0.2742971939979554,0.42694199085235596,0.7784649729728699,
Splicing_8f0c12b06745b23229583881f598e00c,STFD,TruFor,Light,Splicing,1080,2400,949,2108,0.8784104611578831,5161.98790000044,0.0,2864.4580078125,False,0.1299978978347698,0.31649521469880754,0.18429718815658105,0.10150184653262208,0.1626001656056837,0.16262863613011308,0.9081108191112782,0.215,0.8775510204081632,19539,0.00976709729406566,0.00977662037037037,47570,0.02377915032901906,2.4346179435999797,0.020891964625107208,0.1849081814289093,0.731626033782959,
Copy-move_90cd34008522247a8c892a4f6f2c3869,STFD,TruFor,Light,Copy-move,1080,2400,949,2108,0.8784104611578831,5155.582899999899,0.0,2864.4580078125,False,0.005594190021125547,0.23048188270452,0.010923253961228646,0.005491620161455413,0.005128490098249076,0.005132409404993209,0.838406121650174,0.015911569346683852,0.42857142857142855,2677,0.0013381708099807447,0.0013244598765432098,110293,0.055132937297424835,41.20022413149047,0.05489797603882241,0.1805380880832672,0.8340107202529907,
Insertion_99205c2eb5c0b18c90d2f59334f0aa34,STFD,TruFor,Light,Insertion,1080,2340,961,2082,0.8896008544727063,3916.8924000000516,0.0,2867.32763671875,False,0.0,0.0,0.0,0.0,0.014601707724517101,0.014605274151434016,0.877236950727237,0.034511515594076864,0.08163265306122448,7056,0.0035265858390785294,0.003520496992719215,3828,0.0019132327936497464,0.5425170068027211,0.0019200038520453457,0.05009453743696213,0.28359395265579224,
Removal_8e166d8cb829c65dbb857acdeba4ecb2,STFD,TruFor,Light,Removal,1080,2400,949,2108,0.8784104611578831,5151.423400000112,0.0,2864.4580078125,False,0.0,0.0,0.0,0.0,0.0003750290841297409,0.0003760785365140758,0.7075761586776731,0.0010047721030105909,0.08163265306122448,487,0.00024344011373202192,0.00024074074074074075,27827,0.013910078120782288,57.139630390143736,0.013913465216336959,0.09477901458740234,0.7219477891921997,
Replacement_90af1ebf913aff52b37787bfc28216a6,STFD,TruFor,Light,Replacement,1080,2376,953,2098,0.8828357307829559,5212.210700000014,0.0,2865.341796875,False,0.000161793141549268,0.04120603015075377,0.00032232070910556004,0.00016118633139909736,0.0008025927086546772,0.0008036988912390491,0.7086737274897098,0.002246880680185274,0.2857142857142857,995,0.0004976507881888213,0.000488293428108243,253410,0.1267434032511851,254.68341708542712,0.1267859921867455,0.26316237449645996,0.9380184412002563,
Splicing_8f59895b62266f7d8c16315e4788c5fd,STFD,TruFor,Dark,Splicing,1080,2340,961,2082,0.8896008544727063,3922.1895000000586,0.0,2867.32763671875,False,0.20444730887275597,0.937263272982858,0.3356734305732305,0.20168723899471477,0.3496583345147063,0.3496657790916497,0.9393865627494602,0.40739514479300926,0.8979591836734693,76829,0.03839910196011399,0.03835430515986071,352213,0.1760359096002503,4.584375691470669,0.145638218415747,0.26657137274742126,0.9608923196792603,
Copy-move_92050f52a223ae63202ece1d606d9a5f,STFD,TruFor,Light,Copy-move,1080,2340,961,2082,0.8896008544727063,3928.253600000062,0.0,2867.32763671875,False,1.571116592562334e-05,3.0352698354883748e-05,2.0705005435063924e-05,1.0352609892954013e-05,0.03126819371084597,0.031269693221590886,0.7402764926001544,0.06990389167091376,0.14285714285714285,32946,0.0164663969748131,0.01665914846470402,63649,0.03181174349086017,1.9319188975899957,0.032343830036344126,0.12769460678100586,0.7877451777458191,
Insertion_9e6bf730cda5fbb9be4faf6f1c0719f5,STFD,TruFor,Light,Insertion,1080,2316,966,2071,0.8941983055272923,6227.2477999999865,0.0,2863.7060546875,False,0.0,0.0,0.0,0.0,0.00598051617763128,0.005981765518824066,0.7263096235396341,0.014997232699245654,0.08163265306122448,7142,0.003569954003476981,0.0035689726859847756,205240,0.10258994114724386,28.737048445813496,0.10295749466752013,0.1575840413570404,0.967793345451355,
Removal_92b7342ceca6fdc6edd34b8250de664c,STFD,TruFor,Light,Removal,1080,2340,961,2082,0.8896008544727063,3913.0788000002212,0.0,2867.32763671875,False,0.031928691668736374,0.22088583428789615,0.05579264617239301,0.02869685996329183,0.013186404656923372,0.01319351087816535,0.7853902169597888,0.05947437200522724,0.5306122448979591,5238,0.0026179502019690105,0.0026147515036403926,36237,0.018111237393805085,6.918098510882016,0.017578990200264186,0.18004371225833893,0.5745292901992798,
Replacement_954834e62d64a4d9e4b29002a364df58,STFD,TruFor,Dark,Replacement,1080,2340,961,2082,0.8896008544727063,3915.1361000003817,0.0,2867.32763671875,False,0.0,0.0,0.0,0.0,0.009146901653295523,0.009148934993885976,0.7928202077398077,0.01958549634414253,0.061224489795918366,8067,0.004031883214830853,0.0040174897119341565,4571,0.002284583881863373,0.5666294781207388,0.0022938323459968336,0.04786410182714462,0.35821452736854553,
Splicing_91c0886a34609b90730f8809cebd301a,STFD,TruFor,Light,Splicing,1080,2340,961,2082,0.8896008544727063,3888.064399999621,0.0,2867.32763671875,False,0.08199086118337669,0.6487217549068118,0.14558187222166702,0.07850541905351191,0.5242632467364486,0.5242927891634086,0.8763388028214196,0.6074354663658998,0.836734693877551,30315,0.015151424278864175,0.015129392212725546,239856,0.11987992814881232,7.912122711528946,0.11174394959215667,0.21438390016555786,0.7881639003753662,
Copy-move_96c30a7bda135d4561ebd35085653dec,STFD,TruFor,Light,Copy-move,1080,2340,961,2082,0.8896008544727063,3913.3539999997993,0.0,2867.32763671875,False,0.0,0.0,0.0,0.0,0.023198569304792038,0.02320056976115915,0.8782187391939553,0.05996942218473218,0.02040816326530612,10996,0.005495796185729523,0.005642212725546059,31189,0.015588249112106045,2.8363950527464534,0.015674392377950413,0.024522926658391953,0.9761577844619751,
Insertion_a1b003de48e1bfe16ee13e2d80f1cee0,STFD,TruFor,Light,Insertion,1080,2400,949,2108,0.8784104611578831,5150.280299999849,0.0,2864.4580078125,False,0.0,0.0,0.0,0.0,0.003431585862995754,0.0034327075381170432,0.5805637741249726,0.010732695018097363,0.04081632653061224,6155,0.0030767431211921868,0.003138888888888889,500903,0.25038990408359546,81.38147847278636,0.25116266709187063,0.2689143121242523,0.9878857135772705,
Removal_95a8a141c37ede139535b5bd80713668,STFD,TruFor,Light,Removal,1080,2340,961,2082,0.8896008544727063,3891.341800000191,0.0,2867.32763671875,False,0.0,0.0,0.0,0.0,0.019588566104027327,0.019592328288969896,0.8711800149774804,0.05131782539141381,0.2040816326530612,9717,0.004856552522438502,0.004931940487496043,4813,0.0024055353803124945,0.4953174848204178,0.0024172750033273314,0.13634492456912994,0.36260560154914856,
Replacement_9ac067d3e5117ac0582073a648689308,STFD,TruFor,Light,Replacement,1080,2340,961,2082,0.8896008544727063,3921.8399000001227,0.0,2867.32763671875,False,0.005823210534184773,0.7303305625362458,0.011554294172696633,0.005810716449956781,0.003946275007477953,0.003947251051267957,0.6850583930689511,0.013361586513719678,0.36734693877551017,5173,0.0025854632292450727,0.002630183602405825,648783,0.3242614711500688,125.41716605451383,0.32320887299192386,0.3686037063598633,0.992446780204773,
Splicing_92184b85e6dff89b48d8cce5eb43954a,STFD,TruFor,Dark,Splicing,1080,2340,961,2082,0.8896008544727063,3904.4362999998157,0.0,2867.32763671875,False,0.014423521536747447,0.6653969221392656,0.028235005070059493,0.014319660376698554,0.011705997275110198,0.011707194939233355,0.6207497626467472,0.028560795919300035,0.4693877551020408,19689,0.009840553937870913,0.009848448876226655,908308,0.4539719572451447,46.13276448778506,0.4518707413459,0.4389213025569916,0.8002836108207703,
Copy-move_9846f71fac8340bce6f2deb8157bdf20,STFD,TruFor,Dark,Copy-move,2340,1080,2082,961,0.8896008544727063,3888.715599999614,0.0,2867.32763671875,False,0.0398148504960738,0.950229925716307,0.07642737649508939,0.039731994290827605,0.13188175774676208,0.1318959415631003,0.9270067602617778,0.2858376511226252,0.8163265306122448,28270,0.014129334137011059,0.014288144982589427,674698,0.3372137772753126,23.866218606296428,0.3284281319643991,0.41224050521850586,0.9172124266624451,
Insertion_a535de3d87818a5405606517dcaa36e4,STFD,TruFor,Light,Insertion,1170,2532,961,2080,0.8216563506305302,4946.709499999997,0.0,2863.22412109375,False,0.0,0.0,0.0,0.0,0.010653972268165545,0.010656301459753737,0.6254198151594277,0.025498944645221625,0.02040816326530612,17269,0.008639338029296405,0.008741442864665614,2057,0.0010290762827183224,0.11911517748566797,0.001038044298300726,0.025051560252904892,0.11104234308004379,
Removal_964f7a06ed992503a4913a5b8e3f8c83,STFD,TruFor,Light,Removal,1080,2400,949,2108,0.8784104611578831,5141.426600000159,0.0,2864.4580078125,False,0.00030069055140425943,0.012896531277794249,0.0005876790056741421,0.00029392586986854417,0.0027563929082585746,0.0027572481953583397,0.4448948244944925,0.008154862605796528,0.061224489795918366,6746,0.0033721704460702665,0.0033684413580246913,289334,0.14463142067051504,42.8897124221761,0.14507715626764894,0.2536798417568207,0.9621462225914001,
Replacement_9b3813b3eb23197769eeb855b87ff4c7,STFD,TruFor,Light,Replacement,1080,2340,961,2082,0.8896008544727063,3888.7792000000445,0.0,2867.32763671875,False,0.0,0.0,0.0,0.0,0.0056115479624808335,0.005613172395965579,0.7729592801985694,0.01430123590927611,0.14285714285714285,5423,0.002710413124337141,0.002735042735042735,27947,0.013967898872552106,5.153420615895261,0.014005860540779472,0.13225391507148743,0.5514019727706909,
Splicing_92d2a674d64ba2924822d91935179037,STFD,TruFor,Light,Splicing,1080,2340,961,2082,0.8896008544727063,3906.832099999974,0.0,2867.32763671875,False,0.37443067471666136,0.16570571415178362,0.22973939039448887,0.129777157751753,0.1490958729739149,0.14914630220187344,0.8156282802768026,0.2364016145877438,0.24489795918367346,42666,0.021324448895992706,0.021390867363089584,18882,0.009437215676513719,0.44255378990296723,0.006032267421670405,0.03080248460173607,0.41163164377212524,
Copy-move_99e8900fe966b6c995955e79625d2eec,STFD,TruFor,Light,Copy-move,1080,2340,961,2082,0.8896008544727063,3896.633699999711,0.0,2867.32763671875,False,0.0,0.0,0.0,0.0,0.008245388103286393,0.00824777932228975,0.426049858751636,0.024972318030825624,0.04081632653061224,21105,0.010548270143672387,0.010647752453308009,6661,0.003329165004833062,0.3156124141198768,0.003364656308515899,0.07757829874753952,0.3776884973049164,
Insertion_a60f6d699ea825c3b1269fc8067029fc,STFD,TruFor,Light,Insertion,1668,2224,1225,1633,0.7342595152227752,3916.6999999997643,0.0,2867.2373046875,False,0.0,0.0,0.0,0.0,0.0017333299195213963,0.0017340345336906418,0.520821145908022,0.0051692880591895736,0.08163265306122448,3566,0.0017826211929964882,0.0017778043752048722,439750,0.21982828648912106,123.31744251261918,0.22022085685569187,0.27604904770851135,0.9681451320648193,
Removal_9727099e3dd798f6b29da3ae08898895,STFD,TruFor,Light,Removal,1080,2400,949,2108,0.8784104611578831,5179.431500000192,0.0,2864.4580078125,False,0.0,0.0,0.0,0.0,0.0009156874036956448,0.0009161933549250185,0.30323647292454864,0.002753525521028329,0.0,2758,0.00137866084943104,0.0013314043209876542,512467,0.2561704820614129,185.81109499637418,0.25652414185271916,0.2911217212677002,0.9582725763320923,
Replacement_9f2b969b17ea7d8e56504a06a6e04803,STFD,TruFor,Light,Replacement,1080,2340,961,2082,0.8896008544727063,3910.8776999996735,0.0,2867.32763671875,False,0.0,0.0,0.0,0.0,0.004141913216828384,0.004143198427942807,0.7196877067094294,0.01085561589952493,0.04081632653061224,5053,0.00252548727960088,0.0025328426717315606,128792,0.06437018755479053,25.48822481694043,0.06453316524272341,0.09884066879749298,0.982096254825592,
Splicing_95f98de306f0667efe492fcda3dcff3f,STFD,TruFor,Light,Splicing,1080,2340,961,2082,0.8896008544727063,3906.7864000003283,0.0,2867.32763671875,False,0.5232854593354296,0.2327669306518986,0.32220928559281015,0.19204378879081807,0.42070766311670216,0.4207082068711084,0.940627467629181,0.5094379023894723,0.3469387755102041,105814,0.05288579279708837,0.0528656220322887,47068,0.02352456664877384,0.444818266013949,0.011840708226120693,0.15465375781059265,0.5854644179344177,
Copy-move_9faf0bc95dec8d4f0f8b2ef82265674a,STFD,TruFor,Light,Copy-move,1080,2340,961,2082,0.8896008544727063,3868.9218999998047,0.0,2867.32763671875,False,0.00013901921940708304,0.0005566379070414695,0.0002224755972079313,0.0001112501738283966,0.014754519699592837,0.014758161740963305,0.8479139298669743,0.04268621020021399,0.24489795918367346,7186,0.003591559784526405,0.003634457106679329,28773,0.0143807333259363,4.0040356248260505,0.014430562355037278,0.1085839569568634,0.627284586429596,
Insertion_a8c87284a29c71e2558d2e050965b216,STFD,TruFor,Light,Insertion,1080,2340,961,2082,0.8896008544727063,3914.36640000029,0.0,2867.32763671875,False,0.0,0.0,0.0,0.0,0.005851775434785381,0.005853629673828875,0.7882808780119807,0.015019350417766565,0.02040816326530612,5423,0.002710413124337141,0.002702991452991453,133324,0.06663527925301954,24.58491609810068,0.06681637924424383,0.08183606714010239,0.9826953411102295,
Removal_988b9a0f68c71d8cd21a14b15e303b64,STFD,TruFor,Light,Removal,1080,2340,961,2082,0.8896008544727063,3895.8854000002248,0.0,2867.32763671875,False,0.0,0.0,0.0,0.0,0.00723356063195406,0.0072358687987838875,0.6453739887234549,0.021650493859290378,0.2040816326530612,9658,0.004827064347196774,0.004815210509654954,21793,0.010892132254965759,2.2564713191136883,0.010944964301928942,0.08891058713197708,0.5296600461006165,
Replacement_a108e2a986bfb5ce9281d391e33bfb93,STFD,TruFor,Light,Replacement,1080,2340,961,2082,0.8896008544727063,3914.413799999693,0.0,2867.32763671875,False,0.0,0.0,0.0,0.0,0.005920096140265153,0.005922015420614669,0.7423825248798858,0.013277166173498537,0.02040816326530612,6407,0.0032022159114195206,0.0032166033554922443,26148,0.013068759427469585,4.081161229904792,0.01311074285685634,0.023260071873664856,0.7501636743545532,
Splicing_968804cae8e22a480e7d2876434d395a,STFD,TruFor,Light,Splicing,1080,2340,961,2082,0.8896008544727063,3921.0557999999764,0.0,2867.32763671875,False,0.04038100012532899,0.10397237729516925,0.05816986974065482,0.029956209265784652,0.04688123268830646,0.04688393024876505,0.8445049394141843,0.10262231646283564,0.3061224489795918,30989,0.01548828919603239,0.015536957898069009,79790,0.03987900851758445,2.574784600987447,0.03887069483245364,0.21874818205833435,0.8074330687522888,
Copy-move_a0df85c4eb2cd8b280058472d5d95e9e,STFD,TruFor,Light,Copy-move,1080,2340,961,2082,0.8896008544727063,3876.752099999976,0.0,2867.32763671875,False,0.0,0.0,0.0,0.0,0.013819564169514017,0.01382158426110847,0.7517956206913827,0.02939851689096402,0.02040816326530612,14876,0.007435018557558419,0.007591801202912314,11972,0.005983600576168957,0.8047862328582952,0.006028422005653786,0.03283479064702988,0.31750360131263733,
Insertion_aac38b07d21908f5cc7f74d909f3ca0e,STFD,TruFor,Dark,Insertion,1080,2340,961,2082,0.8896008544727063,3890.4677999998967,0.0,2867.32763671875,False,0.0033833618440619506,0.16080068304714923,0.00662728093806327,0.0033246571876342367,0.004742870900852397,0.004743764402246367,0.5002005143040336,0.014757633258582025,0.16326530612244897,10541,0.005268387376661959,0.005285691674580564,500981,0.25039009357247743,47.5268949815008,0.2508645850971305,0.32748982310295105,0.8990163207054138,
Removal_98ee806671374509d7d92cecb6725bd8,STFD,TruFor,Light,Removal,1080,2316,966,2071,0.8941983055272923,6228.089000000182,0.0,2863.7060546875,False,0.0,0.0,0.0,0.0,0.01430290030193602,0.014342654666439294,0.1641152930782943,0.05047023501518726,0.0,51792,0.025888414694494512,0.025978698906160048,76104,0.038040854029769276,1.4694161260426322,0.03905184437144203,0.07380962371826172,0.95084148645401,
Replacement_a11ceb5a1719e1e85eb4bb7b78ac495c,STFD,TruFor,Light,Replacement,1080,2340,961,2082,0.8896008544727063,3876.8028999998023,0.0,2867.32763671875,False,0.0,0.0,0.0,0.0,0.004571617370555491,0.004573670132210113,0.8013830379259412,0.011522579084313117,0.02040816326530612,3855,0.0019267273823196898,0.0019420702754036087,19933,0.009962505035480773,5.1706874189364465,0.0099817371217163,0.026159171015024185,0.5039859414100647,
Splicing_99280622b129880972d978e13016a5cb,STFD,TruFor,Light,Splicing,1080,2340,961,2082,0.8896008544727063,3913.0926000002546,0.0,2867.32763671875,False,0.0,0.0,0.0,0.0,0.003846797320341336,0.0038478187573884456,0.5731922150767108,0.011061440858424467,0.14285714285714285,7077,0.0035370816302662633,0.00353434631212409,219646,0.10977897862956955,31.03659742828882,0.11016865415240316,0.22102564573287964,0.9535415768623352,
Copy-move_aaaa127de422b4ec82139396e6a257b1,STFD,TruFor,Light,Copy-move,1080,2340,961,2082,0.8896008544727063,3911.538500000006,0.0,2867.32763671875,False,0.0,0.0,0.0,0.0,0.015157957802749093,0.015161012297740408,0.6338426057426302,0.03639015176342305,0.02040816326530612,24891,0.012440511354946667,0.012589822728711618,16068,0.0080307796573574,0.645534530553212,0.008131945214131608,0.04464985430240631,0.38894206285476685,
Insertion_abd56a23bb328fe84464cc4d2be23c36,STFD,TruFor,Light,Insertion,1080,2340,961,2082,0.8896008544727063,3906.1203000001115,0.0,2867.32763671875,False,0.0,0.0,0.0,0.0,0.006551143367207903,0.006552576376315647,0.7476498195933046,0.014763094979352315,0.02040816326530612,6784,0.0033906403532183594,0.00346232985121874,9232,0.00461414972595989,1.3608490566037736,0.004629847874994107,0.020973840728402138,0.23679950833320618,
Removal_9a28c356b963222c6e57dee55c7c8a9a,STFD,TruFor,Light,Removal,1080,2340,961,2082,0.8896008544727063,3928.057400000398,0.0,2867.32763671875,False,0.0,0.0,0.0,0.0,0.007884725849316541,0.007885564789616516,0.2448207839153742,0.026277446869914463,0.02040816326530612,26223,0.013106244395997205,0.01302548274770497,167938,0.08393534192788692,6.404225298402166,0.08505002838579769,0.2475753128528595,0.7275854349136353,
Replacement_a301de8edeb1b31b6601190226ad0ba3,STFD,TruFor,Light,Replacement,1080,2340,961,2082,0.8896008544727063,3874.080900000081,0.0,2867.32763671875,False,0.0,0.0,0.0,0.0,0.01836137092794885,0.018364812323989236,0.8954325081132136,0.048772232855608985,0.16326530612244897,8132,0.004064370187554791,0.004080009496676164,45385,0.022683403955014038,5.581037875061486,0.022775973944506617,0.06800591200590134,0.9129030108451843,
Splicing_9b38afd7164a3ee56ddc5f69b515f1fa,STFD,TruFor,Light,Splicing,1080,2400,949,2108,0.8784104611578831,5168.555599999763,0.0,2864.4580078125,False,0.04493281503474029,0.074836867862969,0.05615162468682464,0.028886833664574275,0.013246812778831529,0.013252252977451048,0.5084531651794136,0.06093765197937944,0.6938775510204082,19616,0.009805587825394953,0.009919367283950617,32671,0.01633148245531599,1.665528140293638,0.015752121788542038,0.10832320898771286,0.7133209109306335,
Copy-move_ab7c220e22ddb0ccb02446e22000a444,STFD,TruFor,Dark,Copy-move,2340,1080,2082,961,0.8896008544727063,3937.4188000001595,0.0,2867.32763671875,False,0.09742607082297298,0.9736758112318565,0.17712863758899566,0.09717012469531479,0.13083522048570112,0.13084123318016014,0.8866276209999993,0.23852974089696136,0.673469387755102,65795,0.032884313390330475,0.03281220322886989,657555,0.3286457130690593,9.993996504293639,0.3067131023298624,0.3941936790943146,0.9324456453323364,
Insertion_afee3219de5ffbacd29a881c1cf0ff01,STFD,TruFor,Light,Insertion,1080,2340,961,2082,0.8896008544727063,3895.7931999998436,0.0,2867.32763671875,False,0.0,0.0,0.0,0.0,0.004424464316346696,0.004426062728443494,0.6482848072447223,0.011925837813590011,0.02040816326530612,6808,0.003402635543147198,0.0033796296296296296,61819,0.030897110258786227,9.080346650998825,0.03100260081023313,0.0664084404706955,0.9712297320365906,
Removal_9ea45e4fc647622c3cfc34bc65ae140f,STFD,TruFor,Light,Removal,1080,2400,949,2108,0.8784104611578831,5159.986099999969,0.0,2864.4580078125,False,0.0,0.0,0.0,0.0,0.00037308798281815523,0.0003735695889659724,0.26603572721943763,0.0012379053541951605,0.04081632653061224,1216,0.000607850468784679,0.0005914351851851852,20369,0.010181995229173624,16.75082236842105,0.010188188124100925,0.12579070031642914,0.5009421706199646,
Replacement_a9b5031cd1d277dc67139cf222c50931,STFD,TruFor,Light,Replacement,1080,2340,961,2082,0.8896008544727063,3902.745800000048,0.0,2867.32763671875,False,0.012186931808874838,0.1517438303079747,0.022561863173216883,0.011409642988590356,0.009084580273695322,0.009092329471021225,0.7513335435530216,0.06615631792836216,0.8163265306122448,4903,0.002450517342545639,0.0024473725862614753,61049,0.03051226458190266,12.451356312461758,0.030214454739443227,0.17715498805046082,0.781520426273346,
Splicing_9e8f0fc7fb7d7d0441e29d93c98e67f1,STFD,TruFor,Light,Splicing,1080,2340,961,2082,0.8896008544727063,3917.2269000000597,0.0,2867.32763671875,False,0.07859233349989292,0.10603871713377637,0.09027550016398819,0.0472714782534026,0.04579645291177006,0.04584210962243093,0.9037778250473701,0.10446445437944714,0.4081632653061224,10383,0.005189419042963771,0.005220797720797721,14009,0.007001692321379127,1.349224694211692,0.00648506671208424,0.07982446253299713,0.47046783566474915,
Copy-move_ae4873eb5046025164358e5c1be674b5,STFD,TruFor,Light,Copy-move,750,1334,750,1334,1.0,882.4986999998146,0.0,1569.3857421875,False,0.0,0.0,0.0,0.0,0.006405848820504045,0.006408272658443907,0.550992823837268,0.017782944449057543,0.04081632653061224,6430,0.0064267866066966516,0.0064267866066966516,42937,0.04291554222888556,6.677604976671851,0.04319313529228324,0.09275398403406143,0.9470270276069641,
Insertion_b0030132416c564f4cf9159bac19731b,STFD,TruFor,Light,Insertion,1536,2048,1225,1633,0.7973599423122324,3956.558899999891,0.0,2867.2373046875,False,0.0,0.0,0.0,0.0,0.007161739727940413,0.007165148596064191,0.8813100564852003,0.01658326655013788,0.061224489795918366,3557,0.0017781221490433283,0.001774152119954427,21726,0.010860692102928128,6.10795614281698,0.010880038139726812,0.04000936448574066,0.5873842239379883,
Removal_ab8c0691ed31a07587c08033070b3d20,STFD,TruFor,Light,Removal,1080,2400,949,2108,0.8784104611578831,5147.980700000062,0.0,2864.4580078125,False,0.0,0.0,0.0,0.0,0.01695774024274794,0.016962219597645378,0.6952082020287568,0.04454954179168064,0.14285714285714285,22680,0.011337211046082664,0.01130324074074074,58621,0.02930329139031798,2.584700176366843,0.029639318600554552,0.14692319929599762,0.7258452773094177,
Replacement_ad2b11795282bb8fdd133c7d5c7ba59b,STFD,TruFor,Light,Replacement,1080,2376,953,2098,0.8828357307829559,5232.396200000039,0.0,2865.341796875,False,0.031182138194318202,0.7660576532683719,0.05992504605221369,0.03088800560528573,0.2787516791919036,0.2787561609579129,0.9204831734421448,0.36584712625207566,0.8571428571428571,12315,0.006159366287985259,0.00620596396059359,302545,0.15131834945988634,24.567194478278523,0.14750847852551408,0.26435479521751404,0.7190718650817871,
Splicing_a86ad09670abbc59a70781cbb1746e95,STFD,TruFor,Dark,Splicing,2340,1080,2082,961,0.8896008544727063,3942.419599999994,0.0,2867.32763671875,False,0.6736563265912411,0.5782438692677122,0.6223142102434507,0.4517098273572377,0.7043634000696989,0.7043578951906864,0.9743170449977264,0.6280231503366509,0.5510204081632653,47058,0.023519568652970158,0.023345204178537513,40393,0.020188404449815622,0.8583662714097496,0.006747045672309167,0.11624502390623093,0.6978630423545837,
Copy-move_aea96b366016af7b89b999d17ad2e2fe,STFD,TruFor,Light,Copy-move,1080,2340,961,2082,0.8896008544727063,3895.600900000318,0.0,2867.32763671875,False,0.0,0.0,0.0,0.0,0.01888211987894613,0.018884071826889056,0.6841200600168592,0.04944527612705029,0.1020408163265306,26759,0.0133741369710746,0.013341247230136119,87418,0.04369147971663363,3.2668634851825553,0.044283736473825545,0.14003069698810577,0.895721435546875,
Insertion_b1522d224a5215b235fda8abca320cf5,STFD,TruFor,Light,Insertion,1080,2316,966,2071,0.8941983055272923,6249.479999999949,0.0,2863.7060546875,False,0.02640874684608915,0.13542821934688848,0.04419867283329982,0.02259875388126915,0.024932220577599036,0.02494819581906919,0.8978303382232135,0.05095310574762629,0.6122448979591836,8115,0.004056311500730286,0.004074313951256956,41615,0.020801405188279835,5.128157732593962,0.020334549411258684,0.1407436728477478,0.6047508120536804,
Removal_ac0f9a1c5c23ca96f262dca62f6991be,STFD,TruFor,Light,Removal,1080,2400,949,2108,0.8784104611578831,5155.042700000195,0.0,2864.4580078125,False,0.0,0.0,0.0,0.0,0.0008046710860524648,0.0008052133362270693,0.4022226569813539,0.0023933470398593646,0.08163265306122448,2098,0.0010487420094656714,0.0010516975308641975,320752,0.1603365572069271,152.88465204957103,0.16050488542299465,0.2268989384174347,0.9427860379219055,
Replacement_af7552889eca0c883b8dc542f4b8d7f3,STFD,TruFor,Light,Replacement,1080,2340,961,2082,0.8896008544727063,3918.707899999845,0.0,2867.32763671875,False,0.0,0.0,0.0,0.0,0.00744681687120098,0.00744791620186106,0.7008006632763791,0.01880559684764399,0.08163265306122448,9003,0.004499695622055556,0.004465416270971826,153501,0.07671973538611017,17.04998333888704,0.07706651122929573,0.11253654211759567,0.9861100316047668,
Splicing_aa40dac7cbb3fde39c739fced1fdf2be,STFD,TruFor,Light,Splicing,1080,2340,961,2082,0.8896008544727063,3880.625599999803,0.0,2867.32763671875,False,0.0,0.0,0.0,0.0,0.007251305985426922,0.007252912978481287,0.7343654303919434,0.018934433666511836,0.061224489795918366,8454,0.004225305652433374,0.00427548274770497,50151,0.025065448755049225,5.93222143364088,0.025171807334863187,0.08227671682834625,0.8924699425697327,
Copy-move_b06d9b8f013c9f774a828d5f4c54fc54,STFD,TruFor,Light,Copy-move,1080,2340,961,2082,0.8896008544727063,3887.568900000133,0.0,2867.32763671875,False,0.06582197110667523,0.44387405886379194,0.11464348850913376,0.0608073262592008,0.04177160334338133,0.041780437504520644,0.9331390241962203,0.11565516611346265,0.6122448979591836,8766,0.004381243121508276,0.004406853434631213,59114,0.02954515239389005,6.743554642938626,0.027721888560246905,0.03866938501596451,0.9693909883499146,
Insertion_b4f1632aacb5f9c251e037c5ed83bc54,STFD,TruFor,Light,Insertion,1080,2340,961,2082,0.8896008544727063,3899.604199999885,0.0,2867.32763671875,False,0.0,0.0,0.0,0.0,0.005515730570446295,0.005516777867844295,0.6699812434838269,0.015044252910157041,0.14285714285714285,7860,0.003928424701694621,0.003805792972459639,274938,0.13741389702729206,34.9793893129771,0.13795584618117335,0.20567826926708221,0.9303642511367798,
Removal_aec65228ed0d4ad705cf989815420578,STFD,TruFor,Light,Removal,1668,2224,1225,1633,0.7342595152227752,3894.7587000002386,0.0,2867.2373046875,False,0.0,0.0,0.0,0.0,0.006351233935764813,0.006369367486972205,0.368344441362938,0.017422165664686493,0.0,17579,0.008787632628066536,0.008827290685437262,12308,0.006152692552832523,0.7001535923545139,0.006207239493132598,0.01977510191500187,0.18442367017269135,
Replacement_b452934bfc995690cf7c9512cc823170,STFD,TruFor,Light,Replacement,1080,2400,949,2108,0.8784104611578831,5145.840499999849,0.0,2864.4580078125,False,0.005025796121686532,0.16119828815977175,0.00974768169074833,0.004897711511789182,0.0035611697361745843,0.003564809726033513,0.836961412194032,0.010415171171641499,0.4693877551020408,2103,0.0010512413946169243,0.001027391975308642,67452,0.03371770544446066,32.074179743223965,0.03358355155077415,0.12439250946044922,0.8933565020561218,
Splicing_b185581959d3674e3f14299cc6085d8f,STFD,TruFor,Light,Splicing,1080,2340,961,2082,0.8896008544727063,3916.731300000265,0.0,2867.32763671875,False,0.00012837644642325714,0.0003281427122486725,0.00018455214646729445,9.228458889313025e-05,0.06590171157970472,0.06590480866547062,0.7734180654059659,0.1558715433553849,0.061224489795918366,67044,0.03350856306621045,0.033568376068376066,171371,0.08565115388729119,2.5560974882166936,0.08860932960587622,0.11708828061819077,0.9781699180603027,
Copy-move_b2b3a5a6b799cb5441322263e2c1438f,STFD,TruFor,Light,Copy-move,750,1334,750,1334,1.0,880.4237000003923,0.0,1569.3857421875,False,0.0,0.0,0.0,0.0,0.013501395569674533,0.013503811504667652,0.6091434369937802,0.03698718129594558,0.12244897959183673,11842,0.01183608195902049,0.01183608195902049,47451,0.04742728635682159,4.007008951190677,0.04799536341181683,0.1782611459493637,0.7636475563049316,
Insertion_ba5b5cb27bf8501353fdda66966917d9,STFD,TruFor,Light,Insertion,1080,2340,961,2082,0.8896008544727063,3909.0636000000814,0.0,2867.32763671875,False,0.0,0.0,0.0,0.0,0.004584391722058802,0.0045861738934227635,0.6950052229696083,0.012554177907009818,0.02040816326530612,6160,0.0030787654150685574,0.00302548274770497,148269,0.07410478398162337,24.069642857142856,0.07433363982108067,0.09562274813652039,0.9820649027824402,
Removal_aff944694a9c69eb103a87dfc205f198,STFD,TruFor,Light,Removal,1080,2340,961,2082,0.8896008544727063,3936.504100000093,0.0,2867.32763671875,False,0.01997151798886302,0.16502254791431792,0.03563088111122099,0.018138587482670755,0.011220353802495583,0.011230721687200601,0.5291492428753856,0.0532510967293576,0.9795918367346939,14192,0.007093155644586521,0.007150601456157012,117267,0.05860999739104619,8.262894588500563,0.05784980444073069,0.10619759559631348,0.9619730710983276,
Replacement_b486ea6faa14d49d2db2126f068b0beb,STFD,TruFor,Light,Replacement,1080,2340,961,2082,0.8896008544727063,3887.2592999996414,0.0,2867.32763671875,False,0.0,0.0,0.0,0.0,0.008354071229446074,0.00835625470008247,0.797839402736679,0.021060320819424265,0.24489795918367346,6680,0.003338661196860059,0.0033277936055713833,44064,0.022023168709347552,6.596407185628743,0.022096942915227853,0.17609095573425293,0.7135065793991089,
Splicing_b3fa88b282fab8fb9b72149e08b4acd9,STFD,TruFor,Light,Splicing,1080,2340,961,2082,0.8896008544727063,3895.1217000003453,0.0,2867.32763671875,False,0.4103822382556567,0.6172475014462686,0.49299353923857026,0.3271343236242533,0.5064506330487257,0.5064468691710651,0.8731386572939585,0.5653008358590891,0.7142857142857142,50129,0.025054453164281124,0.024946976891421335,75398,0.037683888760607,1.5040794749546171,0.022790083217433164,0.11087237298488617,0.8699942827224731,
Copy-move_b60ccb8254ba8e22eefed7739e76248c,STFD,TruFor,Light,Copy-move,1080,2340,961,2082,0.8896008544727063,3905.303200000162,0.0,2867.32763671875,False,0.0,0.0,0.0,0.0,0.04465306012526337,0.04466389291576562,0.9093585658485254,0.13960804876450153,0.1020408163265306,6825,0.0034111321360134586,0.0034583729028173473,1122,0.0005607751291732016,0.16439560439560438,0.0005626945546513324,0.013655757531523705,0.15216100215911865,
Insertion_ba80fdaa9a740c4f4d93173cd8390a2a,STFD,TruFor,Light,Insertion,1125,2436,961,2081,0.8542797160427661,3906.8984000000455,0.0,2867.2880859375,False,0.03848210572181181,0.16582743022958096,0.06246784979423868,0.03224093586658923,0.020053221310698477,0.020058698333049844,0.8081221298256639,0.07856308411214953,0.6938775510204082,11717,0.005858965787780128,0.005832877212187557,50491,0.025247507176820557,4.309208841853716,0.024419000022131418,0.08825282752513885,0.837961733341217,
Removal_b50c1027d11c15b5df0f05052c1a9418,STFD,TruFor,Light,Removal,1080,2400,949,2108,0.8784104611578831,5137.350799999695,0.0,2864.4580078125,False,0.0,0.0,0.0,0.0,0.0021579880192562515,0.002160397345533022,0.7942413755658463,0.004868699288347668,0.08163265306122448,1918,0.0009587641440205709,0.0009733796296296296,15540,0.007768089050093677,8.102189781021897,0.007775543962845509,0.07564178854227066,0.42864930629730225,
Replacement_b57798698d3a21147e62bcefa713a3f7,STFD,TruFor,Light,Replacement,1080,2400,949,2108,0.8784104611578831,5159.116100000119,0.0,2864.4580078125,False,0.009540745322406062,0.4746153846153846,0.018705472184326208,0.009441035606628618,0.006906480782208423,0.006921848328730785,0.8850560387935187,0.02115080356399367,0.5306122448979591,1300,0.0006498401393257259,0.0006489197530864198,64670,0.03232704754630361,49.746153846153845,0.03203944393534988,0.2460976094007492,0.6080700755119324,
Splicing_b5b092481a8eac27180e646a8cd60d71,STFD,TruFor,Light,Splicing,1080,2340,961,2082,0.8896008544727063,3902.462099999866,0.0,2867.32763671875,False,0.0,0.0,0.0,0.0,0.05023750941162348,0.05023962943353546,0.774513342560249,0.10543156998296764,0.061224489795918366,49379,0.02467960347900492,0.024719056663501108,17035,0.00851408585157352,0.344984710099435,0.008729527119440531,0.056885261088609695,0.41732078790664673,
Copy-move_b7a5b642d3f8075dde4c59690fc8d222,STFD,TruFor,Light,Copy-move,1080,2340,961,2082,0.8896008544727063,3907.6778000003287,0.0,2867.32763671875,False,0.06388971643690924,0.13307384216167428,0.08633119853613906,0.04511292574247958,0.03245338969599213,0.032464181606782744,0.7319542978424342,0.11176488521691412,0.5918367346938775,17727,0.008859947161188363,0.008908277936055713,36923,0.01845409990593772,2.0828679415580753,0.01742949711937269,0.2400490790605545,0.5562568306922913,
Insertion_bad5f858b8b69c333e2ed09b3cc5ebba,STFD,TruFor,Light,Insertion,1080,2340,961,2082,0.8896008544727063,3870.3528999999435,0.0,2867.32763671875,False,0.0014770407055041488,0.004256917490922749,0.0021931239115009996,0.0010977657238796332,0.014253317746577362,0.014256460906085192,0.8719510835854218,0.034546251644015785,0.16326530612244897,7987,0.003991899248401391,0.003982668566001899,23019,0.01150488654049726,2.882058344810317,0.011533935663872463,0.08976943790912628,0.5529363751411438,
Removal_b62c7d5352e00748ab52fa9eb8f601a6,STFD,TruFor,Light,Removal,1080,2340,961,2082,0.8896008544727063,3892.9198999999244,0.0,2867.32763671875,False,0.0070178632578663785,0.1797291296625222,0.013508270582591101,0.006800063842477088,0.0063455220045975065,0.006346980468486961,0.6078809021599458,0.016453592190375885,0.22448979591836732,9008,0.004502194619957397,0.004529123140234252,230697,0.11530226379221932,25.61023534635879,0.11501088968035851,0.20746013522148132,0.8791495561599731,
Replacement_b652d59da55c772a493036b4183291a0,STFD,TruFor,Light,Replacement,1080,2340,961,2082,0.8896008544727063,3915.611700000227,0.0,2867.32763671875,False,0.0,0.0,0.0,0.0,0.003473387833603416,0.0034743153719792815,0.5498426314674533,0.009807313272246572,0.04081632653061224,6857,0.0034271257225852434,0.0034587685976574865,256472,0.12818459797621154,37.40294589470614,0.12862541343918715,0.1662825644016266,0.9625440239906311,
Splicing_b6c40352ad022bd7f34a54d3503ff744,STFD,TruFor,Dark,Splicing,1080,2340,961,2082,0.8896008544727063,3894.8810000001686,0.0,2867.32763671875,False,0.08727992574759985,0.7781311818781274,0.15695484187288022,0.08516060563180983,0.10774059979098527,0.10774435420593424,0.8088099970017363,0.19614139779508447,0.673469387755102,77343,0.03865599894442329,0.03840218423551757,689540,0.3446318026471385,8.915351098354085,0.32720063177847825,0.37221336364746094,0.8134670257568359,
Copy-move_b926665e5a16c0ade6dee2b7f5acdf53,STFD,TruFor,Light,Copy-move,1080,2340,961,2082,0.8896008544727063,3918.399700000009,0.0,2867.32763671875,False,0.17014646307260828,0.06406195001759944,0.09307875894988067,0.04881101376720901,0.08537930671039325,0.08539402280238809,0.836520576447509,0.13708325113434602,0.26530612244897955,34092,0.01703916729391514,0.01743827160493827,12836,0.006415427413607144,0.3765106183268802,0.005416151847501665,0.1352778822183609,0.4511287212371826,
Insertion_bde3d4d15bd81f20b8ecef3117ec9359,STFD,TruFor,Light,Insertion,1080,2340,961,2082,0.8896008544727063,3914.29270000026,0.0,2867.32763671875,False,0.017444788283006902,0.47369519832985385,0.0336503346124613,0.017113098043948005,0.01861973754884555,0.01862443278666705,0.8435206974664411,0.05084105876924368,0.6530612244897959,9580,0.004788079979928049,0.004761791706236151,260135,0.13001536383910053,27.153966597077243,0.12836188029260423,0.3451848328113556,0.7327426075935364,
Removal_b7fa37d5c36d97bf276151559d2fc9e5,STFD,TruFor,Light,Removal,1080,2340,961,2082,0.8896008544727063,3902.259800000138,0.0,2867.32763671875,False,0.0,0.0,0.0,0.0,0.019204537171251698,0.019218171366378583,0.1304340208138377,0.06735840381427805,0.0,69734,0.034853023937401105,0.03469571066793289,133093,0.06651982554995446,1.9085811799122379,0.06892196442590318,0.1346358209848404,0.8660273551940918,
Replacement_b7245a45c039ee7d8a90849308ee1b49,STFD,TruFor,Light,Replacement,1080,2340,961,2082,0.8896008544727063,3893.4282999998686,0.0,2867.32763671875,False,0.04549066827212522,0.32687316144661704,0.07986639607644173,0.041594186942640096,0.03495027304928364,0.03496455479474904,0.8822540424811324,0.10678470156995643,0.6938775510204082,5779,0.0028883417749482458,0.0029028173472617916,41525,0.020754177574792507,7.185499221318567,0.019867440124750443,0.06769353151321411,0.7239890098571777,
Splicing_bb14487f4715db993132e45418ae0bff,STFD,TruFor,Light,Splicing,1080,2340,961,2082,0.8896008544727063,3902.1434000001136,0.0,2867.32763671875,False,0.0,0.0,0.0,0.0,0.017706901450551486,0.017708331313098746,0.662683228174007,0.04031355181890928,0.02040816326530612,25932,0.012960802718110037,0.012917458056346946,139923,0.06993345668386977,5.395765849143915,0.07085175226723785,0.10202271491289139,0.9695829153060913,
Copy-move_ba8610e08ca4e2f32f627d7024527f71,STFD,TruFor,Light,Copy-move,1080,2340,961,2082,0.8896008544727063,3916.5726999999606,0.0,2867.32763671875,False,0.06130968947556757,0.051604698637930456,0.05604012211077192,0.028827818283791364,0.03674268060261078,0.03674499570936282,0.7825433768579659,0.08726599063962559,0.2857142857142857,29881,0.014934511260984345,0.015080326052548275,25151,0.012570459245842417,0.841705431545129,0.011978663782059251,0.03330470621585846,0.8167197704315186,
Insertion_c08b2c7b8084c0ab900b58632f872eec,STFD,TruFor,Light,Insertion,1080,2340,961,2082,0.8896008544727063,3912.3653999999988,0.0,2867.32763671875,False,0.0,0.0,0.0,0.0,0.004457501283172058,0.004459623339938575,0.8355352488770398,0.011092876512764707,0.22448979591836732,3162,0.0015803662731244772,0.0015673472617917063,16171,0.008082259014135331,5.114168247944339,0.008095052161550629,0.15881705284118652,0.47824156284332275,
Removal_bc77377ef32628e55de94b1a3d5cebf3,STFD,TruFor,Light,Removal,750,1334,750,1334,1.0,890.2401999998801,0.0,1569.3857421875,False,0.0,0.0,0.0,0.0,0.004152508478886181,0.0041549199112466155,0.68435914528543,0.010982053031848658,0.2040816326530612,2689,0.002687656171914043,0.002687656171914043,18667,0.018657671164417793,6.941985868352547,0.01870795170628506,0.17538058757781982,0.6192119717597961,
Replacement_ba7f00ca31a91067da0b2469669b0fea,STFD,TruFor,Light,Replacement,1080,2400,949,2108,0.8784104611578831,5151.842899999792,0.0,2864.4580078125,False,0.549064267547356,0.8158384567657511,0.6563804683245599,0.48851661713050526,0.7319524597452645,0.731947150931148,0.9884922578444422,0.6902134350522668,0.7551020408163265,17729,0.008862319869312149,0.008855324074074074,26343,0.01316826060789046,1.4858706074792714,0.005991134593494029,0.021066391840577126,0.68829745054245,
Splicing_bf8d3b3cd3d67a2d817c91de69985377,STFD,TruFor,Light,Splicing,1080,2340,961,2082,0.8896008544727063,3898.7932,0.0,2867.32763671875,False,0.3586736880778887,0.06069665145148672,0.10382370796424885,0.05475424853708239,0.23532303514472386,0.23531883742273618,0.7859166834715906,0.32113261676536436,0.04081632653061224,193009,0.09646581720729987,0.09672127255460589,32662,0.01632445389398851,0.16922526928796067,0.011587056703947853,0.05250823497772217,0.8939931988716125,
Copy-move_bab847dd37d0ce3f0e2c41bd2e98ca17,STFD,TruFor,Light,Copy-move,1080,2340,961,2082,0.8896008544727063,3896.4829999999893,0.0,2867.32763671875,False,0.026932942469769145,0.01232446028086355,0.016910643927410776,0.00852742407982133,0.02900210137840292,0.029005517274704146,0.7659779560188333,0.06084451798737513,0.3061224489795918,23855,0.011922718989685136,0.011944048749604304,10916,0.005455812219300061,0.4575979878432195,0.005372931090211321,0.11406705528497696,0.43219250440597534,
Insertion_c1ca4eea546d0355245ba32dd5328f1d,STFD,TruFor,Light,Insertion,1080,2340,961,2082,0.8896008544727063,3898.8672999998926,0.0,2867.32763671875,False,0.11296129612961296,0.050472551779609895,0.06977067407922168,0.0361463133640553,0.04353256933538806,0.04355307015694476,0.8354497050329105,0.10590999457798662,0.24489795918367346,9946,0.004971006626342836,0.0049382716049382715,4444,0.0022211093351566023,0.446812789060929,0.0019800528014080375,0.11768355965614319,0.3544413149356842,
Removal_bd7c8e3ce7d4e68ea8eca98c6396451f,STFD,TruFor,Light,Removal,1080,2340,961,2082,0.8896008544727063,3898.935000000165,0.0,2867.32763671875,False,0.0,0.0,0.0,0.0,0.0035216033610785593,0.003523781243729489,0.6005390246569855,0.009612157625352708,0.02040816326530612,6149,0.0030732676196845066,0.003072570433681545,45906,0.02294379953638591,7.465604163278582,0.023014529344201725,0.04755482077598572,0.9652865529060364,
Replacement_baa84f33e7085b48a1c6afe80ff600de,STFD,TruFor,Light,Replacement,1080,2340,961,2082,0.8896008544727063,3953.8916999999856,0.0,2867.32763671875,False,0.010289640930696241,0.22845849802371543,0.019692349624380358,0.009944086021505377,0.00740864819581306,0.007410111906608839,0.6627893314934516,0.019610183794018975,0.4897959183673469,10120,0.005057971753326916,0.0050605413105413105,224692,0.11230096731210784,22.202766798418974,0.11171045902861432,0.20566105842590332,0.8703474998474121,
Splicing_c04c04c601ac517b6e6fff9bc5035ec5,STFD,TruFor,Light,Splicing,1080,2340,961,2082,0.8896008544727063,3906.8086999996012,0.0,2867.32763671875,False,0.014112859316322815,0.8031161473087819,0.027738284152303727,0.014064200470667027,0.011610901029742805,0.011612668562912891,0.7590659671911124,0.03184139004972217,0.5510204081632653,11296,0.005645736059840004,0.005728869895536563,642818,0.3212801666531721,56.906692634560905,0.3185444024798116,0.44119083881378174,0.9109976887702942,
Copy-move_c35a87cf67011ba24f5b32e1418fb58a,STFD,TruFor,Light,Copy-move,1080,2340,961,2082,0.8896008544727063,3878.588900000068,0.0,2867.32763671875,False,0.30567391399448796,0.6729524616688497,0.4203933554337559,0.2661380014321191,0.365857803496035,0.3658708984007347,0.9428052263786254,0.4827072734041233,0.6530612244897959,51916,0.025947595014399225,0.026025641025641026,114295,0.05712459303819169,2.2015370983897062,0.0407196726745433,0.20903699100017548,0.8091468811035156,
Insertion_c207987cd82c9701779701e6167e31de,STFD,TruFor,Light,Insertion,1080,2340,961,2082,0.8896008544727063,3901.0317000002033,0.0,2867.32763671875,False,0.013472090056892956,0.9301090299133352,0.026559481423530724,0.0134584656459214,0.02088580806578169,0.020892553438439543,0.9023012087788636,0.06142336844177577,0.8163265306122448,7154,0.0035755661979546202,0.003607154162709718,493910,0.24685601073969338,69.03969807100923,0.2444042278275804,0.3775039613246918,0.9024782776832581,
Removal_bd84cf600931889cf97ddac12987714f,STFD,TruFor,Light,Removal,1080,2400,949,2108,0.8784104611578831,5135.102999999617,0.0,2864.4580078125,False,0.0,0.0,0.0,0.0,0.0004486573921293058,0.0004491501454400371,0.30677770890393563,0.0014474364082150107,0.04081632653061224,1375,0.0006873309165945177,0.0007056327160493827,301267,0.15059645327249496,219.10327272727272,0.1507000340650397,0.2567538917064667,0.9340691566467285,
Replacement_c0b1bcd0a1bdf39effe9ee3fe346fdf5,STFD,TruFor,Light,Replacement,1080,2340,961,2082,0.8896008544727063,3908.4890999997697,0.0,2867.32763671875,False,0.0039165776229690774,0.7101258413813286,0.007790189786552332,0.003910325984047675,0.0026698503332240582,0.0026704309999317174,0.41036039596652646,0.007882198326986216,0.4897959183673469,6834,0.003415630332236773,0.00339585311807534,1239092,0.6192976616376833,181.31284752707052,0.6189863628704172,0.5830926895141602,0.9289321899414062,
Splicing_c0a4ef6a306b51d455fb12c84daf8a30,STFD,TruFor,Light,Splicing,1080,2340,961,2082,0.8896008544727063,3905.512799999997,0.0,2867.32763671875,False,0.0,0.0,0.0,0.0,0.02548391012185916,0.025487333316382803,0.8390556570301624,0.06843010331021947,0.1020408163265306,17794,0.008893433733073037,0.008925292814181703,68512,0.03424226885019108,3.850286613465213,0.034549532830931595,0.09190085530281067,0.9606795907020569,
Copy-move_c3d7ccf0693420fab6a060905d56edee,STFD,TruFor,Light,Copy-move,1170,2532,961,2080,0.8216563506305302,4976.699000000281,0.0,2863.22412109375,False,0.0045038160796214794,0.11367393529087617,0.008664346573862954,0.0043510226711181285,0.008479256311512617,0.008480579029286164,0.6638958859346485,0.0248966387864196,0.12244897959183673,12703,0.00635505883294645,0.006313039251427877,320617,0.16039832306091412,25.239470991104465,0.16069715841035315,0.24315164983272552,0.9798650741577148,
Insertion_c2b853f18928c6ad0d553627846c37c9,STFD,TruFor,Light,Insertion,1080,2340,961,2082,0.8896008544727063,3912.8961999999774,0.0,2867.32763671875,False,0.0,0.0,0.0,0.0,0.005232010297338042,0.005233420939181972,0.7653335091310193,0.013504099262279454,0.061224489795918366,5339,0.002668429959586206,0.002679249762583096,76056,0.03801275688448932,14.245364300430792,0.0381144626585409,0.08540815860033035,0.9724063873291016,
Removal_be53607c1df0967e16d8fed5bd26dd85,STFD,TruFor,Light,Removal,1080,2400,949,2108,0.8784104611578831,5164.532999999665,0.0,2864.4580078125,False,0.0,0.0,0.0,0.0,0.0006173681115460113,0.0006191635186448566,0.35060331589462046,0.0017091174071759956,0.0,1711,0.0008552895987587053,0.0008244598765432099,179078,0.08951697882320948,104.66277030976038,0.08959360730365158,0.11108220368623734,0.9967243671417236,
Replacement_c167dbbc7ef5f3f4610de852010c49c6,STFD,TruFor,Light,Replacement,1080,2340,961,2082,0.8896008544727063,3927.74240000017,0.0,2867.32763671875,False,0.0,0.0,0.0,0.0,0.003967808238369435,0.003968941315451041,0.6816252370085804,0.010540382991041864,0.04081632653061224,5581,0.002789381458035328,0.0028280310224754667,265605,0.13274926754371497,47.59093352445798,0.13312059165375664,0.17069217562675476,0.9829261898994446,
Splicing_c0bdf24a33c207544646ea023043def1,STFD,TruFor,Light,Splicing,1080,2340,961,2082,0.8896008544727063,3906.609899999694,0.0,2867.32763671875,False,0.0,0.0,0.0,0.0,0.002447240862857437,0.002449100858327847,0.7165910441911016,0.0071822517105535975,0.02040816326530612,3024,0.0015113939310336555,0.0015052231718898385,80681,0.04032432994369258,26.680224867724867,0.04038536814400799,0.0640031024813652,0.9931785464286804,
Copy-move_c6602e9f320e0fcb4cd11e56026cf541,STFD,TruFor,Light,Copy-move,1080,2340,961,2082,0.8896008544727063,3881.682300000193,0.0,2867.32763671875,False,0.0011226952851901182,0.052443384982121574,0.002198329269754986,0.0011003741272032491,0.005329222670423122,0.005329865832419284,0.46502179751321554,0.01432420218586979,0.1020408163265306,12585,0.006289977718934707,0.0063940329218107,587871,0.29381767911067663,46.71203814064362,0.2953455281792682,0.3326941430568695,0.9698355793952942,
Insertion_c32e5a05a854c917dca90c42ba663070,STFD,TruFor,Light,Insertion,1536,2048,1225,1633,0.7973599423122324,3915.9936999999445,0.0,2867.2373046875,False,0.0,0.0,0.0,0.0,0.006384405882193201,0.006387905930635751,0.866108514711751,0.016133838491337107,0.18367346938775508,3283,0.0016411512553582363,0.0016282399495442708,19091,0.009543472012197409,5.815108132805361,0.009559160039696727,0.07524535059928894,0.445663183927536,
Removal_be8d1448368f76aee2142bf489699ee0,STFD,TruFor,Light,Removal,1080,2340,961,2082,0.8896008544727063,3889.405099999749,0.0,2867.32763671875,False,0.0,0.0,0.0,0.0,0.0025661096818583307,0.002567199830031786,0.5735050176230062,0.007562548623160754,0.04081632653061224,4783,0.0023905413929014466,0.0024216524216524216,115459,0.05770635974974035,24.139452226636003,0.05784463975543319,0.10435067117214203,0.9572111964225769,
Replacement_c1fefaf01475feaed512eb93a5a973d6,STFD,TruFor,Light,Replacement,828,1792,828,1792,1.0,1411.8592999998327,0.0,2188.6611328125,False,0.1810530436484635,0.49438802779262425,0.26504297994269344,0.152766308835673,0.2482085042463374,0.24835499524665747,0.9072416424336452,0.42909785724034394,0.8163265306122448,3742,0.0025219440131124915,0.0025219440131124915,10218,0.006886484213250518,2.7306253340459645,0.005653924166606984,0.08710863441228867,0.3953081965446472,
Splicing_c1837cff57c5cafb289c9c12f0d9c2dd,STFD,TruFor,Light,Splicing,1080,2340,961,2082,0.8896008544727063,3904.2656999999963,0.0,2867.32763671875,False,0.0,0.0,0.0,0.0,0.04007431085213465,0.04007911299165351,0.6470045337184057,0.10581050155364768,0.14285714285714285,62959,0.031466881780406054,0.03140550807217474,22471,0.011230996370455448,0.35691481757969473,0.011595882638583209,0.15231478214263916,0.5180625319480896,
Copy-move_c7fb01437b8ceb4c46cb600fc3fc6e96,STFD,TruFor,Dark,Copy-move,1668,2224,1225,1633,0.7342595152227752,3908.548299999893,0.0,2867.2373046875,False,0.0,0.0,0.0,0.0,0.0031762401497653996,0.0031781214560946992,0.8184979718113444,0.008938524632078462,0.061224489795918366,2584,0.00129172550832948,0.0013136073874713179,38919,0.01945536573478136,15.061532507739939,0.019480529231305194,0.06198089197278023,0.6963682770729065,
Insertion_c571142807bcbc5d0f04eb10796b00ec,STFD,TruFor,Light,Insertion,1080,2340,961,2082,0.8896008544727063,3928.1301999999414,0.0,2867.32763671875,False,0.04965332140460747,0.4530612244897959,0.08949808506349528,0.04684532601814729,0.07487595659316917,0.07496327795942481,0.8926939201721266,0.138370720188902,0.9183673469387754,4410,0.002204116149424081,0.0022158911047799935,40239,0.02011143531443891,9.124489795918368,0.019155055720519818,0.10026374459266663,0.7528102993965149,
Removal_c0d8681804f5cd8e574aaa2c54bd0f0a,STFD,TruFor,Light,Removal,1080,2400,949,2108,0.8784104611578831,5161.292900000262,0.0,2864.4580078125,False,0.0,0.0,0.0,0.0,0.005773533752492492,0.0057767884535747036,0.7492267882677903,0.017512303044045816,0.04081632653061224,6256,0.003127230701247493,0.003158179012345679,42671,0.021330252757821577,6.820812020460358,0.021397166634239878,0.06290952861309052,0.7669157385826111,
Replacement_c32755de915c06a915d4d2b0020f6a4b,STFD,TruFor,Light,Replacement,1080,2340,961,2082,0.8896008544727063,3926.119199999903,0.0,2867.32763671875,False,0.0,0.0,0.0,0.0,0.009961476841717146,0.009964218803166874,0.8592057388326599,0.03439162844716227,0.14285714285714285,5202,0.002599957417075753,0.0025728078505856283,81771,0.040869111486294,15.71914648212226,0.040975646422128684,0.0718071237206459,0.9876614809036255,
Splicing_c2878e79cd1eb5db1e0c0749ea8450da,STFD,TruFor,Dark,Splicing,1080,2340,961,2082,0.8896008544727063,3874.352799999997,0.0,2867.32763671875,False,0.5539193781371133,0.5194822914839288,0.5361484260660956,0.36625873525228303,0.5733526755153183,0.5733568104994003,0.9282805149130795,0.5349812231889972,0.4897959183673469,102606,0.05128243574326695,0.05142885406774296,96227,0.04809421422009774,0.9378301463852017,0.02261357625872144,0.25798749923706055,0.8387326598167419,
Copy-move_cc6201cb4691e81676ed5d94094df0f6,STFD,TruFor,Light,Copy-move,1080,2340,961,2082,0.8896008544727063,3919.6728000001713,0.0,2867.32763671875,False,0.014179361297095737,0.31871144619602465,0.027150793253590915,0.01376222427986149,0.014368575593094277,0.014369724156758539,0.6771178735622725,0.036013385865980775,0.2857142857142857,20426,0.01020890622860233,0.010294001266223488,459118,0.22946698373952046,22.47713698227749,0.2285464982407381,0.3474716544151306,0.9472267031669617,
Insertion_c66653cc87a9f049ff6331c3aa53add3,STFD,TruFor,Light,Insertion,1080,2340,961,2082,0.8896008544727063,3905.7070000003478,0.0,2867.32763671875,False,0.0,0.0,0.0,0.0,0.0017901013215810653,0.0017910137196695463,0.6486610996050207,0.004646698129303426,0.1020408163265306,2707,0.0013529574640569132,0.0013441753719531497,270631,0.1352612602346459,99.97451052826007,0.13544451089662904,0.18508736789226532,0.9781575202941895,
Removal_c33e66a32e165ed406ebc01d5123ccdf,STFD,TruFor,Light,Removal,1080,2340,961,2082,0.8896008544727063,3901.7893999998705,0.0,2867.32763671875,False,0.001194905493084961,0.12530413625304138,0.00236723691576281,0.0011850210706936565,0.002918665661833667,0.002920534910304485,0.49617268123165276,0.011145851896252855,0.8163265306122448,5754,0.002875846785439039,0.0028679962013295345,603395,0.3015765677963137,104.86531108793882,0.30208496236682025,0.435427725315094,0.8589397668838501,
Replacement_c635212c278cd5239676de187c26945e,STFD,TruFor,Light,Replacement,1080,2340,961,2082,0.8896008544727063,3905.5927000003976,0.0,2867.32763671875,False,0.0,0.0,0.0,0.0,0.0025156013832734444,0.002516337773448798,0.544053802888355,0.006841417915732995,0.061224489795918366,5058,0.0025279862775027216,0.002509892371003482,344947,0.17240436584929444,68.19829972321075,0.17284130629980599,0.24829338490962982,0.9623618721961975,
Splicing_c3ab0d1310c74158fc0f4a3031e5da9b,STFD,TruFor,Light,Splicing,1080,2340,961,2082,0.8896008544727063,3914.3668000001526,0.0,2867.32763671875,False,0.003025127535358271,0.01844792375765827,0.005197893989815197,0.0026057191207861387,0.02382873304629062,0.02383065409311895,0.7245600770536818,0.06382158689198542,0.1020408163265306,29380,0.014684111671219842,0.014687796771130104,179166,0.08954709161626188,6.098230088495575,0.09060667883385698,0.14688706398010254,0.8996521830558777,
Copy-move_d01cf058cd2eabc2e2e73b09207bfa36,STFD,TruFor,Light,Copy-move,1080,1920,1061,1886,0.9820927516479826,4472.406100000171,0.0,2866.94287109375,False,0.013675795013603319,0.10137620366161094,0.024100410188391916,0.012197183658856756,0.022304947688088238,0.022310510680110748,0.739151963950493,0.05006783110055961,0.24489795918367346,24197,0.012092175792060752,0.012156635802469135,179368,0.08963711978635173,7.4128197710459975,0.08949343121300615,0.23830804228782654,0.8182557225227356,
Insertion_c67d8963bd51a72b869dfa1f7f3aa0b8,STFD,TruFor,Dark,Insertion,2340,1080,2082,961,0.8896008544727063,3936.4301999999043,0.0,2867.32763671875,False,0.01242216036172301,0.6973103171417102,0.024409480631034958,0.012355536429093483,0.18760276793014366,0.18763906219613274,0.7698975849494595,0.3143186401613368,0.7755102040816326,9964,0.004980003018789466,0.004745172522950301,559323,0.2795494006903232,56.134383781613806,0.27745853756056493,0.4266769587993622,0.7043284177780151,
Removal_c75beec53bb833e3acc7cbad120e0623,STFD,TruFor,Light,Removal,1080,2340,961,2082,0.8896008544727063,3906.0107000000244,0.0,2867.32763671875,False,0.0,0.0,0.0,0.0,0.002200962777161664,0.002202717414732892,0.46852871444772687,0.005986534635139512,0.18367346938775508,4847,0.002422528566045016,0.0024659702437480214,131369,0.06565817107339957,27.10315659170621,0.06581761612862014,0.12589889764785767,0.9001274704933167,
Replacement_c69defe40c9df0f8c2c9eae8cf607d59,STFD,TruFor,Light,Replacement,1080,2340,961,2082,0.8896008544727063,3897.8993999999147,0.0,2867.32763671875,False,0.0473778555944639,0.3718913612565445,0.0840482177192723,0.04386760590562579,0.028125621611986156,0.028134436733585337,0.9092152595031824,0.08483248060736095,0.5306122448979591,6112,0.0030547750352108802,0.0030401234567901236,47976,0.023978384667748234,7.849476439790576,0.022912332242102783,0.126792311668396,0.7383787631988525,
Splicing_c4dc999507a1d3dcb442af3d403d8165,STFD,TruFor,Light,Splicing,1080,2340,961,2082,0.8896008544727063,3937.716900000396,0.0,2867.32763671875,False,0.0,0.0,0.0,0.0,0.011127329461714967,0.011129238511447695,0.44843664394047,0.0333450364437575,0.061224489795918366,26447,0.013218199501999699,0.013236783792339347,448543,0.22418160317712596,16.96007108556736,0.22718457420271432,0.2784533202648163,0.96885746717453,
Copy-move_d35608936441bdb9478968fa1be18f9b,STFD,TruFor,Light,Copy-move,1080,2340,961,2082,0.8896008544727063,3902.9513000000406,0.0,2867.32763671875,False,0.0,0.0,0.0,0.0,0.042232716151368685,0.04224461783782859,0.6019019680947014,0.07262519783796698,0.0,75392,0.03768088996312479,0.03841880341880342,7942,0.003969408267284819,0.10534274193548387,0.004124835749268987,0.020444771274924278,0.1584949642419815,
Insertion_c706ea75267fc593ebbde1ba8b753a87,STFD,TruFor,Light,Insertion,1080,2400,949,2108,0.8784104611578831,5143.194400000084,0.0,2864.4580078125,False,0.005724871852016938,0.34140263438946244,0.011260913045945857,0.005662338071301767,0.08900726499695878,0.08904349002038199,0.6896870124672467,0.18566271273852503,0.7755102040816326,8427,0.004212463733921455,0.004235725308641975,502544,0.2512102022902366,59.63498279340216,0.25082866271933896,0.35588234663009644,0.6948640942573547,
Removal_ca218a8de3297118a764f94528a597e5,STFD,TruFor,Light,Removal,1080,2400,949,2108,0.8784104611578831,5152.131499999996,0.0,2864.4580078125,False,0.028944270015698586,0.01013710869042301,0.015015397144529562,0.0075644904866916255,0.04098232230755808,0.04098408893302158,0.6794506240227224,0.10991995021638899,0.18367346938775508,29101,0.0145469214573215,0.014551697530864197,10192,0.005094746692313691,0.35022851448403836,0.0050203130682852865,0.09134012460708618,0.3477044999599457,
Replacement_c9dfda5c8d8967058ae3c00933b63fca,STFD,TruFor,Light,Replacement,1080,2340,961,2082,0.8896008544727063,3887.0187999996233,0.0,2867.32763671875,False,0.0,0.0,0.0,0.0,0.004011363997545946,0.004012501885250668,0.67120964326447,0.010820004087452696,0.16326530612244897,5832,0.002914831152707764,0.0028929249762583097,160303,0.08011937213177515,27.486796982167352,0.08035358927703173,0.19938741624355316,0.9311790466308594,
Splicing_c4e35644b158cd87ea661762c8ff9e7b,STFD,TruFor,Light,Splicing,1080,2400,949,2108,0.8784104611578831,5160.478499999954,0.0,2864.4580078125,False,0.055916792946686875,0.3203125,0.09521240411906828,0.049985837961651666,0.053029731771611036,0.053035357735942354,0.9434073805799923,0.1359603582613687,0.18367346938775508,12672,0.0063344417273350755,0.006365354938271605,72590,0.03628607362588803,5.728377525252525,0.034475455524142024,0.054089583456516266,0.9514831900596619,
Copy-move_d5a10f4b3017d48eb09b913ecd7f90b2,STFD,TruFor,Light,Copy-move,1080,2340,961,2082,0.8896008544727063,3895.1806000000033,0.0,2867.32763671875,False,0.023758927016199267,0.040614578370652694,0.029979998681231728,0.015218118933392838,0.012450674014882725,0.012453157907926803,0.6682760120684405,0.03010981981021431,0.4897959183673469,16792,0.00839263455354403,0.008408119658119658,28705,0.014346746954471258,1.7094449737970463,0.014124424776084797,0.13797029852867126,0.5880115032196045,
Insertion_caab2853b1e9b6a4ff9458517da80c81,STFD,TruFor,Light,Insertion,1080,2340,961,2082,0.8896008544727063,3910.241799999767,0.0,2867.32763671875,False,0.0,0.0,0.0,0.0,0.003986269763233552,0.003987569362047844,0.5938764604307794,0.012315527235555882,0.061224489795918366,5113,0.0025554752544229764,0.0025732035454257675,66041,0.03300726408710107,12.916291805202425,0.03309182943835437,0.05453101545572281,0.9558916091918945,
Removal_ca5adbbee213114268e93b8a83055219,STFD,TruFor,Light,Removal,1125,2436,961,2081,0.8542797160427661,3923.5822999999073,0.0,2867.2880859375,False,0.0,0.0,0.0,0.0,0.0047059283543419185,0.004706939202915073,0.1551322029988277,0.017112686530167072,0.0,17259,0.008630186099794934,0.008457580733442802,79302,0.039654152505124156,4.594820093864071,0.03999935437727166,0.16189630329608917,0.7310622930526733,
Replacement_ca23df0d65d35864de75ec6d6ee60679,STFD,TruFor,Light,Replacement,1080,2400,949,2108,0.8784104611578831,5148.368099999971,0.0,2864.4580078125,False,0.004802218956345345,0.20807174887892377,0.00938777161817667,0.004716022279139732,0.004953612369347213,0.00496131504659028,0.9330414913034648,0.015691289858458662,0.2040816326530612,1115,0.0005573628887293726,0.0005563271604938271,48311,0.024149559208434725,43.328251121076235,0.024046990637583608,0.05314227193593979,0.8233006596565247,
Splicing_c6436c6f4a404cce41392e0e95f788c1,STFD,TruFor,Light,Splicing,1080,2340,961,2082,0.8896008544727063,3913.9576000002307,0.0,2867.32763671875,False,0.15543726614052356,0.2724520874726726,0.19794466617794793,0.1098438335731451,0.1456708895688168,0.14567312384801517,0.7676629502548683,0.29487836107554416,0.14285714285714285,160553,0.08024432202686722,0.08051994301994302,281419,0.14065309810765883,1.7528105983693858,0.12915426118965423,0.2151317298412323,0.9510141015052795,
Copy-move_da92ab86e030f03ef522c0e427d4b7f2,STFD,TruFor,Light,Copy-move,1080,2340,961,2082,0.8896008544727063,3872.4537999996755,0.0,2867.32763671875,False,0.21374730796841349,0.3564800957797067,0.26725008414675194,0.15423465423465424,0.1067164824523742,0.1068376680077315,0.8417515634271908,0.3350078492935636,0.7142857142857142,3341,0.0016698303980103978,0.001669832225387781,5572,0.002784883261812013,1.6677641424723137,0.0021932843745134448,0.010075041092932224,0.20500408113002777,
Insertion_cf59f6ce229356f4c79295ad6d777816,STFD,TruFor,Light,Insertion,1080,2340,961,2082,0.8896008544727063,3909.095900000011,0.0,2867.32763671875,False,0.004708126438173671,0.05627431466570162,0.008689274613208536,0.0043635955466069885,0.007063551332658342,0.007065383682946536,0.6484821742177539,0.01941264155699468,0.04081632653061224,11053,0.005524284761810514,0.005523899968344413,132112,0.06602952216161319,11.952592056455261,0.06608371206619529,0.1082647442817688,0.8787938356399536,
Removal_cf09984a6e03a3a7ffb424520210464d,STFD,TruFor,Light,Removal,1080,2340,961,2082,0.8896008544727063,3911.231200000202,0.0,2867.32763671875,False,0.0,0.0,0.0,0.0,0.0016677241109944775,0.0016689982676251125,0.6888896772477158,0.004119972551010902,0.061224489795918366,2303,0.0011510384335881312,0.0011680911680911682,37411,0.018698002101157435,16.244463742943985,0.018719549021540667,0.07568838447332382,0.8941933512687683,
Replacement_ca649cc66280a56bf9a95b73a9f873c2,STFD,TruFor,Light,Replacement,1080,2340,961,2082,0.8896008544727063,3916.0673999999744,0.0,2867.32763671875,False,0.0015302979112427212,0.01104576100989815,0.002688172043010753,0.0013458950201884253,0.011378188613310842,0.011381327094229414,0.8400428899083247,0.03302519089275253,0.3061224489795918,6971,0.0034841028747472262,0.0034615384615384616,50317,0.025148415485390357,7.218046191364223,0.025197722374664652,0.0995544046163559,0.9334895014762878,
Splicing_c829afc3487f82e3c206ea9b1fdc3c5c,STFD,TruFor,Light,Splicing,1080,2340,961,2082,0.8896008544727063,3918.499899999915,0.0,2867.32763671875,False,0.18573375389477859,0.5926666938875506,0.2828318256438735,0.1647082853430619,0.18757202499648865,0.18758602166530058,0.8526490785987775,0.3314587991856623,0.673469387755102,48982,0.024481183045598716,0.024118787591009813,156299,0.07811817461198059,3.190947695071659,0.06520529557028824,0.226740762591362,0.9347738027572632,
Copy-move_dc6bc742678cca84ef4bb6fd51c4ea41,STFD,TruFor,Light,Copy-move,1080,2340,961,2082,0.8896008544727063,3879.3426000002,0.0,2867.32763671875,False,0.019331642755410428,0.21252625548978424,0.03543965229020394,0.018039482641252554,0.014946009938612753,0.014954195923412534,0.8741819685840768,0.047264663892348346,0.6122448979591836,5237,0.0026174504023886423,0.0026638176638176638,57574,0.02877546104012291,10.993698682451786,0.028293240260277165,0.21366670727729797,0.6613937616348267,
Insertion_d0513b8c5492a5f9af29d33ab8400240,STFD,TruFor,Light,Insertion,1080,2340,961,2082,0.8896008544727063,3898.586399999658,0.0,2867.32763671875,False,0.0022029464408646563,0.007225107247685708,0.003376417831706673,0.0016910637848121333,0.013311439356487481,0.013317275265511349,0.918463957710858,0.029296594510239447,0.2857142857142857,4429,0.002213612341451078,0.002236071541627097,14526,0.007260088704429524,3.279747121246331,0.007260166311606098,0.15677309036254883,0.45929834246635437,
Removal_d0d123ccf91f2f06c35d8d3a9d87a0dc,STFD,TruFor,Light,Removal,1080,2340,961,2082,0.8896008544727063,3898.2976000002054,0.0,2867.32763671875,False,0.0,0.0,0.0,0.0,0.0029083216225353173,0.002909388280359932,0.48942455733250373,0.009358986027978716,0.061224489795918366,6623,0.0033101726207790676,0.003378838239949351,35223,0.017604440619311656,5.318284765212139,0.01766290789342381,0.13994809985160828,0.5613130927085876,
Replacement_cc53c7adb7846be4e1e00ce10f1f35d5,STFD,TruFor,Light,Replacement,1080,2340,961,2082,0.8896008544727063,3903.945300000032,0.0,2867.32763671875,False,0.024449691522583594,0.09010104790419161,0.038462306540189714,0.019608242384753217,0.022808728426978807,0.022821065314541963,0.8477502477756532,0.07635173739157534,0.5918367346938775,10688,0.005341857914976094,0.005355729661285217,39387,0.019685606071965144,3.6851609281437128,0.01930743665940745,0.1838018298149109,0.5453080534934998,
Splicing_cb1c89ff09bdde8cf13dd3e5164b179a,STFD,TruFor,Light,Splicing,1080,2340,961,2082,0.8896008544727063,3927.450200000294,0.0,2867.32763671875,False,0.14142960644129426,0.48905696052942565,0.21940874581159603,0.12322241013791954,0.17834954321922136,0.178354794588555,0.8070307169590851,0.26229310797793154,0.5714285714285714,84620,0.042293040490763205,0.042222222222222223,292612,0.1462473548107209,3.457953202552588,0.13110863164354952,0.366252064704895,0.7249251008033752,
Copy-move_ddf0ac5744bcd4b2d805f33255498832,STFD,TruFor,Light,Copy-move,1080,1920,1061,1886,0.9820927516479826,4493.70719999979,0.0,2866.94287109375,False,0.0,0.0,0.0,0.0,0.018588882526261123,0.01859146059341042,0.46213334472714235,0.06029312045818988,0.04081632653061224,41882,0.020930053581976627,0.02105565200617284,686798,0.3432194962034856,16.398405042739125,0.35055666600652113,0.3458000123500824,0.9797038435935974,
Insertion_db0eea536304459cc7dd82429c27a157,STFD,TruFor,Light,Insertion,1536,2048,1225,1633,0.7973599423122324,3880.642099999932,0.0,2867.2373046875,False,0.0,0.0,0.0,0.0,0.0035184232370715036,0.003521229947187138,0.8655927865477974,0.00825228411435308,0.04081632653061224,1962,0.0009807915817888699,0.0009667078653971354,10979,0.00548833372908257,5.595820591233435,0.005493721925299593,0.02452244609594345,0.21973183751106262,
Removal_d310561f87b05fdce70f670160655e43,STFD,TruFor,Light,Removal,1080,2340,961,2082,0.8896008544727063,3901.3819000001604,0.0,2867.32763671875,False,0.0,0.0,0.0,0.0,0.001278351645993727,0.0012789502857789505,0.33851674852416463,0.003886033697831284,0.02040816326530612,3775,0.001886743415890228,0.0019155587211142767,7122,0.0035595726113828354,1.8866225165562913,0.003566301306892696,0.15312480926513672,0.39588168263435364,
Replacement_ceb2a9a15a3672e85814d66610402903,STFD,TruFor,Light,Replacement,1080,2340,961,2082,0.8896008544727063,3908.8096000000405,0.0,2867.32763671875,False,0.004082801393918262,0.3009332376166547,0.008056301865325998,0.004044442557723998,0.005090372633607442,0.005091505987531474,0.6925856449477492,0.014506305246365717,0.4081632653061224,6965,0.003481104077265017,0.003483301677746122,513373,0.2565836099724011,73.70753768844222,0.25642868499280536,0.3970847725868225,0.8145514726638794,
Splicing_ccbfce56eed30950d787d1f464739b89,STFD,TruFor,Light,Splicing,1080,2376,953,2098,0.8828357307829559,5190.722199999982,0.0,2865.341796875,False,0.33268176603068034,0.4001737885912901,0.3633199526649187,0.2219859362594987,0.36064510001300637,0.3606494876125197,0.9615779433403292,0.37439036238220147,0.44897959183673464,19564,0.009784964844347837,0.009760023070208255,23533,0.01177006633009802,1.2028726231854427,0.007931994161114843,0.12630482017993927,0.5325966477394104,
Copy-move_de39c2684a461b0028fa71dc6c4fbe09,STFD,TruFor,Light,Copy-move,1080,1920,1061,1886,0.9820927516479826,4501.256000000012,0.0,2866.94287109375,False,0.0005801231055354834,0.007593523171412619,0.0010778979405016186,0.0005392395928741074,0.016298859527928786,0.016299900175461672,0.5030711961728944,0.04392098074883421,0.16326530612244897,35820,0.017900637966343603,0.017978877314814814,468866,0.2343104556317046,13.089503070910107,0.2384428050514292,0.3183900713920593,0.9455421566963196,
Insertion_deb161dcb46dca58c6c73fc53ecb862f,STFD,TruFor,Light,Insertion,1080,2340,961,2082,0.8896008544727063,3896.418100000119,0.0,2867.32763671875,False,0.0,0.0,0.0,0.0,0.0017079821217016865,0.0017089353023099782,0.5952949377755348,0.004552280430771871,0.04081632653061224,3036,0.0015173915259980748,0.0015345045900601456,254417,0.12715750983855473,83.80006587615283,0.1273507507886309,0.16913440823554993,0.991422712802887,
Removal_d345f43f630f7a7583e8d5c8548f8883,STFD,TruFor,Light,Removal,1080,2376,953,2098,0.8828357307829559,5194.375499999751,0.0,2865.341796875,False,0.0,0.0,0.0,0.0,0.007448310409608478,0.007450887493706933,0.5093959341150237,0.016107146808412468,0.0,16233,0.008118960044893602,0.00821174710063599,63368,0.03169360316175801,3.9036530524240742,0.03195302852365491,0.06348986178636551,0.9798292517662048,
Replacement_d0992367aff2cf0cc5ae8bee8b852252,STFD,TruFor,Light,Replacement,1080,2340,961,2082,0.8896008544727063,3914.8762999998326,0.0,2867.32763671875,False,0.0,0.0,0.0,0.0,0.00672314095566357,0.006725390682921586,0.8290765582690375,0.017862977889118833,0.061224489795918366,4938,0.0024680103278585286,0.002478236783792339,60121,0.0300484505713209,12.175172134467395,0.0301227939378635,0.06398379057645798,0.9725446105003357,
Splicing_ccc72936bf011a884a272534edc7fd80,STFD,TruFor,Light,Splicing,1080,2376,953,2098,0.8828357307829559,5208.143500000006,0.0,2865.341796875,False,0.0015935376960665895,0.12664196699225327,0.003147470722662626,0.0015762159080428932,0.0029350556450349046,0.002936451987255056,0.7728809274027645,0.007854232275872935,0.32653061224489793,2969,0.001484949939831769,0.0014574759945130316,235953,0.11801225771408737,79.47221286628495,0.11799942397034699,0.2741374969482422,0.8038777709007263,
Copy-move_de4bc7b459aab8dbd2a9a928be34cc88,STFD,TruFor,Light,Copy-move,1080,2340,961,2082,0.8896008544727063,3911.149299999579,0.0,2867.32763671875,False,0.0824313997915943,0.12886620330147697,0.10054654069397957,0.05293445869988044,0.0764189284517411,0.07642131049004883,0.8080176572650029,0.1720096944352041,0.22448979591836732,46040,0.023010772680155257,0.023050411522633745,71975,0.0359730747970064,1.5633145091225022,0.03378518714810294,0.0820828303694725,0.9774658679962158,
Insertion_e1fa777152b564cfcbfa487594fdb264,STFD,TruFor,Light,Insertion,1080,2340,961,2082,0.8896008544727063,3905.9822000003805,0.0,2867.32763671875,False,0.0,0.0,0.0,0.0,0.002925334352947781,0.0029280330065645697,0.8654075893361204,0.007295177419454217,0.08163265306122448,1642,0.0008206709109647031,0.0008151313706869262,51378,0.025678702840161095,31.289890377588307,0.025699793913443646,0.049189820885658264,0.9774453639984131,
Removal_d76f8cc7fa3007a97b90ef16a7cde107,STFD,TruFor,Light,Removal,1080,2340,961,2082,0.8896008544727063,3868.3225999998285,0.0,2867.32763671875,False,0.004844387743918211,0.29640557939914164,0.009532970706604495,0.00478931354617245,0.005002546269783619,0.005004853363174182,0.830830210741018,0.012932871892317585,0.36734693877551017,3728,0.0018632528356129193,0.0018482905982905983,228099,0.11400378448242254,61.185354077253216,0.11366328939238106,0.26477015018463135,0.7005394101142883,
Replacement_d643c2beb55bd369af9aee958ebb5565,STFD,TruFor,Light,Replacement,1080,2340,961,2082,0.8896008544727063,3908.7266000001364,0.0,2867.32763671875,False,0.0,0.0,0.0,0.0,0.0073722167428419225,0.007374017504207922,0.7691065351965649,0.018382127067682108,0.061224489795918366,7292,0.0036445385400454416,0.0036534504590060145,83278,0.04162230945390898,11.42046077893582,0.04177455844214476,0.07355918735265732,0.9742478728294373,
Splicing_cf89628438e158ebbb19772e1c8fa46b,STFD,TruFor,Light,Splicing,1125,2436,961,2081,0.8542797160427661,3901.3938999996753,0.0,2867.2880859375,False,0.7030725954776588,0.9190354971008344,0.7966777001348536,0.6620651011155825,0.9125492730757567,0.9125430899332806,0.98608707313114,0.8855187173668383,0.8775510204081632,28284,0.014143124378388081,0.014140850209815727,36972,0.01848746975384543,1.3071701315231226,0.005568187985434862,0.04055681824684143,0.9570575952529907,
Copy-move_de7c4e33a2e6c19c4f2a5daa84ee5ac3,STFD,TruFor,Light,Copy-move,1080,2340,961,2082,0.8896008544727063,3918.0913999998666,0.0,2867.32763671875,False,0.08526386619244448,0.26942742874500075,0.1295347507028027,0.06925269034079819,0.05871186231781719,0.05872237547152903,0.8662312299424707,0.13369585599099942,0.5918367346938775,19753,0.009872541111014483,0.010063311174422286,62418,0.031196490207426823,3.1599250746722016,0.02882109427883914,0.06858866661787033,0.895975649356842,
Insertion_e2390c6cb9b447778aeaacaa07c99cf1,STFD,TruFor,Light,Insertion,1080,2340,961,2082,0.8896008544727063,3939.470000000256,0.0,2867.32763671875,False,0.0,0.0,0.0,0.0,0.005920050582796432,0.005921918528992758,0.7874892026483473,0.01453598421285793,0.08163265306122448,5321,0.002659433567139577,0.002626622348844571,10031,0.005013489590674139,1.8851719601578651,0.005026858186071429,0.06283915042877197,0.3330140709877014,
Removal_dcd4b71df2d83d4f4b7add42ea95df05,STFD,TruFor,Light,Removal,1080,2340,961,2082,0.8896008544727063,3878.284800000074,0.0,2867.32763671875,False,0.0025916533190959243,1.0,0.005169908028889357,0.0025916533190959243,0.002117676817972374,0.0021184398191011833,0.5063917466320429,0.005607389312151228,0.5918367346938775,4660,0.002329066044516149,0.002330246913580247,1798080,0.8986796294685832,385.85407725321886,0.8984430967335991,0.6985605359077454,0.8953003287315369,
Replacement_d8549d7e0c68aec6130bf37311716a9b,STFD,TruFor,Light,Replacement,1080,2340,961,2082,0.8896008544727063,3906.4542999999503,0.0,2867.32763671875,False,0.0,0.0,0.0,0.0,0.004836523167307683,0.0048380059309426635,0.6719243416271118,0.012757475083056479,0.04081632653061224,7009,0.003503095258801221,0.0035046691991136437,146718,0.07332959483247217,20.932800684833786,0.07358737842895426,0.10787465423345566,0.9838104844093323,
Splicing_d25684230743477547031081a6d59113,STFD,TruFor,Light,Splicing,1080,2340,961,2082,0.8896008544727063,3922.9169000000184,0.0,2867.32763671875,False,0.012846504609126399,0.39461883408071746,0.024882963970217966,0.012598222543933727,0.010504608297788431,0.01050550961275414,0.5653200406331069,0.02511131008975578,0.4897959183673469,19847,0.0099195222715691,0.009859924026590694,609660,0.3047078121673209,30.717992643724493,0.3038070021782423,0.4380195438861847,0.8563045263290405,
Copy-move_e05564e28a559cfa647c9fbe46ff9163,STFD,TruFor,Light,Copy-move,1080,2340,961,2082,0.8896008544727063,3922.8805000002467,0.0,2867.32763671875,False,0.00026065321274831166,0.003571815131507739,0.00048585141780277375,0.00024298473614066607,0.005676655924263369,0.005677770997768858,0.6332100118098604,0.01437325575730581,0.2040816326530612,9239,0.004617648323022468,0.004626859765748654,126605,0.06327712587252511,13.703322870440523,0.06355410298343563,0.2471887171268463,0.9162982702255249,
Insertion_e84f6e371d599c907665ec9fb9abe150,STFD,TruFor,Dark,Insertion,1080,2340,961,2082,0.8896008544727063,3893.00540000022,0.0,2867.32763671875,False,0.0007703025703184295,0.0544,0.0015190947982172975,0.0007601247498854224,0.0025410921649100787,0.0025422469545046665,0.65871159976472,0.006603728339586584,0.14285714285714285,3750,0.0018742484263810212,0.0018554131054131053,264831,0.13236242266850992,70.6216,0.13250881799772865,0.2209966778755188,0.9311155676841736,
Removal_dfb796021ae612906c4c5523a9043f07,STFD,TruFor,Light,Removal,1080,2400,949,2108,0.8784104611578831,5152.671899999859,0.0,2864.4580078125,False,0.0,0.0,0.0,0.0,0.0011859609872543243,0.0011879233174452606,0.8023969983483242,0.0019649965249257596,0.04081632653061224,1014,0.0005068753086740662,0.0005069444444444444,17312,0.008653871147697667,17.072978303747533,0.008658259805809317,0.03718942776322365,0.2483976185321808,
Replacement_d99fee8597356616d0779ac72304d136,STFD,TruFor,Light,Replacement,1080,2340,961,2082,0.8896008544727063,3920.734900000298,0.0,2867.32763671875,False,0.0,0.0,0.0,0.0,0.00503695296503557,0.005038587346625702,0.776754758329866,0.012915382576614955,0.1020408163265306,4823,0.0024105333761161776,0.0024074074074074076,83314,0.04164030223880224,17.274310595065312,0.04174092011990106,0.10614433139562607,0.907639741897583,
Splicing_d56177b1668c6afb43ce63b736577930,STFD,TruFor,Dark,Splicing,1080,2340,961,2082,0.8896008544727063,3887.408599999617,0.0,2867.32763671875,False,0.03187708654916179,0.009081518904490648,0.014135850618443467,0.007118236472945892,0.12679789110197204,0.12680104595455502,0.8333393212635054,0.22863203739510785,0.02040816326530612,97781,0.04887090276799003,0.04894824311490978,27857,0.013922916910318961,0.284891747885581,0.014171677558996985,0.024599365890026093,0.9166910648345947,
Copy-move_e09122281e6f8bed819ed3c82ef11ec4,STFD,TruFor,Light,Copy-move,1080,2340,961,2082,0.8896008544727063,3915.3953,0.0,2867.32763671875,False,0.0,0.0,0.0,0.0,0.011938933400125683,0.011940442202974515,0.590211079762803,0.03266439773249251,0.02040816326530612,21854,0.010922620029368224,0.010934235517568851,98778,0.049369202949617205,4.519904822915714,0.04991439896348969,0.10657686740159988,0.9449061751365662,
Insertion_e8c765cd2026bbda53da8d1b0aecbd1a,STFD,TruFor,Light,Insertion,1080,2340,961,2082,0.8896008544727063,3882.9898000003595,0.0,2867.32763671875,False,0.014972921312519911,0.012389613813101358,0.013559322033898305,0.006825938566552901,0.030479036451644816,0.030485883857569132,0.9033834496525376,0.07854139502175601,0.061224489795918366,7587,0.003791979416254082,0.0038204336815447926,6278,0.0031377417655520136,0.8274680374324502,0.003102525317138392,0.040325939655303955,0.2491433173418045,
Removal_e08a655b4c57cb39c9bdd5845f15ae82,STFD,TruFor,Light,Removal,1080,2340,961,2082,0.8896008544727063,3910.8266999996886,0.0,2867.32763671875,False,0.0,0.0,0.0,0.0,0.0022528265256351264,0.0022539043463722696,0.7173269085468181,0.006077027158603694,0.061224489795918366,2789,0.0013939410296471115,0.0014272712883823995,224512,0.11221100338764156,80.49910362136967,0.1123676372476055,0.16026683151721954,0.9777442216873169,
Replacement_da7593ef781bd06fde9b9050f278357b,STFD,TruFor,Light,Replacement,1080,2340,961,2082,0.8896008544727063,3918.4015999999247,0.0,2867.32763671875,False,0.08518518518518518,0.23711340206185566,0.12534059945504086,0.06686046511627906,0.036707589235659144,0.0367272911655185,0.8230637043878235,0.1390927130924362,0.4693877551020408,5044,0.0025209890833775657,0.0025312598923710036,14040,0.007017186108370543,2.783505154639175,0.006435650013679013,0.11651159077882767,0.4476759135723114,
Splicing_d975fe7d827da47705ba46a3777d0511,STFD,TruFor,Light,Splicing,1080,2340,961,2082,0.8896008544727063,3880.08549999995,0.0,2867.32763671875,False,0.0,0.0,0.0,0.0,0.028610293120892166,0.028615654491679632,0.6845888127024694,0.06945930643636374,0.04081632653061224,40416,0.020199899840164095,0.02022119341563786,33824,0.016905221006376443,0.8368962787015044,0.017253744925744215,0.05678734928369522,0.8480731248855591,
Copy-move_e210f5bb0668622fbb3686f4d486b990,STFD,TruFor,Light,Copy-move,1080,2340,961,2082,0.8896008544727063,3916.8423000000985,0.0,2867.32763671875,False,0.004541385410226455,0.4451347734658765,0.008991041779287976,0.00451582186115472,0.006453030702434899,0.006456518024571411,0.5423927152835636,0.02943107643582712,0.8163265306122448,10462,0.005228903209812865,0.005303102247546692,1025458,0.5125234780852878,98.01739629134009,0.5128776992875589,0.466599702835083,0.8060853481292725,
Insertion_eb0f8e4f5bed9d928d4b93ba23c7b651,STFD,TruFor,Light,Insertion,1170,2532,961,2080,0.8216563506305302,4951.549799999611,0.0,2863.22412109375,False,0.0,0.0,0.0,0.0,0.004033601455370332,0.004034716003054344,0.6640411844268403,0.010051094211199364,0.12244897959183673,6021,0.003012186824621788,0.0030225084727454397,122364,0.06121628111742576,20.32286995515695,0.06140123310279352,0.15996326506137848,0.9819655418395996,
Removal_e0f71c79d77293b34d976e11f0b86652,STFD,TruFor,Light,Removal,1080,2400,949,2108,0.8784104611578831,5152.514899999915,0.0,2864.4580078125,False,0.0,0.0,0.0,0.0,0.001566508582244882,0.0015675500700039536,0.5151312696485185,0.005025544909769424,0.04081632653061224,3291,0.0016450953065545876,0.0016161265432098765,191020,0.09548651031846166,58.04314797933759,0.09564385357307552,0.13729223608970642,0.957395613193512,
Replacement_de84046bc6b8923c0b9cc6e5beefc745,STFD,TruFor,Light,Replacement,1080,2340,961,2082,0.8896008544727063,3932.171500000095,0.0,2867.32763671875,False,0.0,0.0,0.0,0.0,0.004739756761519077,0.004741824384864416,0.783915164111389,0.011266115738717098,0.02040816326530612,4485,0.0022416011179517015,0.00225664767331434,31550,0.01576867676061899,7.034559643255295,0.015804103256146194,0.0385596863925457,0.9273768663406372,
Splicing_da6dad183599577e637fb6d884e84da6,STFD,TruFor,Light,Splicing,1080,2340,961,2082,0.8896008544727063,3902.091400000245,0.0,2867.32763671875,False,0.021906974794180793,0.8933681274183389,0.04276526915671265,0.02184984176031199,0.020193312616012375,0.020195391005664302,0.7416435577104682,0.04874410055378863,0.5510204081632653,22226,0.011108545473265221,0.011084995251661919,906378,0.45300734405503396,40.78007738684423,0.4480606254194936,0.48225197196006775,0.7865630388259888,
Copy-move_ea7043e655277a300616c47e193debf5,STFD,TruFor,Light,Copy-move,1080,2340,961,2082,0.8896008544727063,3909.3677000000753,0.0,2867.32763671875,False,0.36668517039223386,0.0801867659119642,0.13159608170881032,0.07043235160262662,0.28284885747246363,0.28285256206507514,0.7271574707135611,0.4196590888296157,0.12244897959183673,337749,0.16880680846980362,0.1688647515036404,73859,0.036914697206420224,0.2186801441307006,0.028126584059557935,0.18736590445041656,0.7718164324760437,
Insertion_ed67965f57cb97d89d942c818adf7a35,STFD,TruFor,Light,Insertion,750,1334,750,1334,1.0,880.6029000002127,0.0,1569.3857421875,False,0.002714230321830167,0.03495630461922597,0.005037330214986058,0.002525024799350708,0.012138980368365486,0.012145100844652763,0.8747367521290679,0.03106499293977433,0.3877551020408163,3204,0.0032023988005997,0.0032023988005997,41264,0.041243378310844576,12.878901373283396,0.0412635767114277,0.1451631337404251,0.7807179689407349,
Removal_e3918a744aeb205e30c0a54c27070498,STFD,TruFor,Light,Removal,1080,2316,966,2071,0.8941983055272923,6222.016200000326,0.0,2863.7060546875,False,0.0,0.0,0.0,0.0,0.005157445702237019,0.005162176329691693,0.35322875558353206,0.01351013210259995,0.0,13606,0.006801007304859676,0.006714961939486982,29941,0.014966114928326,2.2005732764956636,0.015068596563629227,0.04597262293100357,0.6941531896591187,
Replacement_e31ff0547c0046ae238f16cad163e10a,STFD,TruFor,Light,Replacement,1080,2340,961,2082,0.8896008544727063,3907.0848000001206,0.0,2867.32763671875,False,0.0,0.0,0.0,0.0,0.006646081142809167,0.006647939185485169,0.787041061447168,0.019432091104446055,0.061224489795918366,5516,0.0027568944853113902,0.002779360557138335,57846,0.02891140652598308,10.486947063089195,0.02899133257086954,0.06115878000855446,0.9123042225837708,
Splicing_ddbbb2d156fd66003d27d0409880a1ca,STFD,TruFor,Light,Splicing,1080,2340,961,2082,0.8896008544727063,3921.7773000000307,0.0,2867.32763671875,False,0.10731849985376499,0.7402545003103662,0.18745996502465959,0.10342390314551589,0.26884852056372244,0.26884418933432136,0.8535388156502851,0.2874464484053525,0.7346938775510203,64440,0.032207084958931466,0.03207462804685027,444490,0.22215591547789337,6.897734326505276,0.2049141637772276,0.3654671311378479,0.8998024463653564,
Copy-move_ec7415eaf123f7b35870eedc6911c62c,STFD,TruFor,Light,Copy-move,1080,2340,961,2082,0.8896008544727063,3910.9504000002744,0.0,2867.32763671875,False,0.02261199739310306,0.04193599243260287,0.029381443298969075,0.014909756735547999,0.021055046761765235,0.021057390621882017,0.5827318612638646,0.05263216175294864,0.12244897959183673,38058,0.01902137242965571,0.019002453308008864,70582,0.0352768539815534,1.8545903620789321,0.03514773195077912,0.19377699494361877,0.7060586214065552,
Insertion_f172eb2c89bbba3dcc00e23eba0a17c0,STFD,TruFor,Light,Insertion,750,1334,750,1334,1.0,878.816899999947,0.0,1569.3857421875,False,0.0,0.0,0.0,0.0,0.004660247143240536,0.004661931077131838,0.5414874591979565,0.013814708384946247,0.08163265306122448,4769,0.004766616691654173,0.004766616691654173,74756,0.07471864067966016,15.67540364856364,0.0750765015852675,0.17802567780017853,0.7256582975387573,
Removal_e3ebb27a085e03b02892b81b96a86f9f,STFD,TruFor,Light,Removal,1668,2224,1225,1633,0.7342595152227752,3924.9173000002884,0.0,2867.2373046875,False,0.008679272312740318,0.9997659313008368,0.017209146784906315,0.008679254676307235,0.0049655394723693924,0.004966479116162261,0.17748110820418397,0.01721736877474516,0.5102040816326531,17089,0.008542684679505605,0.008454746993771889,1968483,0.9840323931164627,115.19006378372052,0.9838968283740123,0.7212185263633728,0.8900735378265381,
Replacement_e396f89bc6a669b3c338649b5801ee57,STFD,TruFor,Light,Replacement,1080,2340,961,2082,0.8896008544727063,3878.4632000001693,0.0,2867.32763671875,False,0.0,0.0,0.0,0.0,0.00653408307217703,0.006535594577664991,0.6890961619784362,0.020463726239311114,0.16326530612244897,8781,0.004388740115213799,0.004436134852801519,288807,0.14434561740741964,32.889989750597884,0.1449819053112392,0.22864915430545807,0.9430391788482666,
Splicing_e052be15668d5fae4329a1729f593f9a,STFD,TruFor,Light,Splicing,1080,2340,961,2082,0.8896008544727063,3886.8498000001637,0.0,2867.32763671875,False,0.7717993584135316,0.1049969252742457,0.1848469503570867,0.10183546252116361,0.1584665183497279,0.15845981806598808,0.697232936432399,0.2009301140345289,0.18367346938775508,50411,0.025195396645944976,0.025474042418486862,6858,0.0034276255221656116,0.13604173692249708,0.0008024032104331901,0.017307758331298828,0.15400558710098267,
Copy-move_eec6a7fd3fd9f06df2333c8837d0f32c,STFD,TruFor,Light,Copy-move,1080,2340,961,2082,0.8896008544727063,3906.987500000014,0.0,2867.32763671875,False,0.0,0.0,0.0,0.0,0.02259472450151893,0.02260126608969116,0.8421649868158144,0.020108674096696148,0.02040816326530612,15826,0.007909828158908278,0.0079542576764799,11990,0.0059925969686155855,0.757614052824466,0.006040375299247951,0.014412698335945606,0.16970966756343842,
Insertion_f193541cd416407f0b0ce9ad21d5c2e4,STFD,TruFor,Light,Insertion,1080,2340,961,2082,0.8896008544727063,3905.982099999619,0.0,2867.32763671875,False,0.013385012013539347,0.6657362177250523,0.026242405278739594,0.013295657657720436,0.014703481886016456,0.014710682823565647,0.8257545197393781,0.04193467019800731,0.8571428571428571,5732,0.0028648511946709368,0.0029257676479898702,285095,0.1424903613650926,49.737438939288204,0.1409870330364348,0.21088452637195587,0.9411577582359314,
Removal_e43dad91a8e8ae174fffe3442e7ce271,STFD,TruFor,Light,Removal,1080,2340,961,2082,0.8896008544727063,3923.359399999754,0.0,2867.32763671875,False,0.0,0.0,0.0,0.0,0.0012412370892589258,0.001242281718841177,0.47465007953059996,0.0028876650388407416,0.0,2893,0.0014459201860054119,0.0015079930357708136,42013,0.020998079770012223,14.522295195298998,0.021028485281361663,0.04396964609622955,0.9409869313240051,
Replacement_e81dbbde837a9abc5cda0523c667ce35,STFD,TruFor,Light,Replacement,750,1334,750,1334,1.0,886.0224000000017,0.0,1569.3857421875,False,0.0,0.0,0.0,0.0,0.0046839878475911124,0.0046855757242584666,0.5325834462552557,0.012920833308368435,0.08163265306122448,4821,0.004818590704647676,0.004818590704647676,72087,0.07205097451274363,14.952706907280648,0.07239983970737557,0.17195092141628265,0.8914293646812439,
Splicing_e14e08849f0472416c7c3b35a4e07243,STFD,TruFor,Light,Splicing,1080,2340,961,2082,0.8896008544727063,3925.5490999998983,0.0,2867.32763671875,False,0.005559543264582876,0.19961959106038993,0.010817803248948628,0.0054383169458370574,0.0049599044687727205,0.004960944465874493,0.5027341941870604,0.01300245862027704,0.24489795918367346,10515,0.005255392587572383,0.00525443178220956,377549,0.18869883176846083,35.9057536852116,0.1886411356754076,0.3652211129665375,0.9087469577789307,
Copy-move_f651d06ce5f3bc3ecf27401c839b77b2,STFD,TruFor,Light,Copy-move,1080,2340,961,2082,0.8896008544727063,3928.758900000048,0.0,2867.32763671875,False,0.0,0.0,0.0,0.0,0.006967925667839205,0.006968861373107964,0.5282211723613309,0.018596566177759073,0.12244897959183673,14752,0.007373043409592753,0.0074659702437480215,112686,0.056320415513379136,7.63869305856833,0.056738752800785476,0.2270311564207077,0.808870792388916,
Insertion_f1fd1935c712a2a3917f4513d409bd33,STFD,TruFor,Light,Insertion,1080,2340,961,2082,0.8896008544727063,3871.6904000002614,0.0,2867.32763671875,False,0.0,0.0,0.0,0.0,0.01245996901892707,0.012461643939512023,0.7052407757074335,0.03357091708941267,0.061224489795918366,16159,0.008076261419170913,0.008099873377651156,96854,0.048407588556988644,5.993811498236277,0.04880172403802598,0.0958186537027359,0.9764918684959412,
Removal_e7cfdcfc5726ecbeb4075707a3fc2079,STFD,TruFor,Light,Removal,1080,2340,961,2082,0.8896008544727063,3894.722399999864,0.0,2867.32763671875,False,0.0,0.0,0.0,0.0,0.0006185184705485005,0.0006190060698536488,0.3385539795470955,0.0020201754564221856,0.1020408163265306,1789,0.0008941414492788392,0.0009180120291231403,514761,0.2572773317899522,287.73672442705424,0.25750757999072543,0.3385324478149414,0.968322217464447,
Replacement_ebfd40d8fc74ae2d2712422d02189ff4,STFD,TruFor,Light,Replacement,1080,2340,961,2082,0.8896008544727063,3896.3189999999486,0.0,2867.32763671875,False,0.01577305807218179,0.12225164038218027,0.027941118434034493,0.014168501100660397,0.015910025762341438,0.0159152108983208,0.8720778270437798,0.0428200780404094,0.8979591836734693,8687,0.004341758954659182,0.004348290598290598,67330,0.03365150574619578,7.7506619085990565,0.03326514784538041,0.06505663692951202,0.9577846527099609,
Splicing_e4530fd547d31d94249b3953034f14f7,STFD,TruFor,Light,Splicing,1080,2340,961,2082,0.8896008544727063,3912.850800000342,0.0,2867.32763671875,False,0.0013402914420965581,0.004955976169135868,0.002109965095790171,0.0010560967114946016,0.021579951545656156,0.0215812707481896,0.747767129739962,0.06245410084532571,0.22448979591836732,18967,0.009479698640845021,0.00942545109211776,70134,0.035052943769548414,3.697685453682712,0.03534098449164537,0.06525467336177826,0.9680978655815125,
Copy-move_f6686a8857812ab5caaf77ce157effd6,STFD,TruFor,Light,Copy-move,1080,2340,961,2082,0.8896008544727063,3911.860400000023,0.0,2867.32763671875,False,0.0,0.0,0.0,0.0,0.030327114334431342,0.030329168684813692,0.7982062506583593,0.07329376939795634,0.12244897959183673,24900,0.012445009551169981,0.012501582779360558,49984,0.024981982225127725,2.0073895582329317,0.025296801157142407,0.0823124349117279,0.9337407350540161,
Insertion_f641c2c063e40f3ccae9264b05eecc7d,STFD,TruFor,Dark,Insertion,1080,2340,961,2082,0.8896008544727063,3870.9240000002865,0.0,2867.32763671875,False,0.0036402250456425353,0.8126429611145768,0.007247982833334415,0.0036371724985830105,0.003972767128789931,0.003975057308337258,0.6783743434170819,0.01095209199757278,0.7346938775510203,4809,0.0024035361819910216,0.0024161126938904718,1073560,0.5365648375001625,223.23975878561032,0.5358996749988603,0.46115633845329285,0.8184143304824829,
Removal_e8439b9e91077c3e2a1a549dd0fdaa07,STFD,TruFor,Light,Removal,1080,2340,961,2082,0.8896008544727063,3886.057400000027,0.0,2867.32763671875,False,0.0,0.0,0.0,0.0,0.0018093128891102394,0.0018124332608317182,0.4421614502805272,0.004499048278248832,0.0,4511,0.0022545959070412766,0.002275245330800886,26204,0.013096748203970207,5.808911549545555,0.013126342802727658,0.02321121096611023,0.7579169273376465,
Replacement_ecb29b04a90aff6346aff0f4e6eded08,STFD,TruFor,Light,Replacement,1080,2340,961,2082,0.8896008544727063,3898.827800000163,0.0,2867.32763671875,False,0.0,0.0,0.0,0.0,0.0031872322064383073,0.0031888035385485842,0.7120023241357245,0.009004306407412241,0.3061224489795918,3684,0.0018412616540767152,0.0018625356125356125,93262,0.046612308464305814,25.31541802388708,0.04669829223911657,0.16688193380832672,0.9188230037689209,
Splicing_e59f0997dd6beb00e0188e9628192721,STFD,TruFor,Dark,Splicing,1080,2340,961,2082,0.8896008544727063,3900.016300000061,0.0,2867.32763671875,False,0.1109148802895323,0.19696876062169763,0.14191573440195915,0.07637744801433013,0.13662693939886073,0.13663000371361753,0.8910454546578525,0.2833366050646401,0.3469387755102041,64726,0.03235002763891679,0.03208926875593542,114944,0.0574489629658507,1.7758551432191083,0.052784601430935565,0.21736954152584076,0.9551950693130493,
Copy-move_f6d36c4d3198bf6eccc8858a260fdf13,STFD,TruFor,Light,Copy-move,1080,2340,961,2082,0.8896008544727063,3930.8641000002353,0.0,2867.32763671875,False,0.0,0.0,0.0,0.0,0.0101919928327132,0.010193197623991115,0.5300430166736211,0.02469165034842504,0.18367346938775508,18931,0.009461705855951763,0.00930911680911681,24231,0.012110643631903607,1.2799640800802916,0.012226325527746256,0.12116506695747375,0.5474116206169128,
Insertion_f8baebe097debc7aae21e97b850fd0e1,STFD,TruFor,Dark,Insertion,2340,1080,2082,961,0.8896008544727063,3932.0847000003596,0.0,2867.32763671875,False,0.0,0.0,0.0,0.0,0.020644274711725745,0.020654524146846768,0.8761909458367778,0.09419152276295134,0.22448979591836732,6906,0.003451615902023289,0.0032446976891421335,56462,0.028219683906753393,8.17578916883869,0.02831742478042987,0.04162069037556648,0.9909746050834656,
Removal_ea7e71324474ee7ba2bf946828125711,STFD,TruFor,Light,Removal,1080,2340,961,2082,0.8896008544727063,3884.677399999873,0.0,2867.32763671875,False,0.0,0.0,0.0,0.0,0.0027965548271106947,0.002798240364714115,0.45817618393487675,0.00836504833633427,0.04081632653061224,5660,0.0028288656248844214,0.0028644349477682813,66219,0.03309622841240663,11.699469964664312,0.03319011879856171,0.05559708923101425,0.959047794342041,
Replacement_f0af52df304eab982dadd6c72c258653,STFD,TruFor,Light,Replacement,1080,2340,961,2082,0.8896008544727063,3907.9305000000204,0.0,2867.32763671875,False,0.015106899197478381,0.15638080927337125,0.027552168527745998,0.01396851571338178,0.02233633310628029,0.022339612021296973,0.9040536506846139,0.05230529860089708,0.16326530612244897,9317,0.004656632690291193,0.004688192465970244,96446,0.04820367032819839,10.351615326821939,0.04769757241455497,0.07905105501413345,0.9639884233474731,
Splicing_e74d27a2c1ff882a82ac77276ca705a8,STFD,TruFor,Light,Splicing,1080,2340,961,2082,0.8896008544727063,3902.5187000002006,0.0,2867.32763671875,False,0.09735289703658381,0.16709929260705014,0.12302866729885478,0.06554637524580863,0.0848793226659172,0.08488275603195469,0.8498841770977382,0.15524646801435588,0.2040816326530612,50467,0.0252233854224456,0.025311807534029757,86623,0.043294139050240855,1.716428557275051,0.04009054854678812,0.13758504390716553,0.7655274271965027,
Copy-move_f7fce7642151761539a7b4ff73669229,STFD,TruFor,Light,Copy-move,1080,2316,966,2071,0.8941983055272923,6214.614399999846,0.0,2863.7060546875,False,0.0,0.0,0.0,0.0,0.013401242429352483,0.013402714546204456,0.6059490782481494,0.03389584117569648,0.04081632653061224,23625,0.011809039951294271,0.011685616964114373,58759,0.029370894327961906,2.487153439153439,0.02972188121060557,0.0996163859963417,0.6708309054374695,
Insertion_f8ddd17e67c497719f3e8b0c48b59a3c,STFD,TruFor,Light,Insertion,1080,2340,961,2082,0.8896008544727063,3900.5623000002743,0.0,2867.32763671875,False,0.0070726887075873955,0.168535449370364,0.013575666624980895,0.006834222878208132,0.008606357316505745,0.008608732592270548,0.8332417764686953,0.02118824531516184,0.42857142857142855,5797,0.0028973381673948746,0.002900047483380817,138137,0.06904081463333203,23.829049508366396,0.06875170738920454,0.2877526879310608,0.7413566708564758,
Removal_ec1682e5f64f48a86294867f483d7db6,STFD,TruFor,Light,Removal,1080,2340,961,2082,0.8896008544727063,3907.4319000001196,0.0,2867.32763671875,False,0.0,0.0,0.0,0.0,0.004973486536227792,0.0049755453513499375,0.7508667647479488,0.014124563659746464,0.16326530612244897,4814,0.002406035179892863,0.0024335232668566,29237,0.014612640331227177,6.073327793934358,0.01464788365461115,0.07686223089694977,0.6952301263809204,
Replacement_f4f4c83dedd7d589f222981a0c8f6c41,STFD,TruFor,Light,Replacement,1080,2400,949,2108,0.8784104611578831,5186.297599999762,0.0,2864.4580078125,False,0.20903991370010788,0.8930777030141027,0.33878214654102345,0.20393601347084825,0.2363408397291041,0.23643332003719467,0.9908192848163894,0.362461878346901,0.6530612244897959,10849,0.005423165901188308,0.005447530864197531,46350,0.02316930035211338,4.272283159738225,0.01842591861957145,0.07599962502717972,0.7547206878662109,
Splicing_f0e4eff52a0b41e96f68b87875d0ea9e,STFD,TruFor,Light,Splicing,1080,2340,961,2082,0.8896008544727063,3915.5264999999417,0.0,2867.32763671875,False,0.04261212430618164,0.46724630776560266,0.07810151405050818,0.04063768956658656,0.051140771059001666,0.0511454973855458,0.781603160202294,0.14489060623466138,0.7551020408163265,33584,0.01678526910708806,0.016756489395378285,368252,0.18405219506977702,10.965102429728443,0.1792175549430719,0.35798296332359314,0.8936058878898621,
Copy-move_f8e5bf605610efcbf4b3b998ad7fb37c,STFD,TruFor,Light,Copy-move,750,1334,750,1334,1.0,882.2285000001102,0.0,1569.3857421875,False,0.0,0.0,0.0,0.0,0.23831021618571466,0.23832274621474045,0.4548522372542754,0.43124157703732796,0.0,275031,0.2748935532233883,0.2748935532233883,6110,0.006106946526736632,0.022215677505444842,0.008422137954895385,0.054572347551584244,0.3153574466705322,
Insertion_fc760c8df9cc74c11de494109d4f73d1,STFD,TruFor,Light,Insertion,1080,2340,961,2082,0.8896008544727063,3916.4966999996977,0.0,2867.32763671875,False,0.0,0.0,0.0,0.0,0.0028493946041453326,0.0028506866297544884,0.7147576723682312,0.007322332586386417,0.04081632653061224,3609,0.001803776685549095,0.0017679645457423234,21299,0.010645231262263832,5.901634801884178,0.010664467580248879,0.06825366616249084,0.5448936223983765,
Removal_fc4cb83384bb0bae05f480797f13ce09,STFD,TruFor,Light,Removal,1080,2340,961,2082,0.8896008544727063,3913.240400000177,0.0,2867.32763671875,False,0.0,0.0,0.0,0.0,0.002154278558751791,0.00215552313773907,0.49541126395439095,0.005908023922761323,0.02040816326530612,4760,0.002379046002552976,0.0024188825577714465,148541,0.07424072946748354,31.20609243697479,0.07441777277231641,0.10828668624162674,0.9657847881317139,
Replacement_fabd143aba79c0bc969a036bc15401e4,STFD,TruFor,Light,Replacement,1080,2340,961,2082,0.8896008544727063,3878.2881000001908,0.0,2867.32763671875,False,0.0,0.0,0.0,0.0,0.006969463772192383,0.006970912145829078,0.731034212769546,0.019233871656515772,0.1020408163265306,8284,0.004140339723770768,0.004130658436213992,139508,0.06972603985801694,16.840656687590535,0.07001592959260594,0.11881604045629501,0.937524139881134,
Splicing_f6d19aa671cfe7861d87fc9009c9f741,STFD,TruFor,Light,Splicing,1080,2340,961,2082,0.8896008544727063,3911.8601000000126,0.0,2867.32763671875,False,0.007655666358246805,0.03284328138782711,0.012416974682488955,0.006247273459434669,0.029030026079710832,0.02903203539270827,0.7365289252979943,0.0692163431200341,0.04081632653061224,34010,0.016998183728324942,0.017119341563786007,145905,0.07292325777363277,4.290061746545134,0.07361632546807187,0.10347459465265274,0.9533044099807739,
Copy-move_fb1bc387a45b448ab6765e2840b69511,STFD,TruFor,Light,Copy-move,1080,2340,961,2082,0.8896008544727063,3894.0253999999186,0.0,2867.32763671875,False,0.029088827600562004,0.0179212618620159,0.022178579221964333,0.011213640922768305,0.03941573657371477,0.03941332808943134,0.7683846576753779,0.09033685799497314,0.061224489795918366,31192,0.01558974851084715,0.015778727445394113,19217,0.009604648535937088,0.6160874583226469,0.009472941343717792,0.026243049651384354,0.4866352081298828,
Insertion_fe85c1527cd534de74488f75039d3701,STFD,TruFor,Light,Insertion,1080,2340,961,2082,0.8896008544727063,3907.0292000001245,0.0,2867.32763671875,False,0.018746529498019943,0.9873905429071804,0.036794481480393784,0.018742042610057144,0.22201440728951718,0.22216572333019627,0.9771491278125416,0.27016798966217465,0.7755102040816326,5710,0.002853855603902835,0.0028474200696422917,300749,0.15031422399617753,52.67057793345009,0.14791849197931725,0.29177844524383545,0.757563054561615,
Removal_fd6f0ef8ab0160ae3f329cafcabe1e5d,STFD,TruFor,Light,Removal,1080,2340,961,2082,0.8896008544727063,4125.9471999997,0.0,2867.32763671875,False,0.0,0.0,0.0,0.0,0.0015318255014774847,0.0015324510264189543,0.3350626825092105,0.004451282000134646,0.0,4463,0.0022306055271835994,0.002263770180436847,56874,0.02842560133386512,12.743446112480393,0.02848914938795465,0.2530551850795746,0.700920820236206,
Replacement_fafb1bcffb7f13b78e2792ccb383ca44,STFD,TruFor,Light,Replacement,1080,2340,961,2082,0.8896008544727063,3892.9376000000957,0.0,2867.32763671875,False,0.0,0.0,0.0,0.0,0.005791541598057031,0.005793038873290582,0.7660323331916886,0.014663844642510814,0.061224489795918366,5936,0.0029668103090660647,0.002943573915796138,171252,0.08559167773722737,28.849730458221025,0.08584636762569516,0.11245399713516235,0.9778623580932617,
Splicing_f8dc40e9843cbbc64f7dde7606730bee,STFD,TruFor,Light,Splicing,1080,2340,961,2082,0.8896008544727063,3907.7128999997512,0.0,2867.32763671875,False,0.0,0.0,0.0,0.0,0.05029347405101218,0.05029702858305242,0.5896458923122587,0.11218871979201922,0.02040816326530612,91258,0.045610710105247795,0.045622032288698953,59868,0.029922001277487727,0.6560301562602731,0.03135198769968118,0.06555941700935364,0.9716742038726807,
Copy-move_fe591d44ebe6f6fb7d5558cd2b655e49,STFD,TruFor,Light,Copy-move,1080,2376,953,2098,0.8828357307829559,5191.3721000000805,0.0,2865.341796875,False,0.0,0.0,0.0,0.0,0.03094567540238022,0.030952912831600152,0.6464082078883637,0.07064249344792223,0.04081632653061224,48996,0.024505425143818576,0.024367517770295548,15317,0.007660821228832336,0.3126173565188995,0.007853268922548116,0.06278105825185776,0.4070810079574585,
Insertion_fef7659a07a083e5c08b06485a729921,STFD,TruFor,Light,Insertion,1080,2340,961,2082,0.8896008544727063,3897.455600000285,0.0,2867.32763671875,False,0.0040531020865786265,0.15450075642965205,0.007898985797294816,0.003965153243223568,0.003844770956999592,0.0038461842213079293,0.6804183185589513,0.0096144051147471,0.18367346938775508,5288,0.002642940180987424,0.0026634219689775245,201574,0.10074660061315413,38.11913767019667,0.10060415511993401,0.2261379510164261,0.8883162140846252,
Removal_ff1a6192576fe9705824e49685e3d4c2,STFD,TruFor,Light,Removal,1080,2340,961,2082,0.8896008544727063,3896.305199999915,0.0,2867.32763671875,False,0.0,0.0,0.0,0.0,0.0018456344231364543,0.0018465034270935498,0.5427580367361823,0.005369865366859204,0.04081632653061224,3747,0.0018727490276399163,0.001910414688192466,264715,0.1323044459171872,70.64718441419802,0.13255268382693516,0.16634903848171234,0.9528528451919556,
Replacement_fff4187a73a62199b2978c7c4ff05f99,STFD,TruFor,Dark,Replacement,1080,2340,961,2082,0.8896008544727063,3901.6104000002088,0.0,2867.32763671875,False,0.0,0.0,0.0,0.0,0.010693311269284087,0.010695395314790706,0.8253372600760016,0.029814725180165647,0.061224489795918366,7591,0.0037939786145755553,0.003726654004431782,62940,0.03145738558837906,8.291397707811882,0.0315771887672705,0.05678962543606758,0.9419277310371399,
Splicing_fe87539c7c08f22c6bcc0fefc6687f4d,STFD,TruFor,Light,Splicing,1080,2340,961,2082,0.8896008544727063,3903.7641999998414,0.0,2867.32763671875,False,0.068896845175262,0.30086014351565843,0.1121185825349319,0.05938857255424331,0.049834435310109684,0.04984048204295692,0.8663532256988393,0.11385051422509883,0.4897959183673469,21043,0.010517282569689555,0.010608974358974359,91891,0.045927083239620914,4.366820320296536,0.04321738150956758,0.19879411160945892,0.7033094167709351,
Copy-move_009ce58b310b8bfbbbfca687d63bf2a8,STFD,CAFTB-Net,Light,Copy-move,828,1792,828,1792,1.0,1714.6198999998887,0.0,1470.7626953125,False,0.05529876685559909,0.7774740810556079,0.10325350556854204,0.05443716694438487,0.14373275881924719,0.061907591966184214,0.8270416020984362,0.13015742132258737,0.9795918367346939,21220,0.014301350069013112,0.014301350069013112,298343,0.2010701076173223,14.05951932139491,0.19270715104242161,0.2005663812160492,0.9999994039535522,
Insertion_01601bc6e402249be85408e27c8f9fc5,STFD,CAFTB-Net,Light,Insertion,1080,2340,961,2082,0.8896008544727063,2287.3798000000534,0.0,1470.7626953125,False,0.004112028649063452,0.9748283752860412,0.008189512233804807,0.004111592083737495,0.19629394465786626,0.008349912979748174,0.9647743365671919,0.030115622479161063,1.0,874,0.00043682483324187,0.00044199113643558085,207197,0.10355697365356492,237.0675057208238,0.10317621434371638,0.10452500730752945,0.9999974966049194,
Removal_00e160c33fdcf098c6a98a1b89ee99e9,STFD,CAFTB-Net,Light,Removal,1080,2340,961,2082,0.8896008544727063,2265.899900000022,0.0,1470.7626953125,False,0.0,0.0,0.0,0.0,0.0017288795236806167,0.0020105235780142343,0.47906380649231767,0.004178572372644067,0.0,4189,0.002093660442162693,0.002157723963279519,151587,0.0757631189892853,36.18691811888279,0.07592207403237383,0.07559413462877274,0.9999986290931702,
Replacement_0086660a792bf62730c1bb8cce734cda,STFD,CAFTB-Net,Light,Replacement,1080,2340,961,2082,0.8896008544727063,2281.6431000001103,0.0,1470.7626953125,False,0.024538053575651118,0.8897599216070554,0.047758995903929735,0.024463678308018724,0.12247953133264182,0.026944285344578933,0.9514471307049391,0.057491810865008576,0.9795918367346939,4082,0.0020401818870632877,0.002031101614434948,148015,0.07397783488820983,36.260411562959334,0.07231008854521415,0.07363668829202652,0.9999972581863403,
Splicing_03bb93c9e2cf0a8523ddd6520a89ccf8,STFD,CAFTB-Net,Light,Splicing,1080,2340,961,2082,0.8896008544727063,2279.5516000001044,0.0,1470.7626953125,False,0.07484155442905883,0.9973415132924336,0.1392347844292287,0.07482662684368799,0.3896587543601226,0.1847796212849701,0.9808259942402446,0.1993338987608862,0.9795918367346939,14670,0.007332059844002555,0.007460826210826211,195493,0.09770731936493467,13.326039536468985,0.09106242686790203,0.09664765745401382,0.9999983310699463,
Copy-move_024b8babee5808ee8791179652fe09b2,STFD,CAFTB-Net,Light,Copy-move,1080,2340,961,2082,0.8896008544727063,2279.959500000132,0.0,1470.7626953125,False,0.009146246536102376,0.43892416884572283,0.017919097182507913,0.009040547818727398,0.005860323521480528,0.005821100566905338,0.8755955426553824,0.01766137832619827,0.5102040816326531,2677,0.001337963476645865,0.0013433839822728712,128468,0.06420825249075121,47.98954053044453,0.06370622458554895,0.07048556208610535,0.9998791813850403,
Insertion_055f2a90df87c256c6d21b22514b09b4,STFD,CAFTB-Net,Dark,Insertion,2340,1080,2082,961,0.8896008544727063,2285.7409000002917,0.0,1470.7626953125,False,0.11270334007122919,0.6238428238428239,0.1909158539443782,0.10553177106804867,0.15406894332495552,0.10267155681259911,0.8333396266582453,0.21849326024050836,0.9795918367346939,15015,0.007504490699229609,0.007243194048749605,83112,0.04153934272356785,5.535264735264735,0.03713640989693255,0.045185212045907974,0.9999585151672363,
Removal_01019babbd0e0d81bb5fe89a4c627434,STFD,CAFTB-Net,Light,Removal,1080,2400,949,2108,0.8784104611578831,2281.0217000001103,0.0,1470.7626953125,False,0.0,0.0,0.0,0.0,0.001760833539725942,0.0024012982098136943,0.37310426338180486,0.005458713926998799,0.0,5475,0.002736826740621807,0.002758101851851852,218757,0.1093515995065214,39.95561643835617,0.10965169720358273,0.10937673598527908,0.9999976754188538,
Replacement_01f8d846db305c95b3ba1d7016cad44f,STFD,CAFTB-Net,Light,Replacement,1080,2400,949,2108,0.8784104611578831,2279.896699999881,0.0,1470.7626953125,False,0.06751452747476808,0.9765298599164414,0.1262972204122499,0.06740515186727623,0.3842579509621946,0.15622957536109927,0.986007691756778,0.1764856338988831,1.0,8138,0.004067999272179044,0.0040578703703703705,117708,0.058839525476732726,14.463996067829934,0.05509111332624624,0.06223909929394722,0.9999967813491821,
Splicing_067cfe272d30598edf0fd675e8c6b87b,STFD,CAFTB-Net,Light,Splicing,1080,2340,961,2082,0.8896008544727063,2280.686699999933,0.0,1470.7626953125,False,0.4074315439131396,0.22460081729011233,0.289572064248259,0.16929802080260734,0.3807937233218479,0.34845050167756086,0.8739869019629958,0.36201455550316075,0.02040816326530612,155881,0.07790925838738666,0.07775522317188983,85931,0.04294827774062601,0.5512602562210918,0.027600097781964646,0.04417707398533821,0.9999827742576599,
Copy-move_02eb0cb9da173f7d40e5281738d85826,STFD,CAFTB-Net,Light,Copy-move,828,1792,828,1792,1.0,1716.367900000023,0.0,1470.7626953125,False,0.016270577449615537,0.8036286019210246,0.031895388450855926,0.016206144868361583,0.11299945852675473,0.015150207231656228,0.8555351235374861,0.048435001142334934,1.0,6559,0.004420478562801932,0.004420478562801932,323959,0.21833416903899242,49.39152309803324,0.21573539974154102,0.2183452844619751,0.9999996423721313,
Insertion_05b7cf2bf0691d2a0d182bb8e0cb1342,STFD,CAFTB-Net,Light,Insertion,1080,2340,961,2082,0.8896008544727063,2278.0977000002167,0.0,1470.7626953125,False,0.019410093248489215,0.9981290926099158,0.038079671094424734,0.01940938708539039,0.27270855512246156,0.039829386061742245,0.9657386028790966,0.05735167622710562,0.9795918367346939,5345,0.0026714287570684158,0.0027093225704336817,274857,0.13737341326128222,51.423199251637044,0.1350678065225159,0.14651140570640564,0.9999996423721313,
Removal_03d151197ba22ae5b1e7db33d7199858,STFD,CAFTB-Net,Light,Removal,1125,2436,961,2081,0.8542797160427661,2272.5218999999015,0.0,1470.7626953125,False,5.60374080830848e-05,0.0037735849056603774,0.00011043486796898009,5.522048311787119e-05,0.003243645328930578,0.00308899456640918,0.6399959601381001,0.004759028060805812,0.0,4770,0.002385189622574995,0.0023933588761174966,321214,0.1606197692716571,67.34046121593292,0.1609947716146443,0.15759791433811188,0.9999986290931702,
Replacement_02d75e90a1f072a7e4b76dd2a80b953f,STFD,CAFTB-Net,Light,Replacement,1080,2340,961,2082,0.8896008544727063,2285.2223999998387,0.0,1470.7626953125,False,0.19877419746343833,0.9612630590444888,0.329427855943198,0.19719463006441515,0.3535821492567225,0.26396992160217597,0.9800760214335815,0.40196679404744823,0.9795918367346939,17038,0.008515585250314624,0.008525641025641026,82395,0.041180986424443795,4.835954924286888,0.033278656130467134,0.04543885588645935,0.9999894499778748,
Splicing_0a91a7d79de0bff44f90ad13f31d6c26,STFD,CAFTB-Net,Dark,Splicing,1080,2340,961,2082,0.8896008544727063,2277.1222999999736,0.0,1470.7626953125,False,0.19247547286928635,0.5239123292814568,0.2815242610713205,0.1638220748154562,0.24444996284380427,0.16715453292699756,0.817917133530449,0.31903090327838024,0.9387755102040816,21307,0.010649229658906778,0.010745884773662551,57997,0.02898687626261869,2.7219693058619234,0.0236595697387465,0.03534984961152077,0.9999497532844543,
Copy-move_03f1afccc57a6c41a901a3ff937ffd92,STFD,CAFTB-Net,Light,Copy-move,1125,2436,961,2081,0.8542797160427661,2279.856000000109,0.0,1470.7626953125,False,0.005241194296785732,0.8707015130674003,0.010419667327840923,0.0052371181785087866,0.16186181449910414,0.005473556207350921,0.9194937432995693,0.024789856104858243,1.0,1454,0.0007270578010951871,0.0007283342455756249,241548,0.12078360229638256,166.12654745529574,0.12023797192435699,0.12464934587478638,0.999999463558197,
Insertion_06ed95162505f40cded6380200e747be,STFD,CAFTB-Net,Dark,Insertion,1080,2340,961,2082,0.8896008544727063,2277.8933999998117,0.0,1470.7626953125,False,0.0638294894760412,0.6923193685488768,0.11688278407052431,0.062068777812555286,0.2669172326987129,0.08495319733482529,0.9734946890638161,0.1299681142497867,0.9795918367346939,6588,0.003292679635466178,0.003291389680278569,71456,0.035713678814795265,10.846387370977535,0.03354454436685331,0.03603501617908478,0.9999954104423523,
Removal_0688f1f7ea3d5001a6e53f7f471d9567,STFD,CAFTB-Net,Light,Removal,1668,2224,1225,1633,0.7342595152227752,2284.2694000000847,0.0,1470.7626953125,False,0.0033837237770542603,0.14480062548866302,0.006612915895992973,0.0033174268804723214,0.008734047850749948,0.006908007737237278,0.7876350045229028,0.01403896947989988,0.02040816326530612,6395,0.0031968206756064336,0.003170664906923382,273663,0.1368024294837347,42.79327599687256,0.13677677868437285,0.13874679803848267,0.9999997019767761,
Replacement_038acd37ab42f2c765f383d057a4449a,STFD,CAFTB-Net,Dark,Replacement,1080,2340,961,2082,0.8896008544727063,2273.9293999998154,0.0,1470.7626953125,False,0.02990747779652532,0.36016523389527744,0.05522885048320965,0.02839863728795655,0.02692617478851711,0.02692883217081219,0.9243129872998312,0.06551903045138288,0.3469387755102041,8957,0.004476704841358615,0.004487179487179487,107866,0.05391138153600406,12.042648208105392,0.05253420823407444,0.057848285883665085,0.9996855854988098,
Splicing_0b77b1d80fc44728edca27fbee61150b,STFD,CAFTB-Net,Light,Splicing,1080,2340,961,2082,0.8896008544727063,2301.314100000127,0.0,1470.7626953125,False,0.03263927390706175,0.5323620530854895,0.06150750463144351,0.03172955519734905,0.13415728288367912,0.06022461972860158,0.7961692307143085,0.12309116642368391,0.9795918367346939,23886,0.011938212776676553,0.012060383032605254,389592,0.19471791811483596,16.310474755086663,0.19063834781042796,0.18936793506145477,0.999998152256012,
Copy-move_061049b1fcaef43bf293c09a411c6f83,STFD,CAFTB-Net,Light,Copy-move,1536,2048,1225,1633,0.7973599423122324,2277.3254000003362,0.0,1470.7626953125,False,0.007041176203057103,0.793569431500466,0.013958501530681245,0.007028303054814986,0.15737942687423215,0.005865061007208971,0.9112948131755542,0.014073925476637205,0.3469387755102041,2146,0.0010727720359423622,0.0010738372802734375,241863,0.12090580751590287,112.70410065237651,0.12018341783104361,0.12165041267871857,0.9999999403953552,
Insertion_0a5357af2274e960c481e52e335737ab,STFD,CAFTB-Net,Dark,Insertion,2340,1080,2082,961,0.8896008544727063,2285.893099999612,0.0,1470.7626953125,False,0.09702955555004095,0.5040608482660822,0.16273359137636828,0.08857375860819137,0.16772689674361485,0.0814829404564512,0.8896848693355122,0.1811523086865979,0.9795918367346939,7757,0.0038769453449166882,0.003695789806900918,40297,0.02014042369010027,5.194920716771948,0.01825698867812819,0.020172586664557457,0.9999511241912842,
Removal_0741e6e6937021173915d0ae99da3e7d,STFD,CAFTB-Net,Light,Removal,750,1334,750,1334,1.0,957.1279000001596,0.0,1470.7626953125,False,0.2427447857036189,0.7178185029807904,0.3628010787687157,0.22159865491229663,0.2698111010688645,0.23385539879330472,0.9569694477771762,0.43921063306846114,0.6122448979591836,13587,0.013580209895052474,0.013580209895052474,40178,0.04015792103948026,2.9570913373077206,0.03082845195067853,0.044575728476047516,0.9999063611030579,
Replacement_043dca008c5bdbc60f836dee1b09255a,STFD,CAFTB-Net,Light,Replacement,1080,2340,961,2082,0.8896008544727063,2279.069400000026,0.0,1470.7626953125,False,0.01185202147866959,0.9851146900927281,0.02342224736376427,0.011849899318417978,0.11678414680950136,0.013058682333182114,0.9204544273198443,0.02751540770474042,0.9387755102040816,4098,0.00204817868034918,0.002034267173156062,340617,0.1702402336662998,83.11786237188872,0.16856779973396158,0.1704358458518982,0.9999994039535522,
Splicing_0d8f792dbe16eec04d5c6dbf01999b6d,STFD,CAFTB-Net,Light,Splicing,1080,2376,953,2098,0.8828357307829559,2279.4284999999945,0.0,1470.7626953125,False,0.045885531810366004,0.07103525904292537,0.05575553525910803,0.02867722463416581,0.115776997906224,0.08095712505216629,0.7482154435133023,0.06533363672563855,0.8163265306122448,65742,0.03288096293176833,0.032634991894251154,101775,0.05090292358584651,1.548097106872319,0.05021844675256975,0.05049430578947067,0.9999885559082031,
Copy-move_0ba51385ddc8ade89a53f4b5881abf9b,STFD,CAFTB-Net,Light,Copy-move,1080,2340,961,2082,0.8896008544727063,2279.2010000002847,0.0,1470.7626953125,False,0.057177808845958314,0.38207972822336644,0.09947003668976764,0.05233805233805234,0.08906526273708262,0.04315632911226426,0.7840951102924344,0.10637640129513025,0.7755102040816326,18839,0.009415724294557882,0.009589268755935423,125888,0.06291876957340106,6.682307978130474,0.059885073535681545,0.0648072138428688,0.9999943971633911,
Insertion_0b4b08e91979a49462dba53b2b4b6de3,STFD,CAFTB-Net,Light,Insertion,1080,2340,961,2082,0.8896008544727063,2286.281400000007,0.0,1470.7626953125,False,0.013695806795771233,1.0,0.02702153191116143,0.013695806795771233,0.4146691020621519,0.023715354202511717,0.9644883923805722,0.033510173263392146,0.9795918367346939,3389,0.0016938207778680748,0.0016619183285849952,247448,0.12367440656296826,73.0150486869283,0.12218754959540165,0.12432555109262466,0.9999999403953552,
Removal_0c26649b813da6323a630ce7db42fa86,STFD,CAFTB-Net,Light,Removal,1080,2316,966,2071,0.8941983055272923,2276.256199999807,0.0,1470.7626953125,False,0.0009412768734547371,0.0018397684344797136,0.00124538170949396,0.0006230788402425854,0.017777335032467464,0.01949242062900618,0.4859101324150483,0.039940196497223406,0.0,40766,0.020377029530347607,0.020127294825049574,79679,0.03982783044567942,1.9545454545454546,0.04061801594023941,0.04040968790650368,0.9999803304672241,
Replacement_0540354a04e76f790be8fb4a8c5e73a2,STFD,CAFTB-Net,Light,Replacement,1080,2400,949,2108,0.8784104611578831,2293.8137000001007,0.0,1470.7626953125,False,0.009379175981316582,1.0,0.018584048897577393,0.009379175981316582,0.2454760273848482,0.03419419431665879,0.979878638978996,0.2588308846514536,1.0,1502,0.0007508152994363386,0.0007565586419753087,160142,0.08005130737838492,106.61917443408788,0.0793600768388036,0.07992745190858841,0.9999647736549377,
Splicing_1220a547730c899ed1300b1435b0b30f,STFD,CAFTB-Net,Light,Splicing,1080,2340,961,2082,0.8896008544727063,2290.209700000105,0.0,1470.7626953125,False,0.04386349463129102,0.831412019427702,0.08333064518493973,0.04347679738062088,0.130278939454003,0.03967173386556888,0.8957958156768341,0.083729474707591,0.5510204081632653,17089,0.008541075028913405,0.008605175688509022,323914,0.16189208127540855,18.954532155187547,0.15612439904361164,0.16329005360603333,0.9999997615814209,
Copy-move_0c06e9cb158605d473729a990b782ccf,STFD,CAFTB-Net,Light,Copy-move,1080,2340,961,2082,0.8896008544727063,2293.064000000413,0.0,1470.7626953125,False,0.0634357539267509,0.7301268842858692,0.11672966225119633,0.06198242488687575,0.12680955023684398,0.05520184795953608,0.9112148872445491,0.12107360238578307,0.3061224489795918,18442,0.009217303861151677,0.009309908198797087,212262,0.10608845852813022,11.509706105628457,0.10028299602493997,0.10446029156446457,0.9999992847442627,
Insertion_0d2b0a54f62c0462cd0b5b0f20dd1725,STFD,CAFTB-Net,Light,Insertion,1080,2340,961,2082,0.8896008544727063,2276.0380999998233,0.0,1470.7626953125,False,0.017508645599421255,0.7102629346904156,0.03417484920460018,0.017384480603868845,0.1338776719103649,0.023749439554761387,0.9262512499955606,0.03781314748540215,0.02040816326530612,5895,0.0029463185262709655,0.0029736467236467236,239139,0.11952157184968827,40.566412213740456,0.11777591637103885,0.11789309233427048,0.9999990463256836,
Removal_0e970b2e3b06582210767d2d22500d59,STFD,CAFTB-Net,Light,Removal,1080,2340,961,2082,0.8896008544727063,2282.6176000003215,0.0,1470.7626953125,False,0.00011525795828759604,0.00475758948799275,0.00022506350005894522,0.00011254441484943165,0.0020326269296272056,0.0020430212760263714,0.4892805330305099,0.004402518232449771,0.0,4414,0.002206115347745554,0.002225783475783476,182200,0.09106348354309922,41.27775260534663,0.09125430527532724,0.09255914390087128,0.9999998211860657,
Replacement_09793c415afe9bbc8785ca970d756ca6,STFD,CAFTB-Net,Light,Replacement,750,1334,750,1334,1.0,959.5538000003216,0.0,1470.7626953125,False,0.09133424074267965,1.0,0.16738087623920692,0.09133424074267965,0.613912602566028,0.3272686534363047,0.9970365352867383,0.4860599684376644,1.0,2617,0.0026156921539230386,0.0026156921539230386,28653,0.028638680659670165,10.948796331677494,0.026091235144801547,0.03795035183429718,0.999508798122406,
Splicing_17e7285d95837f602c43dd7eb1fb45a9,STFD,CAFTB-Net,Light,Splicing,1080,2340,961,2082,0.8896008544727063,2293.453799999952,0.0,1470.7626953125,False,0.036232969613539286,0.8180073126142596,0.06939226519337018,0.03594322344322344,0.2550607080325,0.051518515397106834,0.8871583522827854,0.08179647970852748,0.9795918367346939,10940,0.005467807409228899,0.005435660018993352,246985,0.12344299935725773,22.57632541133455,0.11962437596175012,0.12578850984573364,0.9999995231628418,
Copy-move_0ddc6c5014b28a85ff2ebef599189d41,STFD,CAFTB-Net,Dark,Copy-move,2340,1080,2082,961,0.8896008544727063,2288.410599999679,0.0,1470.7626953125,False,0.4796170936092804,0.6382902726515062,0.5476928316022476,0.3771191408539874,0.5872714064216088,0.5238400017408097,0.9713167465048368,0.5531004989308624,0.9183673469387754,25197,0.012593450026539358,0.01256568534346312,33533,0.016759779328489276,1.3308330356788507,0.008832737313379952,0.01856682449579239,0.9999668598175049,
Insertion_0e1a56122f005291210707b0a315caea,STFD,CAFTB-Net,Light,Insertion,1080,2340,961,2082,0.8896008544727063,2292.407699999785,0.0,1470.7626953125,False,0.011219703808143845,0.9749095840867993,0.022184102850294592,0.011216465032091625,0.028472810241689225,0.008524467700438175,0.8821157657770482,0.022901057734684885,0.6530612244897959,4424,0.0022111133435492366,0.002204811649256094,384413,0.19212945608810866,86.89263110307414,0.19039480499184022,0.18617558479309082,0.9999994039535522,
Removal_1218890d5ba96516f106fb82866a8181,STFD,CAFTB-Net,Light,Removal,1080,2400,949,2108,0.8784104611578831,2282.10080000008,0.0,1470.7626953125,False,0.0014647350796287957,0.11046057767369243,0.0028911330074423685,0.0014476591913570142,0.003977605969541446,0.002586254067339367,0.7377105427067836,0.004077948453442079,0.02040816326530612,2562,0.0012806849515019304,0.0012665895061728396,193209,0.09658074113768013,75.41334894613583,0.09656294264563824,0.09658460319042206,0.9999997615814209,
Replacement_0b24d2381574ad95eee0abcc9c934979,STFD,CAFTB-Net,Light,Replacement,1080,2400,949,2108,0.8784104611578831,2283.990299999914,0.0,1470.7626953125,False,0.027098436828884173,1.0,0.05276697122147174,0.027098436828884173,0.5244132045881494,0.1468323647168802,0.9933358453637688,0.4069700791012266,1.0,4164,0.002081487953963325,0.0020729166666666665,153662,0.0768121042223613,36.902497598463015,0.07488649159857498,0.0785723552107811,0.9999963641166687,
Splicing_196442f74f580afa369ec9654d14bc88,STFD,CAFTB-Net,Light,Splicing,1080,2340,961,2082,0.8896008544727063,2281.7879999997785,0.0,1470.7626953125,False,0.00987640350546314,0.9846443121278596,0.019556645493786627,0.009874882535412233,0.2986484712534125,0.031987106664842474,0.968982193197182,0.043237250554323724,1.0,3191,0.0015948604609551569,0.001621161760050649,318132,0.1590022401017192,99.69664681917894,0.15768335276487766,0.16158536076545715,0.9999990463256836,
Copy-move_0e05d3c134edaf046c427c46481c3761,STFD,CAFTB-Net,Light,Copy-move,1080,2340,961,2082,0.8896008544727063,2297.139799999968,0.0,1470.7626953125,False,0.041046544298648416,0.4928747671081122,0.07578197584391454,0.03938325849387604,0.10348879611487956,0.04279495346164978,0.8858462116943971,0.08557719395498041,0.7346938775510203,19859,0.00992551986653352,0.010007913896802785,238461,0.11918270773419859,12.007704315423737,0.11543643608119972,0.11515678465366364,0.9999991655349731,
Insertion_10717e9f26a13147bd089a8e7a20ebd4,STFD,CAFTB-Net,Light,Insertion,1080,2340,961,2082,0.8896008544727063,2288.303799999994,0.0,1470.7626953125,False,0.023984865338865388,0.8286115007012623,0.04662026734845257,0.02386646414374818,0.16821497227049623,0.03411791462597829,0.9498416984522744,0.0520522837987749,0.7142857142857142,3565,0.0017817855040128908,0.0017473884140550807,123161,0.061555816117736785,34.54726507713885,0.06018664785401032,0.07281029969453812,0.9999933838844299,
Removal_1229665d47d3baac058dce459e995a77,STFD,CAFTB-Net,Light,Removal,1080,2400,949,2108,0.8784104611578831,2278.2461000001604,0.0,1470.7626953125,False,0.002294699620057932,0.2852689010132502,0.004552776758447827,0.0022815821463080138,0.009167290308316471,0.0019253700252839542,0.7750644161917247,0.005499792365113288,0.02040816326530612,1283,0.0006413422298114663,0.0006350308641975309,159498,0.07972938657090356,124.31644583008574,0.07959748080365785,0.08064420521259308,0.9999985694885254,
Replacement_0e4d3a9d7972fcbd4b1985f571275940,STFD,CAFTB-Net,Light,Replacement,1080,2340,961,2082,0.8896008544727063,2281.7700000000514,0.0,1470.7626953125,False,0.027808992133982236,0.9887672401535618,0.05409652425553101,0.027800209481014783,0.24315052503403423,0.04198495350166341,0.9529767496322266,0.06104741064916119,0.9795918367346939,7033,0.0035150904487300594,0.003513770180436847,250063,0.12498138246563129,35.555666145314945,0.12193438658139433,0.12352074682712555,0.9999996423721313,
Splicing_1fe527c20071cb904644c57dc12ed10a,STFD,CAFTB-Net,Light,Splicing,1080,2400,949,2108,0.8784104611578831,2282.6991000001726,0.0,1470.7626953125,False,0.10219963581729936,0.4177799162232537,0.1642255166467332,0.08945843737121524,0.08121826673022063,0.0808373327627885,0.8957123538664156,0.16424121392117705,0.14285714285714285,35332,0.01766165523281273,0.01747337962962963,144433,0.07219873911017889,4.087880674742443,0.06598546683221722,0.0749707743525505,0.9996951818466187,
Copy-move_10e0a02dffa95540e3cb2f8403a9a772,STFD,CAFTB-Net,Light,Copy-move,750,1334,750,1334,1.0,959.382099999857,0.0,1470.7626953125,False,0.24562929061784897,0.33135765882570845,0.2821247404525981,0.16422888616891065,0.13725415015805195,0.13573686280844321,0.8800668737852265,0.2745315796988783,0.24489795918367346,16197,0.016188905547226386,0.016188905547226386,21850,0.021839080459770115,1.3490152497376058,0.016745859760663128,0.031041061505675316,0.8341028094291687,
Insertion_111a8679564aa499f0e4433c1f2dc703,STFD,CAFTB-Net,Dark,Insertion,1080,2340,961,2082,0.8896008544727063,2287.228700000014,0.0,1470.7626953125,False,0.030715501029820007,0.592586775561489,0.0584037645893316,0.030080283183583006,0.07891316016245922,0.0265138113080435,0.9464065101651078,0.06654602452757839,0.3061224489795918,6367,0.00318222392820479,0.0031568534346312124,122837,0.06139388105369747,19.29275954138527,0.059698109991050095,0.06341446191072464,0.9999994039535522,
Removal_13f7d43481802597496e580c07b1b01d,STFD,CAFTB-Net,Light,Removal,1080,2340,961,2082,0.8896008544727063,2283.4210000000894,0.0,1470.7626953125,False,0.0,0.0,0.0,0.0,0.004073914139749246,0.003579306258492161,0.5284184102705297,0.007176269803840325,0.0,7205,0.003601055976553402,0.0036237733459955684,226583,0.11324608831858425,31.448022206800832,0.11365536765956209,0.11042194813489914,0.9999988079071045,
Replacement_0e6636a652a089eab7ea4684b7dd656d,STFD,CAFTB-Net,Light,Replacement,1080,2400,949,2108,0.8784104611578831,2281.7645000000084,0.0,1470.7626953125,False,0.02404515879986797,1.0,0.04696112977683083,0.02404515879986797,0.5657870428185697,0.1967922532660951,0.9944741062577123,0.3266750948166877,1.0,4298,0.0021484714760169,0.0021454475308641976,178747,0.08935151952619655,41.588413215449044,0.08739080470134666,0.08772668242454529,0.9999924302101135,
Splicing_20bc94ca66f9537bc397a58f1e21795d,STFD,CAFTB-Net,Light,Splicing,1080,2340,961,2082,0.8896008544727063,2288.144099999954,0.0,1470.7626953125,False,0.30891240393167463,0.512030089398779,0.3853435461961353,0.23865358187392086,0.41582842940510634,0.3099599900322338,0.8904262290043744,0.4312331556067319,0.9795918367346939,52909,0.02644389599770492,0.02657684393795505,87698,0.04383142359913675,1.6575251847511765,0.031114132039080176,0.04969356954097748,0.9999997615814209,
Copy-move_12c86e02e6837ec4743391be11037c27,STFD,CAFTB-Net,Light,Copy-move,1080,2340,961,2082,0.8896008544727063,2282.5754000000416,0.0,1470.7626953125,False,0.0710298790805167,0.22978204999833116,0.10851558497852386,0.05737059428919046,0.11715859104504582,0.06921644119050208,0.7485509850780885,0.18912771413036833,0.02040816326530612,59922,0.029948990454827615,0.030145615701171257,193848,0.09688514905522885,3.235005507159307,0.09278214006017889,0.09886298328638077,1.0,
Insertion_113f1c92b3288b661abeb7a3f28675a2,STFD,CAFTB-Net,Light,Insertion,1080,2340,961,2082,0.8896008544727063,2280.352099999618,0.0,1470.7626953125,False,0.0492866583999891,0.9725732723850498,0.09381889865898892,0.049218250350392574,0.2166942625342925,0.058630287834807136,0.9698343987037616,0.10632086029876892,0.9795918367346939,7438,0.0037175092787792097,0.0037385248496359606,146774,0.0733575836089728,19.732992739983867,0.07000226752364345,0.07318764925003052,0.9999995231628418,
Removal_186c8e94ee42eb0fd7e71f5438445743,STFD,CAFTB-Net,Light,Removal,1080,2400,949,2108,0.8784104611578831,2279.504800000268,0.0,1470.7626953125,False,8.638861052558831e-06,0.0015166835187057635,1.717986748595546e-05,8.59000753057327e-06,0.0006565041249589403,0.0008342683951292429,0.36916854614788697,0.0019755601831737803,0.0,1978,0.0009887567658356045,0.0009918981481481482,347268,0.1735912965410509,175.56521739130434,0.1737616048724202,0.1718740612268448,0.9999984502792358,
Replacement_1050dfe933b6e454daae1a9085b16fb7,STFD,CAFTB-Net,Light,Replacement,1080,2340,961,2082,0.8896008544727063,2289.348400000108,0.0,1470.7626953125,False,0.010321296460623523,0.8644709997085398,0.020399039883355456,0.010304622140693182,0.08086213430353935,0.009305017558178003,0.9085545102928795,0.021487013677004115,0.5510204081632653,3431,0.0017148123602435423,0.0017240424184868629,287367,0.1436259060116893,83.75604779947537,0.14238766859036203,0.13810543715953827,0.9999995231628418,
Splicing_243350c2f6f4f1a2afaeefb3d4f6bc63,STFD,CAFTB-Net,Light,Splicing,1080,2340,961,2082,0.8896008544727063,2280.445899999904,0.0,1470.7626953125,False,0.13998855810256658,0.5608433207943312,0.22405272980170407,0.126159562032879,0.19716237761151162,0.14657832487366654,0.8811874870316903,0.2535987877767489,0.02040816326530612,57155,0.028566045015948605,0.028759100981323203,228983,0.1144456073114681,4.006351150380544,0.1013188094340176,0.114049032330513,0.9999991655349731,
Copy-move_18ae91d871a2faaf89cb94f195f8ee1c,STFD,CAFTB-Net,Light,Copy-move,1080,2400,949,2108,0.8784104611578831,2298.3469000000696,0.0,1470.7626953125,False,0.005309496605954701,0.9099476439790576,0.01055739138886189,0.005306708192116271,0.14472735052220406,0.008953357198085272,0.9660882224601488,0.015623696287025448,0.9795918367346939,955,0.00047738256388928324,0.0004814814814814815,163669,0.08181437366407864,171.38115183246074,0.08141884846341928,0.08389036357402802,0.9999950528144836,
Insertion_135c6ae8c915334783f2abd38edf4887,STFD,CAFTB-Net,Dark,Insertion,1080,2340,961,2082,0.8896008544727063,2282.408100000339,0.0,1470.7626953125,False,0.05533974708053488,0.9939143664420778,0.10484203769086158,0.055321002141224006,0.22651836234928663,0.04871234987041457,0.9776496294202252,0.14093875502008033,1.0,4601,0.002299577869274421,0.0023171889838556506,82635,0.04130093832373218,17.960226037817865,0.03910528048027228,0.04322484880685806,0.9999996423721313,
Removal_1a1ed027e3bd93fde05f97995915dda9,STFD,CAFTB-Net,Light,Removal,1080,2376,953,2098,0.8828357307829559,2287.397999999939,0.0,1470.7626953125,False,0.00018329444518753004,0.011697755295605438,0.00036093335414390514,0.00018049925117202554,0.001704990951888002,0.0015249146397765556,0.5303849274840511,0.003158961268018838,0.0,3163,0.001581979339739941,0.0015798416261379223,201861,0.10096109121063682,63.81947518178944,0.10110252771347604,0.09817913919687271,0.999979555606842,
Replacement_107cf9e9d3be616086d6b47f7e3c5077,STFD,CAFTB-Net,Light,Replacement,1080,2340,961,2082,0.8896008544727063,2282.086000000163,0.0,1470.7626953125,False,0.027164447440867465,0.995880535530381,0.05288632448248517,0.02716139542722319,0.13397116944050105,0.030678516179825508,0.9706765876602044,0.06758742839915587,0.9795918367346939,3884,0.0019412215701503698,0.0019321779044001266,142392,0.07116746184779903,36.66117404737384,0.06936889747100282,0.07021766155958176,0.9999986886978149,
Splicing_2ceae21aa971b8c26829ce672a8f7a44,STFD,CAFTB-Net,Light,Splicing,1080,2340,961,2082,0.8896008544727063,2294.254700000238,0.0,1470.7626953125,False,0.09375175622969799,0.8324351297405189,0.1685237753689804,0.09201526784926309,0.3291997493071267,0.12172343182568379,0.9557787428507346,0.1851546251921512,0.9795918367346939,20040,0.010015983590580178,0.01010446343779677,177938,0.08893333773156964,8.879141716566867,0.08141109330651537,0.0898011177778244,0.9999998807907104,
Copy-move_1be9b907ab51516c6f61d0f735fcc22b,STFD,CAFTB-Net,Light,Copy-move,1080,2340,961,2082,0.8896008544727063,2281.0937999997805,0.0,1470.7626953125,False,0.0922810740668149,0.8834681332901974,0.16710725999902093,0.09117132516926857,0.15837163449029018,0.0841492783920785,0.9481077863814922,0.1800109659913678,0.9591836734693877,15455,0.007724402514591649,0.007769072491294713,147961,0.07395084571086995,9.573665480427046,0.06764913136091574,0.07368765771389008,0.9999982118606567,
Insertion_165c9b4142ea4501f78b94a43c92c5ff,STFD,CAFTB-Net,Light,Insertion,1080,2340,961,2082,0.8896008544727063,2289.9671000000126,0.0,1470.7626953125,False,0.0171804932735426,0.9913746630727763,0.03377565544790853,0.01717792557166343,0.06417158963012952,0.0152268472508074,0.9146392988901274,0.037236502405115376,0.5714285714285714,5565,0.0027813846647494356,0.0027441437163659385,321120,0.16049564124785962,57.703504043126685,0.15817820138660219,0.15471257269382477,0.999999463558197,
Removal_1b14181bbb0000ee22b064d9ef40393a,STFD,CAFTB-Net,Light,Removal,1080,2340,961,2082,0.8896008544727063,2280.3391999996165,0.0,1470.7626953125,False,0.007362942178145717,0.3771256171146462,0.014443884196814992,0.007274477957009158,0.005400849041346873,0.003912102398059553,0.6948089853272176,0.016021279986270977,0.8571428571428571,3646,0.0018222692700227208,0.0018190091801202912,186746,0.09333557243545339,51.219418540866705,0.0928174864657543,0.09306064248085022,0.9999992847442627,
Replacement_12b4b3511b85556659c76dea6463b2b0,STFD,CAFTB-Net,Light,Replacement,1080,2340,961,2082,0.8896008544727063,2292.4112999999124,0.0,1470.7626953125,False,0.039197370347742226,0.9746390458254865,0.07536381022648947,0.0391574317405713,0.10238038145406196,0.0368903625360781,0.9497460270090411,0.08719264383249613,0.673469387755102,7965,0.003980903657633289,0.004019863880974992,198049,0.09898480709235596,24.864908976773382,0.0954849794539142,0.11970753222703934,0.9999983310699463,
Splicing_319013e0aa0e47d42d2d25a4d435d1b1,STFD,CAFTB-Net,Light,Splicing,1080,2340,961,2082,0.8896008544727063,2278.0494999997245,0.0,1470.7626953125,False,0.20565156717030514,0.15602309445132362,0.1774323572727519,0.09735296134592086,0.2375170250931037,0.18130786757020145,0.6040080378725832,0.24010013334693778,0.0,272966,0.13642829225480582,0.13683998100664768,207093,0.10350499449720663,0.7586769048159844,0.09520811002896108,0.10492968559265137,0.9999992847442627,
Copy-move_1d7789707297e2e28fbac34c2db0cb99,STFD,CAFTB-Net,Light,Copy-move,1080,2340,961,2082,0.8896008544727063,2291.900700000042,0.0,1470.7626953125,False,0.07464387900301421,0.303125388343482,0.11978981227977557,0.06371086225472591,0.05706265970628441,0.03777415087121688,0.6988078719740335,0.12164162899500562,0.7346938775510203,32188,0.01608754889289395,0.016051756885090217,130714,0.06533080234825835,4.060954392941468,0.061442720614605,0.06491214781999588,0.9999994039535522,
Insertion_186113238b1e1a29b72d99836e01e2cc,STFD,CAFTB-Net,Light,Insertion,1080,2340,961,2082,0.8896008544727063,2282.84450000001,0.0,1470.7626953125,False,0.012741367159971812,0.9934065934065934,0.025160033398274422,0.012740289757032527,0.06658581138005919,0.016212938595592054,0.9333568807395608,0.033441517386722866,0.9795918367346939,4550,0.002274088090675639,0.0022340930674264008,354750,0.1773039011356446,77.96703296703296,0.1754437816468061,0.1785416305065155,0.9999990463256836,
Removal_1dcdf7442e458478c64dced4ce999159,STFD,CAFTB-Net,Light,Removal,828,1792,828,1792,1.0,1729.8080000000482,0.0,1470.7626953125,False,0.0012744555116407856,0.08549618320610687,0.002511473547306893,0.0012573156311275428,0.002066911502915288,0.00223817317405823,0.43321012411995735,0.005283301942722554,0.0,3930,0.002648647774327122,0.002648647774327122,263642,0.1776831543305728,67.08447837150128,0.17792797358644075,0.17381425201892853,0.9999995827674866,
Replacement_13bf7d2e3905bdd56116343721157289,STFD,CAFTB-Net,Light,Replacement,1080,2340,961,2082,0.8896008544727063,2282.919799999945,0.0,1470.7626953125,False,0.025608963683322505,0.9718193120596768,0.04990290745617535,0.025589960441958805,0.14717813093629523,0.031025147462584127,0.9529907833907032,0.061050750199896524,0.9795918367346939,4826,0.0024120327748572822,0.0023967236467236468,183139,0.09153279534906503,37.94840447575632,0.08940438161581102,0.09495701640844345,0.9999995231628418,
Splicing_35780335c3eb83674a31437003347615,STFD,CAFTB-Net,Light,Splicing,1080,2340,961,2082,0.8896008544727063,2287.336200000027,0.0,1470.7626953125,False,0.05858525080719247,0.2820744956026901,0.09702000453738674,0.050983197284636315,0.09881198969950283,0.05876178421139988,0.7824388374440984,0.11679609614507641,0.02040816326530612,38660,0.01932225177703741,0.019250553972776197,186139,0.09303219409016984,4.814769787894464,0.08930750169967311,0.09238441288471222,0.9999983906745911,
Copy-move_1e708a4aac7585ce6aa81e45f2a9e7f7,STFD,CAFTB-Net,Light,Copy-move,1080,2340,961,2082,0.8896008544727063,2285.280899999634,0.0,1470.7626953125,False,0.04164738881499046,0.7762581688337937,0.07905344443720218,0.04115338045625176,0.14337112828006918,0.04756666795527699,0.9175819902372839,0.10077158287482647,0.9795918367346939,14843,0.007418525171406266,0.00743391896169674,276656,0.13827255270636474,18.6388196456242,0.13350426670439822,0.13939422369003296,0.9999995827674866,
Insertion_19cb18df5b19793b86f2a129384bd597,STFD,CAFTB-Net,Light,Insertion,1080,2340,961,2082,0.8896008544727063,2280.949099999816,0.0,1470.7626953125,False,0.01540568631069753,0.5998487140695915,0.030039870067144602,0.01524897362677512,0.045423378333362234,0.017025735128703423,0.9347014919765311,0.04373137324541763,0.7142857142857142,2644,0.001321470090493712,0.0013524849635960746,102949,0.05145386699933327,38.93683812405446,0.05072822069125665,0.053495705127716064,0.998917281627655,
Removal_2285cf28a2ee96e7bc1a5f39f1f78e13,STFD,CAFTB-Net,Light,Removal,1080,2340,961,2082,0.8896008544727063,2285.91009999991,0.0,1470.7626953125,False,0.006943282583235737,0.18161925601750548,0.013375231649343323,0.00673264114211551,0.009127377190875254,0.008653646181869989,0.7894939479942781,0.01901536291568898,0.02040816326530612,6398,0.003197717715196206,0.003190487496043052,167356,0.08364445857211258,26.15754923413567,0.08333015778147256,0.08427778631448746,0.9999969005584717,
Replacement_1bb423db103d5ffb4e83eda7809b6bca,STFD,CAFTB-Net,Dark,Replacement,1080,2340,961,2082,0.8896008544727063,2292.181199999959,0.0,1470.7626953125,False,0.013078777739506962,0.9654921903378133,0.02580795502541472,0.013072666912578385,0.11488087616944041,0.014471561402793855,0.9518754051660576,0.03071508558630619,1.0,2753,0.0013759482447538538,0.0013782051282051281,203230,0.10157426871824399,73.82128586996005,0.10038392451836767,0.1017061397433281,0.9999988675117493,
Splicing_3c286f1f8a1549b76581cb94bacef48c,STFD,CAFTB-Net,Light,Splicing,1080,2340,961,2082,0.8896008544727063,2281.376200000068,0.0,1470.7626953125,False,0.0796104853227229,0.7454559167358021,0.14385777234405644,0.07750363641353569,0.1185596446053388,0.06369362778636371,0.8932264365223889,0.14842064627472354,0.16326530612244897,26518,0.013253685272205846,0.01327397910731244,248309,0.12410473400166533,9.363790632777736,0.11575892830008246,0.12405093014240265,0.9999996423721313,
Copy-move_27c60798e94c9a40ee8950c4621143c1,STFD,CAFTB-Net,Light,Copy-move,1080,2340,961,2082,0.8896008544727063,2286.4816999999675,0.0,1470.7626953125,False,0.1403163950143816,0.5833698728425081,0.22622056311685101,0.12753590351366426,0.23379700338660006,0.18044275905808146,0.9590399831012365,0.3025228126677402,0.9795918367346939,25087,0.012538472072698847,0.0125664767331434,104300,0.052129096232410806,4.157531789372982,0.04538356999870933,0.0515272431075573,0.999985933303833,
Insertion_1c0c908ea34f79f33a84ca8de2acbacb,STFD,CAFTB-Net,Light,Insertion,1080,2340,961,2082,0.8896008544727063,2278.542699999889,0.0,1470.7626953125,False,0.027971384374679206,0.977728285077951,0.05438684033931552,0.027953573437383923,0.10388142030971893,0.04300658823090549,0.949513911564847,0.08324274604900075,0.7551020408163265,8082,0.004039380208536377,0.003945473251028807,282503,0.14119488085277804,34.954590447908934,0.13780209964269943,0.1370348185300827,0.9999884366989136,
Removal_32d1ea24572bd1a17881ef0ef960fa41,STFD,CAFTB-Net,Light,Removal,1080,2340,961,2082,0.8896008544727063,2290.699499999846,0.0,1470.7626953125,False,0.003280646113943067,0.15786221810318196,0.006427713381845168,0.003224218868305487,0.0045154943289997685,0.0026012408576947853,0.6258083438860523,0.009596677347121784,0.26530612244897955,3237,0.0016178512416520974,0.0016508388730610954,155762,0.07784978223732283,48.119246215631755,0.07772012425127593,0.08561043441295624,0.9999997019767761,
Replacement_1f01e64b8436911b1ef600ae888c3937,STFD,CAFTB-Net,Light,Replacement,1080,2340,961,2082,0.8896008544727063,2288.4358000001157,0.0,1470.7626953125,False,0.03454247674573509,0.926245009455768,0.06660119362393292,0.03444772666885482,0.19898100603564128,0.054431552514880445,0.9412392574933599,0.31129247168554297,1.0,9518,0.004757092405945216,0.004744381133270022,255222,0.1275598485007512,26.814666946837573,0.12374226880746292,0.12635521590709686,0.9999985098838806,
Splicing_3cf875336d623c6a903ec2e8fedaff86,STFD,CAFTB-Net,Light,Splicing,1080,2340,961,2082,0.8896008544727063,2288.405700000112,0.0,1470.7626953125,False,0.026208503203261502,0.4657534246575342,0.04962457227186481,0.025443600019955766,0.09166850214850364,0.03164232587570864,0.8569523105844807,0.0622617746899422,0.9795918367346939,16425,0.008209208107548873,0.008297720797720797,291890,0.145886499513695,17.771080669710805,0.14323891075133405,0.1446167230606079,0.9999996423721313,
Copy-move_2becda72bf85d5f83f8cfb69f1727a11,STFD,CAFTB-Net,Dark,Copy-move,2340,1080,2082,961,0.8896008544727063,2287.623100000019,0.0,1470.7626953125,False,0.6683461766449318,0.029543548894245885,0.056585782038091885,0.02911668624995158,0.17104630780883456,0.16152666727263937,0.7351536329587626,0.21792773618024405,0.02040816326530612,76328,0.03814870237034949,0.038172681228236784,3374,0.0016863237841625509,0.0442039618488628,0.0005814575826953235,0.0043579512275755405,0.15531271696090698,
Insertion_21125b5b515ef775a9e4782ac11a5345,STFD,CAFTB-Net,Light,Insertion,1080,2340,961,2082,0.8896008544727063,2287.1595999999954,0.0,1470.7626953125,False,0.011183870468590016,0.7841643582640813,0.02205321466016171,0.011149549029132587,0.06623723306999421,0.00977098177337809,0.8920764440557991,0.030437352245862883,1.0,4332,0.0021651317821553555,0.002147040202595758,303741,0.1518096243406394,70.11565096952909,0.15043752222673018,0.14408645033836365,0.9999998211860657,
Removal_33ffd2e329b341693c8890afbe0d587e,STFD,CAFTB-Net,Light,Removal,1080,2340,961,2082,0.8896008544727063,2292.8640000000087,0.0,1470.7626953125,False,3.558634433346777e-05,0.00039735099337748344,6.532247528633019e-05,3.2662304434452196e-05,0.009658540479828143,0.008282648085101206,0.7450196018651701,0.014089385726174677,0.02040816326530612,7550,0.003773486831780456,0.0037591009813232037,84302,0.0421341042242061,11.165827814569536,0.042292193862090696,0.05423705279827118,0.9999992251396179,
Replacement_273961d709077c1a33020f1e8656d0ef,STFD,CAFTB-Net,Light,Replacement,1080,2340,961,2082,0.8896008544727063,2288.6665000000903,0.0,1470.7626953125,False,0.018305890153608135,0.9978915662650603,0.03595225176342919,0.01830518214015371,0.24759655033729722,0.07447114889453874,0.9867054636848034,0.077659746696721,0.9795918367346939,3320,0.001659334606822664,0.0016441120607787274,180980,0.09045372805504992,54.51204819277108,0.08894548236229413,0.08443903177976608,0.9999790191650391,
Splicing_3d8c57f9259ac46733cb1257810cc478,STFD,CAFTB-Net,Light,Splicing,1080,2340,961,2082,0.8896008544727063,2295.2611000000616,0.0,1470.7626953125,False,0.18602341670213388,0.466934791260814,0.266053184378879,0.1534379151551863,0.20039634301443027,0.14958818798627627,0.8923987838161578,0.27933422273044917,0.26530612244897955,47739,0.02385993216720095,0.02374446027223805,119829,0.059890483915949706,2.510086093131402,0.04994104132841593,0.0626658946275711,0.9999977350234985,
Copy-move_2ed1db0bf7a1dac0cb11df858b4844d0,STFD,CAFTB-Net,Light,Copy-move,1080,2340,961,2082,0.8896008544727063,2285.5491999998776,0.0,1470.7626953125,False,0.03742626942952092,0.39603888828653006,0.06838961736015327,0.035405492730210014,0.037252267131692864,0.034864976750568794,0.8043724973654558,0.07138238791839374,0.4693877551020408,27669,0.013828954589209727,0.013952200063311174,292789,0.14633581933644607,10.581842495211248,0.14283426408660743,0.151828333735466,0.9999434947967529,
Insertion_2e940bf898d59b6cfaf732c16e66d1af,STFD,CAFTB-Net,Dark,Insertion,1080,2340,961,2082,0.8896008544727063,2401.370399999905,0.0,1470.7626953125,False,0.022428294155704118,0.9027237354085603,0.04376913811368946,0.022374219202065313,0.38095516199762003,0.05111379950386794,0.9715081350998079,0.08117076491108653,1.0,3341,0.0016698303980103978,0.0016888255777144667,134473,0.06720954897086269,40.24932654893745,0.06581204839543801,0.07057490944862366,0.9999996423721313,
Removal_344807aaed9e1ff806320ccb80c0da74,STFD,CAFTB-Net,Light,Removal,1080,2340,961,2082,0.8896008544727063,2478.795600000012,0.0,1470.7626953125,False,4.868146258586193e-06,0.00018011527377521613,9.480065791656596e-06,4.74005536384665e-06,0.0038171307657860988,0.003322214035109424,0.6024528514588138,0.005534417156693186,0.0,5552,0.002774887270204648,0.0028304051915163026,205417,0.10266733040050939,36.99873919308357,0.10295251221651422,0.10067594796419144,0.9999998211860657,
Replacement_30c6045b2e094d8c96d16a2859947a65,STFD,CAFTB-Net,Light,Replacement,1080,2376,953,2098,0.8828357307829559,2373.106099999859,0.0,1470.7626953125,False,0.019776345507629592,0.9983314794215795,0.0387843954927995,0.01977569187378812,0.5050194235165494,0.1433607405285714,0.9960688278456421,0.462843295638126,1.0,1798,0.0008992724795613071,0.0008877353784761192,90765,0.04539625506528478,50.48109010011123,0.04453853531945398,0.05834624543786049,0.999004602432251,
Splicing_41a5a0299fd7aae6015e98f76f2b2726,STFD,CAFTB-Net,Light,Splicing,1080,2340,961,2082,0.8896008544727063,2317.26529999969,0.0,1470.7626953125,False,0.048153908694038426,0.4585413744740533,0.08715518068691952,0.04556312138180541,0.09636433553132795,0.048800277783655394,0.803421904569568,0.09855782377629028,0.18367346938775508,35650,0.017817855040128908,0.01780508072174739,339474,0.16966896274593887,9.522412342215988,0.16442850222272884,0.1711941808462143,0.9999991655349731,
Copy-move_32f588215a860b8771c8e4fd3307c667,STFD,CAFTB-Net,Light,Copy-move,1080,2340,961,2082,0.8896008544727063,2346.3151000000835,0.0,1470.7626953125,False,0.009782657810311329,0.30167208546214586,0.018950777580019257,0.009566030649591658,0.0732105555607096,0.011908983905156843,0.9120992869660921,0.04278143158163591,1.0,4306,0.0021521369930657805,0.002148622981956315,132786,0.06636638707878141,30.83743613562471,0.06585888476611022,0.06817856431007385,0.9999992847442627,
Insertion_362d7336a54745078320d0ec5a77b1a6,STFD,CAFTB-Net,Light,Insertion,1080,2340,961,2082,0.8896008544727063,2294.0353000003597,0.0,1470.7626953125,False,0.03103162861254589,0.9998141609366289,0.06019496230821947,0.031031449624363727,0.17482311947464396,0.044535613397681015,0.9375839061914322,0.07179810946844145,0.9795918367346939,10762,0.005378843083923347,0.005364039252928142,346743,0.17330200589563585,32.21919717524624,0.16883228477819542,0.17468298971652985,0.9999990463256836,
Removal_3c3641bcc680fc2a3d47412ef0a92efb,STFD,CAFTB-Net,Light,Removal,1080,2400,949,2108,0.8784104611578831,2274.599500000022,0.0,1470.7626953125,False,0.0453489710652302,0.286025454856069,0.07828582450275001,0.04073749650230544,0.051283785488817776,0.023724311561339886,0.6275243649058337,0.07781353073571144,0.4897959183673469,23414,0.011704120786286574,0.01169212962962963,147677,0.0738203401963117,6.3072093619202185,0.07130725241998545,0.07119012624025345,0.9999926090240479,
Replacement_3347e39afe7ec929d9f3d18fd2b70dd7,STFD,CAFTB-Net,Light,Replacement,1080,2340,961,2082,0.8896008544727063,2283.7797000001956,0.0,1470.7626953125,False,0.021914779790096456,0.9780547752808989,0.042869015189990305,0.021904009247573103,0.3158230234059649,0.054549827539242104,0.9667475285865805,0.18675522563000585,1.0,5696,0.002846858409777679,0.002850585628363406,254212,0.12705505092457925,44.62991573033708,0.12462545849694202,0.12699581682682037,0.9999996423721313,
Splicing_43bb172f9e960c96039da62e14bf7213,STFD,CAFTB-Net,Light,Splicing,1080,2400,949,2108,0.8784104611578831,2535.3682999998455,0.0,1470.7626953125,False,0.054576637169970195,0.5405474545919673,0.09914322982648761,0.05215712797626394,0.14247956220691083,0.0751550407704808,0.9038114005583786,0.13739706483559574,0.9795918367346939,19545,0.009770096556247164,0.009707175925925926,193581,0.09676669539293334,9.904374520337683,0.09238813557354134,0.09565234929323196,0.9999977946281433,
Copy-move_3a206914dbb7b3a1679c74e85cec8125,STFD,CAFTB-Net,Light,Copy-move,1080,1920,1061,1886,0.9820927516479826,2900.505499999781,0.0,1470.7626953125,False,0.03607410211633104,0.9697168649979483,0.06956050781054535,0.036033508479279816,0.2209971500788326,0.05233080769074728,0.9293645649019564,0.08615119534783545,1.0,12185,0.006089315288104321,0.006195987654320988,327548,0.1636883909715219,26.881247435371357,0.1587501590106096,0.15993373095989227,0.9999996423721313,
Insertion_3645aebd52bac144e5842037bb41e233,STFD,CAFTB-Net,Light,Insertion,1080,2400,949,2108,0.8784104611578831,2546.896700000161,0.0,1470.7626953125,False,0.006975329129328465,0.9843871975019516,0.013852499986268339,0.006974557522123894,0.3038487630428966,0.041743218443493116,0.9838794210717379,0.28825622775800713,1.0,1281,0.0006403424757509652,0.0006354166666666666,180780,0.09036776952869593,141.12412177985948,0.08979492409755649,0.08320026844739914,0.9999590516090393,
Removal_3e5cf4b29e3d31e24de7c21fbac1cfcd,STFD,CAFTB-Net,Light,Removal,1080,2340,961,2082,0.8896008544727063,2422.7911000002678,0.0,1470.7626953125,False,0.004119067549094588,0.20260663507109006,0.008073987948038458,0.00405335735322876,0.0051824504840173044,0.004824374466101506,0.7967128820680843,0.014326953918528814,0.26530612244897955,3376,0.0016873233833232873,0.0017276036720481165,166057,0.0829952189172142,49.1875,0.08279305466134916,0.08366569876670837,0.9999996423721313,
Replacement_39ed87e88326905cde6cf173e92edf4e,STFD,CAFTB-Net,Light,Replacement,1080,2340,961,2082,0.8896008544727063,2440.8613999999034,0.0,1470.7626953125,False,0.0021593656863296406,0.43340857787810383,0.004297320889008259,0.0021532871273803916,0.002111625533930261,0.0021135937195695016,0.8571301737782171,0.005444503581680642,0.02040816326530612,1329,0.0006642336423094339,0.0007027540360873694,266745,0.1333190390653348,200.71106094808127,0.13311957700854174,0.13265752792358398,0.9999986290931702,
Splicing_469e61730a5401ed634e7b89bed03e7f,STFD,CAFTB-Net,Light,Splicing,1080,2340,961,2082,0.8896008544727063,2333.9623000001666,0.0,1470.7626953125,False,0.1095224254833658,0.6162013082104852,0.18598774913348876,0.10252838647845226,0.30758498618955127,0.18690095348987096,0.8204410605624235,0.21783719185125483,0.9795918367346939,40972,0.020477788406848853,0.020370370370370372,230519,0.11521329946691376,5.6262569559699305,0.10473969681043764,0.114857517182827,0.9999991059303284,
Copy-move_3a34f6008034ae09e4fda26795eb768e,STFD,CAFTB-Net,Light,Copy-move,1080,2340,961,2082,0.8896008544727063,2424.808700000085,0.0,1470.7626953125,False,0.08466023974581167,0.5660229330114666,0.14729023038145642,0.07949989404534859,0.13582322395127244,0.07282713244717295,0.8595862987676098,0.15297254545368436,0.9795918367346939,33140,0.016563358093404545,0.016646090534979424,221568,0.11073959342303737,6.685817742908871,0.10307156412026049,0.11171725392341614,0.9999994039535522,
Insertion_3b33e341ecbfd853ee0c2c0b56a0dd2c,STFD,CAFTB-Net,Light,Insertion,1080,2340,961,2082,0.8896008544727063,2293.8780000004044,0.0,1470.7626953125,False,0.029819063984635602,0.9347017495522799,0.057794359406809256,0.029757075254481104,0.1443402841764767,0.026309232419637733,0.9299666656677514,0.061815988544750525,0.7346938775510203,7259,0.0036280451538932886,0.0036186293130737574,227539,0.11372389671741631,31.345777655324426,0.11073450635376313,0.11587006598711014,0.9999999403953552,
Removal_3ee85beb1a2e286eebac275c402afe14,STFD,CAFTB-Net,Light,Removal,1080,2376,953,2098,0.8828357307829559,2474.224999999933,0.0,1470.7626953125,False,0.07990060254211198,0.7621344967907036,0.14463768923636683,0.0779565739787161,0.10449451332323956,0.07872951134129971,0.9243512992111708,0.15666966776007202,0.9795918367346939,23837,0.011922112400057217,0.011906098017209129,227370,0.11371945699546963,9.538532533456392,0.10589570435072235,0.10918665677309036,0.999998927116394,
Replacement_3a1697a39157c794f673960e22c5f0ff,STFD,CAFTB-Net,Light,Replacement,1080,2340,961,2082,0.8896008544727063,2330.7208999999602,0.0,1470.7626953125,False,0.022934897305994906,0.9771485345255837,0.044817863347668824,0.02292260271178935,0.18579901308253566,0.02161334356503525,0.9547507314901406,0.04560944609206624,0.673469387755102,4026,0.0020121931105626643,0.0020322886989553655,171529,0.08573012222098939,42.605315449577745,0.08393279967307299,0.08577585965394974,0.9999997019767761,
Splicing_46cb84cee11284c9197a42bd71ad5370,STFD,CAFTB-Net,Dark,Splicing,1080,2340,961,2082,0.8896008544727063,2285.624800000278,0.0,1470.7626953125,False,0.0012338429748994714,0.006132476264361446,0.0020543537448641153,0.0010282330496401183,0.029816449867858304,0.02640424026538252,0.7317575277564063,0.026696964451880814,0.0,27069,0.013529074840988763,0.01339031339031339,134539,0.06724253574316699,4.970224241752558,0.06808063704665221,0.0675790086388588,0.9999901652336121,
Copy-move_3d05464b25b364292a5b1f0db14017ca,STFD,CAFTB-Net,Light,Copy-move,1080,2340,961,2082,0.8896008544727063,2286.786099999972,0.0,1470.7626953125,False,0.08212326490753696,0.6309501292478407,0.14533057896246385,0.07835928997048068,0.10083481412802847,0.06583667649997127,0.8672445567373941,0.16308378497523532,0.7346938775510203,31722,0.015854642288442335,0.015925134536245646,243719,0.12181065392777496,7.682964504129626,0.11360838564202572,0.11788046360015869,0.9999990463256836,
Insertion_3eb9b916d3a717a74bcaf828f27c6f20,STFD,CAFTB-Net,Light,Insertion,1080,2340,961,2082,0.8896008544727063,2296.161899999788,0.0,1470.7626953125,False,0.009175244114329842,0.9532019704433498,0.018175535822713047,0.009171112856485118,0.1434253656895004,0.010289538328771917,0.9292022972510074,0.01993128352557585,0.9795918367346939,2842,0.00142043040740663,0.0014248971193415638,295251,0.14756632590331278,103.88845883180859,0.14642034875573084,0.1493670791387558,0.9999994039535522,
Removal_3fe0571b313f1c99760b4931e4ebe403,STFD,CAFTB-Net,Light,Removal,750,1334,750,1334,1.0,963.7339000000793,0.0,1470.7626953125,False,0.03132043030739562,0.874189364461738,0.06047419304187883,0.03117988573543358,0.044307689492607286,0.03319799422300697,0.9707470894789103,0.05856701999194955,0.673469387755102,1542,0.0015412293853073462,0.0015412293853073462,43039,0.04301749125437281,27.911154345006484,0.041734487335803906,0.053977400064468384,0.9957733154296875,
Replacement_3fe03d38bd08a491194a4cc86ddf0dd2,STFD,CAFTB-Net,Light,Replacement,1080,2340,961,2082,0.8896008544727063,2294.0189999999347,0.0,1470.7626953125,False,0.014298751433509392,0.596831282656329,0.027928400446412725,0.014161960677662417,0.0822320113093885,0.014613954923516206,0.9012077800192722,0.06999300069993,1.0,5933,0.0029653109103249596,0.0029388255777144665,247644,0.12377236728072043,41.740097758301026,0.12236542850683428,0.1255127638578415,0.9999991655349731,
Splicing_4782cf0d10fc1c2909e52a8ad085c573,STFD,CAFTB-Net,Light,Splicing,1080,2340,961,2082,0.8896008544727063,2286.3016999999672,0.0,1470.7626953125,False,0.07541497767786101,0.5241724651087962,0.13185884804994097,0.07058291495388348,0.14447615266689592,0.07361282446276086,0.7601628195903206,0.1397360118939696,0.02040816326530612,49726,0.02485303393339271,0.024914925609370055,345621,0.17274123076646264,6.950508788159112,0.16378449634970652,0.1714976727962494,0.999998927116394,
Copy-move_3d6b07b73af1b86b01f2909b93dd5248,STFD,CAFTB-Net,Light,Copy-move,1080,2340,961,2082,0.8896008544727063,2407.5863000002755,0.0,1470.7626953125,False,0.06666264824219044,0.7418748951869865,0.12233283557325367,0.06515150176288141,0.07000674278539554,0.05492710556695923,0.85895849476163,0.12036534003195111,0.4897959183673469,29815,0.014901524488680038,0.014996834441278886,331805,0.1658359997640946,11.128794231091732,0.15712229456612348,0.15558063983917236,0.9999993443489075,
Insertion_43200379c29550fc0a8c81f8902ad9c2,STFD,CAFTB-Net,Light,Insertion,1080,2340,961,2082,0.8896008544727063,2282.296100000167,0.0,1470.7626953125,False,0.01664914433595055,0.9968421052631579,0.03275128048168938,0.016648266259748114,0.07105070747219984,0.016666200281287506,0.93506474111475,0.04002704650397246,0.9795918367346939,4750,0.0023740480067492935,0.0023547799936688824,284399,0.14214250085715627,59.87347368421052,0.14010857432571897,0.14173798263072968,0.9999997615814209,
Removal_4196a3dc95c72c98d0c751ab58351bc1,STFD,CAFTB-Net,Light,Removal,1080,2340,961,2082,0.8896008544727063,2280.9714999998505,0.0,1470.7626953125,False,0.01389918198979235,0.15308794085938704,0.025484565685570712,0.012906744228322123,0.007104687506888488,0.007196876207065467,0.5026700794034115,0.026552132565172894,0.36734693877551017,12986,0.006490397350662385,0.006462883823994935,143030,0.071486333980074,11.014169105190204,0.07095324718183171,0.07459945976734161,0.9999884963035583,
Replacement_448ac13a43c9470e5968e78d5fda5b02,STFD,CAFTB-Net,Light,Replacement,1080,2340,961,2082,0.8896008544727063,2289.9422999998933,0.0,1470.7626953125,False,0.01598601083032491,0.30864735351775213,0.030397614527356783,0.0154333761735683,0.08661485949340278,0.018304226602546207,0.8065377418641787,0.035964918633535875,0.9795918367346939,9182,0.004589159746941476,0.004480848369737259,177280,0.08860446960768732,19.307340448703986,0.08759000210883602,0.09515389055013657,0.9999978542327881,
Splicing_4784889127df8da6b92455aedffb8447,STFD,CAFTB-Net,Light,Splicing,1080,2400,949,2108,0.8784104611578831,2290.840399999979,0.0,1470.7626953125,False,0.023627744510978044,0.11800623052959501,0.039372206631327296,0.02008142838966877,0.04261691211512285,0.039907585906082045,0.8341251172126556,0.08463863937884686,0.02040816326530612,24075,0.012034539503282192,0.011969135802469135,120240,0.06010521411732714,4.994392523364486,0.05939991408695634,0.06290880590677261,0.9999825358390808,
Copy-move_406b73ae3f78d460a5ff481bcce3259d,STFD,CAFTB-Net,Dark,Copy-move,2340,1080,2082,961,0.8896008544727063,2294.1368000001603,0.0,1470.7626953125,False,0.3012579859052888,0.5149064710407325,0.38011870052701924,0.23465836703633083,0.27261545202323634,0.2616666211342943,0.9404654110387365,0.3917407328518224,0.3469387755102041,53299,0.026638817834048548,0.02661047799936689,91098,0.04553074217238887,1.7091877896395804,0.03268493039548591,0.047561164945364,0.999826192855835,
Insertion_4901951a082616a741962369fbf7c3e3,STFD,CAFTB-Net,Light,Insertion,1080,2340,961,2082,0.8896008544727063,2289.7623000003478,0.0,1470.7626953125,False,0.017301247885615805,0.9356230583362098,0.0339742545217533,0.017280676308482866,0.07067339667884079,0.019151079011638327,0.92104516332379,0.04722434503164619,0.7346938775510203,5794,0.00289583876865377,0.0029071699905033237,313330,0.15660220251679077,54.07835692095271,0.15433973197099962,0.1520732194185257,0.999995768070221,
Removal_41c86d92b81e2266cf95e08d27760d5b,STFD,CAFTB-Net,Light,Removal,1080,2400,949,2108,0.8784104611578831,2301.476399999956,0.0,1470.7626953125,False,0.00024969085893655475,0.027777777777777776,0.0004949328305444262,0.00024752767005740284,0.002144679536889355,0.0020307106726486874,0.7311874863970919,0.003645421245421245,0.02040816326530612,2268,0.0011337211046082664,0.0011084104938271606,252312,0.12612497325657887,111.24867724867725,0.126236598099112,0.1285819709300995,0.9999996423721313,
Replacement_48efaffe794b7a48d7eaf6f93bdc5430,STFD,CAFTB-Net,Light,Replacement,1080,2340,961,2082,0.8896008544727063,2297.324799999842,0.0,1470.7626953125,False,0.01133912156345976,0.8137273593898952,0.02236656962957334,0.011309765139530385,0.09282533466549023,0.01601791998115825,0.8808480002099688,0.02841705275649199,0.9795918367346939,5245,0.0026214487990315885,0.0026096074707185816,376396,0.18812256285229623,71.7628217349857,0.18647826145782856,0.18197302520275116,0.999996542930603,
Splicing_47d1a49e9244e96495f2f5722ec10b72,STFD,CAFTB-Net,Light,Splicing,1080,2400,949,2108,0.8784104611578831,2288.955200000146,0.0,1470.7626953125,False,0.048011784555038836,0.04995633499082144,0.04896476126840218,0.025096810296586457,0.11155735756971646,0.09191968668781944,0.6899736237749758,0.10623133321657965,0.0,112218,0.05609520058065716,0.05586342592592593,116763,0.05836714168314595,1.0405015238197082,0.05886698646488804,0.058709517121315,0.9999929070472717,
Copy-move_432601168d1badabf5b368b6879a75a8,STFD,CAFTB-Net,Light,Copy-move,1080,2316,966,2071,0.8941983055272923,2374.9032000000625,0.0,1470.7626953125,False,0.3541615258225852,0.10901300115969308,0.16671128732730742,0.0909356426922328,0.31979656675724444,0.2954474400713473,0.5251587369946925,0.42497354730623405,0.0,539798,0.2698199427567723,0.2692457461779569,166153,0.08305216571544538,0.3078058829413966,0.0734589824122323,0.0798354223370552,0.9999974966049194,
Insertion_4a189cecc589437f29c4880d58bdcb27,STFD,CAFTB-Net,Light,Insertion,1536,2048,1225,1633,0.7973599423122324,2285.718799999813,0.0,1470.7626953125,False,0.008446861719802032,0.9917864476386037,0.01675105777901089,0.008446270875229518,0.20808323603353535,0.010398613019457568,0.9640911213089831,0.019340653085040526,0.9795918367346939,1461,0.0007303448017296324,0.0007406870524088541,171543,0.08575327742854644,117.41478439425052,0.08509107717797819,0.08595740795135498,0.9999995827674866,
Removal_42a63471bc930300c4511623e637dc2c,STFD,CAFTB-Net,Light,Removal,1080,2340,961,2082,0.8896008544727063,2287.36919999983,0.0,1470.7626953125,False,0.005079534821547921,0.2690631808278867,0.009970834300477347,0.005010396064709164,0.116759393863334,0.00676093313078436,0.6097438836849617,0.015036106439806114,0.9795918367346939,3672,0.0018352640591122959,0.0018431465653687875,194506,0.09721401717911117,52.97004357298475,0.09689804869988433,0.09811992943286896,0.9999990463256836,
Replacement_4b46476bd4013dc3c0f7b973e265603d,STFD,CAFTB-Net,Light,Replacement,1080,2340,961,2082,0.8896008544727063,2278.954899999917,0.0,1470.7626953125,False,0.028128934017805318,0.9918926103136629,0.05470645584559336,0.02812246820536976,0.30064916335897635,0.04888160988855141,0.9566554047737112,0.061952086126857035,0.9795918367346939,7524,0.003760492042690881,0.003774137385248496,265314,0.1326038258658278,35.26236044657097,0.12936027990074642,0.13150008022785187,0.9999997615814209,
Splicing_49923f62157539754915e7d76b0cdfc8,STFD,CAFTB-Net,Light,Splicing,1080,2400,949,2108,0.8784104611578831,2281.890199999907,0.0,1470.7626953125,False,0.12646947799827438,0.7994034938219003,0.21838879770925726,0.12257938063504507,0.27779666601524605,0.1569639073351461,0.9441203491297655,0.3013954574648216,1.0,11735,0.005866056949990302,0.005792824074074074,74176,0.037078878595865415,6.3209203238176395,0.03258065213598243,0.03543668985366821,0.9999850392341614,
Copy-move_43a86e81f1b9fb7146931efbb0950e2a,STFD,CAFTB-Net,Light,Copy-move,1080,2316,966,2071,0.8941983055272923,2293.74370000005,0.0,1470.7626953125,False,0.03809685257388258,0.37123506414845,0.06910229538105171,0.035787652145295105,0.06826030002349116,0.03570289524128968,0.7940791531751223,0.07957707532257151,0.12244897959183673,18161,0.009077840192823502,0.009125727627454743,176970,0.08845908148912368,9.744507461042893,0.08586857005939695,0.08831373602151871,0.9999970197677612,
Insertion_4a2cd434b49b43d5fb1ad32365137fbe,STFD,CAFTB-Net,Light,Insertion,1080,2340,961,2082,0.8896008544727063,2288.187000000107,0.0,1470.7626953125,False,0.030431399671479207,0.9299867899603699,0.058934326733916534,0.030361840686591625,0.35032822944230946,0.09323179082158264,0.9766120874885087,0.12782670792668413,1.0,6056,0.0030267862587102573,0.0030037195314973095,185072,0.0924989079379169,30.56010568031704,0.08995631524013584,0.09136942028999329,0.9999970197677612,
Removal_432be66d42e290756d9d9c7a70f32933,STFD,CAFTB-Net,Light,Removal,1080,2340,961,2082,0.8896008544727063,2287.5667000002977,0.0,1470.7626953125,False,0.0,0.0,0.0,0.0,0.016273734134242972,0.021123116955184595,0.42373738341620976,0.04529865389716237,0.0,46367,0.023174207142935683,0.02321897752453308,54816,0.027397013797467215,1.1822201134427501,0.028046980329353495,0.029010429978370667,0.999980092048645,
Replacement_4d4af9af572060eaccee07e1e59ed4b4,STFD,CAFTB-Net,Dark,Replacement,1080,2340,961,2082,0.8896008544727063,2294.924700000138,0.0,1470.7626953125,False,0.11730575176589304,0.9817436661698957,0.20957051961823966,0.11705041830162138,0.3650917090404811,0.13852402743072253,0.986224391131463,0.25808504580548997,0.9795918367346939,8052,0.004024386221125329,0.00399335232668566,67388,0.033680494121857134,8.369100844510681,0.029849705181282146,0.03988870605826378,0.9999997019767761,
Splicing_4c5a5a8443deff15f0daf7621bdc4255,STFD,CAFTB-Net,Light,Splicing,1080,2340,961,2082,0.8896008544727063,2298.138000000108,0.0,1470.7626953125,False,0.18298172685901407,0.732922419460881,0.2928503173732724,0.17154343309994613,0.43220792272727765,0.3278223918925346,0.8942524313865434,0.3937177796427287,0.9795918367346939,60840,0.030407806469605687,0.030330009496676164,243691,0.12179665953952465,4.005440499671269,0.1026308762748961,0.11702366918325424,0.9999995231628418,
Copy-move_441db7c454301c287cb688a79d845dcf,STFD,CAFTB-Net,Light,Copy-move,1080,2376,953,2098,0.8828357307829559,2384.3062999999347,0.0,1470.7626953125,False,0.026249284760633224,0.11824723445387177,0.04296166227685104,0.02195238664912071,0.11202455839360076,0.06668959107776105,0.9510129500109864,0.16752553419794136,0.14285714285714285,9311,0.004656911044046346,0.004628850230702083,41944,0.020978356442001928,4.50477929330899,0.02052326460755657,0.02389448694884777,0.9990324378013611,
Insertion_4c512461a6e33a0b3a17f20b36e9f49e,STFD,CAFTB-Net,Light,Insertion,1080,2400,949,2108,0.8784104611578831,2283.280300000115,0.0,1470.7626953125,False,0.03755995042302096,0.987112307038663,0.07236633771303684,0.037541540765158005,0.30890448050838315,0.1352070763965858,0.9801694339537748,0.12231890900116954,0.9795918367346939,7061,0.0035296317105991924,0.00351195987654321,185570,0.09276218050359611,26.28098003115706,0.08959427238765726,0.08884572982788086,0.9999873042106628,
Removal_4923f85c8c858108c191ede620a5fdbd,STFD,CAFTB-Net,Light,Removal,1080,2340,961,2082,0.8896008544727063,2291.4943999999196,0.0,1470.7626953125,False,0.0,0.0,0.0,0.0,0.010942154774957661,0.02051146510847201,0.35616865373451634,0.040956002332286155,0.0,41829,0.020906116647224464,0.02086182336182336,207136,0.10352648587916245,4.951971120514475,0.10573703670239457,0.10190688818693161,0.9999921321868896,
Replacement_4e025cbb292adbd3278b1a29431a685b,STFD,CAFTB-Net,Light,Replacement,1080,2340,961,2082,0.8896008544727063,2298.7858999999844,0.0,1470.7626953125,False,0.016937049590312284,0.9828145885048692,0.03330022935557231,0.016932035002302784,0.05965520038810469,0.01441748528656598,0.9180894387074582,0.03849551159589984,0.9591836734693877,5237,0.0026174504023886423,0.0026230610952833176,303890,0.15188409447811427,58.02749665839221,0.14970346743904608,0.15378369390964508,0.9999997615814209,
Splicing_4cbf6ceef4d60514ebcbc277805a8256,STFD,CAFTB-Net,Light,Splicing,1080,2340,961,2082,0.8896008544727063,2302.884599999743,0.0,1470.7626953125,False,0.2358464157367127,0.24944187051395925,0.24245370334362581,0.1379501090838286,0.2861846046280984,0.2290477473968837,0.7826744183593047,0.2600270194695155,0.02040816326530612,124971,0.06246045335820336,0.06231718898385565,132175,0.0660610095351764,1.0576453737267046,0.053843869730268876,0.06448159366846085,0.9999938011169434,
Copy-move_44f21890a407323bc8aee0b0523552a3,STFD,CAFTB-Net,Light,Copy-move,1080,2340,961,2082,0.8896008544727063,2295.7369999999173,0.0,1470.7626953125,False,0.04516937152815598,0.3874252615844544,0.08090602259203622,0.04215844744680635,0.10898933649091776,0.05461575908922792,0.9491388221220408,0.08084805383497744,0.4897959183673469,10704,0.005349854708261987,0.0054051915163026275,91810,0.04588659947361108,8.577167414050821,0.044049589517702145,0.04718446359038353,0.999983549118042,
Insertion_5013885c6d44e791b00a07e44068cbc6,STFD,CAFTB-Net,Light,Insertion,1080,2340,961,2082,0.8896008544727063,2309.450300000208,0.0,1470.7626953125,False,0.018269185936484342,0.9697190275149221,0.03586272989619676,0.01825876960946901,0.12947963635806067,0.02377564390852452,0.9262883652201551,0.046825917493150154,0.9795918367346939,6869,0.0034331233175496625,0.003404954099398544,364603,0.1822284264010132,53.07948755277333,0.17951556045263306,0.17858585715293884,0.9999986886978149,
Removal_496e938dc7787a5150f7c6ed80b3342b,STFD,CAFTB-Net,Light,Removal,1080,2400,949,2108,0.8784104611578831,2318.8687000001664,0.0,1470.7626953125,False,5.375631188695406e-05,0.006237006237006237,0.00010659389856524612,5.32997899988274e-05,0.001200812886554086,0.0011497800992942607,0.5233791714290313,0.002401521396257521,0.0,2405,0.0012022042577525928,0.0012029320987654321,279037,0.13948418689002506,116.02370062370062,0.13964457003123487,0.13812528550624847,0.9999985694885254,
Replacement_4e544d2a00d29c00f1e5a000dbfaf3ce,STFD,CAFTB-Net,Light,Replacement,1080,2340,961,2082,0.8896008544727063,2320.267000000058,0.0,1470.7626953125,False,0.04390428613185236,0.5183529411764706,0.08095197266079543,0.042183401096551415,0.16030190032678251,0.04749065854954418,0.9362557340296026,0.10138455861512051,0.1020408163265306,12750,0.0063724446496954724,0.0063841405508072175,150532,0.07523583043199678,11.806431372549019,0.07239398164635533,0.07644286006689072,0.9999997019767761,
Splicing_4d142e5e0ab05eea9af9fcd51ecb235c,STFD,CAFTB-Net,Light,Splicing,1080,2340,961,2082,0.8896008544727063,2323.0192000000898,0.0,1470.7626953125,False,0.08027718367696124,0.6194776730307111,0.1421352705592952,0.0765046390659905,0.12103177458354471,0.06054394597355111,0.8080096895859551,0.14804892829554647,0.16326530612244897,37869,0.018926910308966104,0.018819642291864513,292225,0.14605393237311837,7.716734004066651,0.13692061827887148,0.14785924553871155,0.9999997615814209,
Copy-move_48d4415c8cc9514c6daed69230ea61af,STFD,CAFTB-Net,Light,Copy-move,1080,1920,1061,1886,0.9820927516479826,2783.209100000022,0.0,1470.7626953125,False,0.07974418630539569,0.9614790953627274,0.14727363373303248,0.07949022392862691,0.21285706621963907,0.10634110508866106,0.9627999849367201,0.18210439592773495,0.9795918367346939,14901,0.007446605425362535,0.007554494598765432,179662,0.08978404294553949,12.057043151466345,0.08324417401549232,0.0918632224202156,0.9999976754188538,
Insertion_5022394306e4c731eb5ff791cd442d3f,STFD,CAFTB-Net,Light,Insertion,1080,2340,961,2082,0.8896008544727063,2312.938900000063,0.0,1470.7626953125,False,0.035514468770213546,0.9962913907284768,0.06858414139894507,0.03550977439349664,0.25749664454542287,0.05564788506272734,0.9652927078612247,0.0834521421839886,0.9795918367346939,7550,0.003773486831780456,0.0038160810383032606,211801,0.10585805092158045,28.053112582781456,0.10248528535278029,0.10533780604600906,0.9999995231628418,
Removal_4afb05000af277dfb58dec5372f7e546,STFD,CAFTB-Net,Light,Removal,1080,2400,949,2108,0.8784104611578831,2332.4467000002187,0.0,1470.7626953125,False,0.002320774558508902,0.009054468285781655,0.0036945812807881776,0.001850709438618137,0.006838960919384797,0.009772194571081912,0.3935886092027243,0.020977426389810146,0.0,21205,0.01059989242646309,0.010582561728395062,82731,0.041355326589658944,3.901485498703136,0.041701380345548676,0.04396852105855942,0.9999923706054688,
Replacement_506ee37ba3f40529761565a3d348cc97,STFD,CAFTB-Net,Light,Replacement,1080,2340,961,2082,0.8896008544727063,2327.172299999802,0.0,1470.7626953125,False,0.025322770301569014,0.9513609995537706,0.04933243862368975,0.025290028706317764,0.21668025281598027,0.039534904864090344,0.9450193419513457,0.11346454233052171,1.0,6723,0.003360152578815895,0.003364988920544476,252579,0.12623887820983787,37.569388665774206,0.12345699443201598,0.13079597055912018,0.9999996423721313,
Splicing_4ebc8faf0a26650c099ef8d0cb5365be,STFD,CAFTB-Net,Light,Splicing,1080,2340,961,2082,0.8896008544727063,2349.4221999999354,0.0,1470.7626953125,False,0.1256987105818928,0.4066374695863747,0.1920358131026685,0.10621660234997432,0.17316934420048652,0.0976289973934146,0.7783271874722457,0.22267700152635303,0.2857142857142857,51375,0.02567720344141999,0.025612139917695474,166199,0.08306619045762649,3.2350170316301705,0.07453882602426251,0.08568239212036133,0.9999993443489075,
Copy-move_4ff08203b1daeb2eb4cb803ac18fa5e4,STFD,CAFTB-Net,Light,Copy-move,1080,2340,961,2082,0.8896008544727063,2326.171499999873,0.0,1470.7626953125,False,0.04038328095926314,0.8803352924173813,0.07722409100897581,0.040162813902478695,0.056707156069990626,0.036293708975695727,0.8647982796279032,0.07722302621000161,0.6938775510204082,20758,0.010374839689284597,0.01062005381449826,452514,0.2261663073107684,21.799498988341846,0.2193082577962914,0.22216598689556122,0.9999971985816956,
Insertion_511abe199fc43baaa2a92c2c50672593,STFD,CAFTB-Net,Light,Insertion,1080,2376,953,2098,0.8828357307829559,2328.0202999999347,0.0,1470.7626953125,False,0.012113636572520979,1.0,0.023937305327775812,0.012113636572520979,0.5247988564443327,0.19427555848325742,0.9980589268834128,0.3572052401746725,1.0,1318,0.0006591997375204687,0.0006714521760818057,108803,0.05441798865056112,82.55159332321699,0.05379425006856596,0.05198783800005913,0.9997549057006836,
Removal_4e73770b258cb1f4b64bd6b19329978c,STFD,CAFTB-Net,Light,Removal,1080,2400,949,2108,0.8784104611578831,2326.2202999999317,0.0,1470.7626953125,False,5.7978216755704646e-05,0.006309148264984227,0.00011490054947084193,5.745357545911563e-05,0.0010902816834218395,0.0010506580263054744,0.5184610137532445,0.0022159962171276835,0.0,2219,0.001109227130125989,0.001091435185185185,241470,0.12070530649460233,108.81928796755295,0.12083233872448859,0.11517738550901413,0.9999982118606567,
Replacement_51da752871aa14f7ff2fcf840411b52b,STFD,CAFTB-Net,Light,Replacement,1080,2340,961,2082,0.8896008544727063,2333.046899999772,0.0,1470.7626953125,False,0.01079136690647482,0.8268945022288261,0.02130469736993224,0.010767042981106888,0.1422136625500624,0.015504914544296347,0.9180049704150886,0.0235729074238391,0.7346938775510203,4038,0.002018190705527084,0.002034267173156062,309414,0.15464498736006863,76.62555720653789,0.1532855159648311,0.15708290040493011,0.9999989867210388,
Splicing_4f652945819c05f7ba18b41d28b292da,STFD,CAFTB-Net,Light,Splicing,1080,2340,961,2082,0.8896008544727063,2324.9495000000024,0.0,1470.7626953125,False,0.04872500128528096,0.9926032598023172,0.09289019978988829,0.04870731605472025,0.3825391439195109,0.10397598240468375,0.9614247416752252,0.19757393165781337,1.0,15277,0.007635438189286096,0.007587052864830642,311216,0.15554562620389223,20.371538914708385,0.1491051485123582,0.15381409227848053,0.9999998211860657,
Copy-move_544ed96963da389b64307d99ba85fa8d,STFD,CAFTB-Net,Light,Copy-move,1080,2340,961,2082,0.8896008544727063,2409.719199999927,0.0,1470.7626953125,False,0.025593306211719145,0.6946221919673247,0.04936766427666018,0.02530854398984087,0.2737867604579616,0.03180604688376758,0.9370371850542406,0.11497741145635755,1.0,7345,0.0036710279178049604,0.00375,199349,0.09963454654683472,27.14077603812117,0.0974422824269598,0.10191428661346436,0.9999999403953552,
Insertion_609c806fac312ca3e59a7deaff5e2ba8,STFD,CAFTB-Net,Light,Insertion,1080,2340,961,2082,0.8896008544727063,2424.511100000018,0.0,1470.7626953125,False,0.018610841415122127,0.9990240093695101,0.03654096043180877,0.018610503043569957,0.22475845692429527,0.026827693675622013,0.9519671905651477,0.04576216864000149,0.9795918367346939,5123,0.002560473250226659,0.0025838873061095283,275001,0.13744538440085527,53.6796798750732,0.13523367234911024,0.1358841359615326,0.9999998211860657,
Removal_4ffe6af3b3562988063d2d30ed86750d,STFD,CAFTB-Net,Light,Removal,1080,2340,961,2082,0.8896008544727063,2359.6505000000434,0.0,1470.7626953125,False,0.00044997750112494374,0.005208333333333333,0.0008283860278889963,0.0004143646408839779,0.006836308547328622,0.0043680346803577005,0.5670140440416459,0.010116485077756572,0.02040816326530612,7488,0.0037424992577976234,0.003795900601456157,86671,0.04331812943009853,11.574652777777779,0.04346129109613438,0.040098581463098526,0.999987781047821,
Replacement_54c3068c1efc454c31927d43f799c788,STFD,CAFTB-Net,Light,Replacement,1080,2340,961,2082,0.8896008544727063,2330.9721999999056,0.0,1470.7626953125,False,0.013193156050298907,0.9691906005221932,0.026031950853472097,0.0131876252327019,0.15919226553682084,0.018046034070263058,0.931583110563074,0.026893635372617606,0.9795918367346939,3830,0.001914232392810483,0.0019305951250395694,281358,0.14062261033325638,73.46161879895561,0.13903349671402504,0.13633373379707336,0.9999987483024597,
Splicing_4fd11085cecfd7a9a1578e245da8f776,STFD,CAFTB-Net,Light,Splicing,1080,2340,961,2082,0.8896008544727063,2358.9687999997295,0.0,1470.7626953125,False,0.009570041026459336,0.021018556092522227,0.013151858082275576,0.0066194581280788175,0.04081679432135983,0.04981178100302275,0.4479284270867655,0.10281287484058163,0.0,108428,0.05419226890017103,0.054041231402342516,238139,0.11902177226932001,2.1962869369535545,0.12463709604972378,0.12030454725027084,0.9999998807907104,
Copy-move_545bdd84b792924e7c584b37c1ffcf23,STFD,CAFTB-Net,Dark,Copy-move,1080,2340,961,2082,0.8896008544727063,2327.512000000297,0.0,1470.7626953125,False,0.1432658594126771,0.3451670644391408,0.20248698936121218,0.11264841375988358,0.10893257659853728,0.10006590802638564,0.7823509918133736,0.24374721930558274,0.22448979591836732,63688,0.03183123567449453,0.03217276036720481,153442,0.07669024721086844,2.409276472804924,0.0678633265775788,0.07548244297504425,0.999415397644043,
Insertion_6c6e79521e1517d824ee67fcd4d048f8,STFD,CAFTB-Net,Light,Insertion,750,1334,750,1334,1.0,1026.0074000002533,0.0,1470.7626953125,False,0.01796087488901398,1.0,0.035287947370221305,0.01796087488901398,0.2930253002759244,0.022526430983190467,0.9325951689545516,0.04247494201313672,0.9795918367346939,3095,0.0030934532733633184,0.0030934532733633184,172319,0.1722328835582209,55.67657512116317,0.16966427880349508,0.17246796190738678,1.0,
Removal_510cf356b6ffb4d686cc6d4ff90d3bd6,STFD,CAFTB-Net,Dark,Removal,1080,2340,961,2082,0.8896008544727063,2335.7544999998936,0.0,1470.7626953125,False,0.00032161861879422254,0.0032203761984922782,0.0005848302995261545,0.00029250068139363277,0.009991320437248069,0.008220298974227897,0.6034921279541772,0.013564891919194426,0.0,13663,0.006828761666571705,0.006862931307375752,136808,0.0683765809910226,10.013027885530263,0.06882457643878964,0.06872564554214478,0.9999963641166687,
Replacement_54d7e9659cd4fd6ca4fa3101fd247c9e,STFD,CAFTB-Net,Light,Replacement,1080,2400,949,2108,0.8784104611578831,2309.3309000000772,0.0,1470.7626953125,False,0.006751787237798241,1.0,0.013413012667845298,0.006751787237798241,0.009739662649938622,0.009768629426639659,0.9893544763047355,0.026283332624505593,0.673469387755102,459,0.00022944355688500628,0.00022569444444444443,67982,0.033982640270493455,148.10893246187365,0.033760942944441416,0.04017055407166481,0.7042418718338013,
Splicing_525370d505ca8add6239c9e115f8b768,STFD,CAFTB-Net,Light,Splicing,1080,2340,961,2082,0.8896008544727063,2317.7754000003006,0.0,1470.7626953125,False,0.016613073957938044,0.2585638793907367,0.031220207934541902,0.015857643429887408,0.037284409960782444,0.022863532457596914,0.8403224722287321,0.04386900309295305,0.02040816326530612,16085,0.008039276250223661,0.00806386514719848,250345,0.12512232594729514,15.56387939073671,0.12404085821807341,0.1262536197900772,0.9999984502792358,
Copy-move_549b1c0417cda57ceb4571b66f7a5a79,STFD,CAFTB-Net,Light,Copy-move,1080,2340,961,2082,0.8896008544727063,2614.1482000002725,0.0,1470.7626953125,False,0.024042605148241785,0.599158761410417,0.04623012173816972,0.02366200966272359,0.11454981121977552,0.027444516717826495,0.8573360912057928,0.048548782824776406,0.3877551020408163,11174,0.005584760511035075,0.005664371636593859,278464,0.1391761903476706,24.92070878825846,0.13659287062707198,0.14247319102287292,0.9999988079071045,
Insertion_6d02e36bcb8183bbb30f2aff78a80e09,STFD,CAFTB-Net,Light,Insertion,1080,2340,961,2082,0.8896008544727063,2335.833200000252,0.0,1470.7626953125,False,0.10442435775451951,0.7356172035002793,0.1828870321938575,0.10064703484817608,0.2727342600171087,0.11533529497613837,0.9799903932479382,0.18080357142857142,0.4897959183673469,5371,0.002684423546157991,0.0027081354859132636,37836,0.018910416922813953,7.044498231241854,0.01698129376560753,0.01910773292183876,0.9998774528503418,
Removal_57bc1ac08e52d3c719ee8badf5fce8de,STFD,CAFTB-Net,Light,Removal,1080,2340,961,2082,0.8896008544727063,2330.8664000001045,0.0,1470.7626953125,False,0.0,0.0,0.0,0.0,0.009654496044140861,0.008728481596297676,0.6124877033875399,0.014456898733235088,0.0,14568,0.007281080286804991,0.007196502057613169,145990,0.07296574073796408,10.02127951674904,0.07350090674109898,0.07295668125152588,0.9990666508674622,
Replacement_55efc3ad133fa223cfe331906c00286e,STFD,CAFTB-Net,Light,Replacement,1080,2340,961,2082,0.8896008544727063,2342.928999999913,0.0,1470.7626953125,False,0.017894099879485603,0.7127810411180879,0.03491175332599185,0.01776599772813328,0.11861575041021435,0.02434602367956929,0.9328332242447008,0.04790795277726228,0.9795918367346939,4937,0.0024675105282781604,0.0024683444127888573,196657,0.09828908607648333,39.83329957464047,0.09676907005233319,0.10123227536678314,0.9999989867210388,
Splicing_53fe41bdb1c86d71da19dd7ff245f960,STFD,CAFTB-Net,Light,Splicing,1080,2340,961,2082,0.8896008544727063,2336.0616999998456,0.0,1470.7626953125,False,0.4980611993765211,0.25120959510976004,0.33397205164266736,0.2004600534894727,0.37806177998220375,0.29199427340751083,0.6357285999566313,0.3447954158555079,0.02040816326530612,362518,0.18118634427594535,0.18064616967394745,182845,0.09138585427243676,0.5043749551746396,0.05602020162560337,0.09139882028102875,0.9999995827674866,
Copy-move_54bb4fc640283ebae5f5ff63bfb315d4,STFD,CAFTB-Net,Light,Copy-move,1080,2340,961,2082,0.8896008544727063,2344.752299999982,0.0,1470.7626953125,False,0.23810333684819213,0.18735613725175312,0.20970326987312954,0.11713324743561855,0.12865345588613342,0.12665974522865392,0.862083574236699,0.2666411336652624,0.22448979591836732,37362,0.018673511921719392,0.01854661285216841,29399,0.014693607863246838,0.7868690112948986,0.011408038952043353,0.019316421821713448,0.536954939365387,
Insertion_6eab1d7b96a18c0a27239c7d888c4a96,STFD,CAFTB-Net,Light,Insertion,1080,2340,961,2082,0.8896008544727063,2331.627700000354,0.0,1470.7626953125,False,0.018889158007289828,0.9990626464614903,0.03707729993767303,0.01888882325141777,0.23087467742407763,0.026913611443305525,0.9350937568532667,0.04059624074576406,0.8571428571428571,6401,0.0031992171139373113,0.00324667616334283,338554,0.16920914713200008,52.89079831276363,0.16654574481260287,0.168036550283432,0.9999997615814209,
Removal_5f17d9cf9862d9918f01279cb4b6739d,STFD,CAFTB-Net,Light,Removal,1080,2400,949,2108,0.8784104611578831,2337.264299999788,0.0,1470.7626953125,False,0.0027532730235432937,0.2384428223844282,0.005443688376614359,0.002729272843735205,0.016956462504168424,0.002709334818360298,0.8177337600283526,0.006843983461215742,0.3469387755102041,2055,0.0010272472971648975,0.0010401234567901235,177970,0.08896311507369187,86.60340632603406,0.08880940454965555,0.08983583748340607,0.9999955892562866,
Replacement_571b35555326852dacdce150bea2c734,STFD,CAFTB-Net,Light,Replacement,1080,2340,961,2082,0.8896008544727063,2341.8178000001717,0.0,1470.7626953125,False,0.008921288083800546,0.7883295194508009,0.01764291658664618,0.008899968998656608,0.20837529925018913,0.02292908910160746,0.9582637477809612,0.08938869665513265,1.0,874,0.00043682483324187,0.00044317822095599874,77231,0.03860002139142204,88.36498855835241,0.038272377805601,0.04148233309388161,0.9997356534004211,
Splicing_5a810153725d5405657002ac0f3ee2ee,STFD,CAFTB-Net,Light,Splicing,1080,2340,961,2082,0.8896008544727063,2333.8857999997344,0.0,1470.7626953125,False,0.1449493052947803,0.7144022766622221,0.24100057735945324,0.13701003778481738,0.2138140849990597,0.13965122527615326,0.9084222526555717,0.24384086108101716,0.3469387755102041,50249,0.025114429113925314,0.025225546058879392,247659,0.12377986427442596,4.928635395729268,0.10856459680921257,0.12452621757984161,0.9999989867210388,
Copy-move_5c5b4b735e963d93fc9d3246db41ace8,STFD,CAFTB-Net,Dark,Copy-move,2340,1080,2082,961,0.8896008544727063,2415.8127999999124,0.0,1470.7626953125,False,0.1248323754789272,0.09032470457774544,0.10481130747733076,0.055303890262144474,0.21808422207291658,0.21500895121964222,0.9198278673801631,0.3630612954663272,0.02040816326530612,57714,0.02884543298137447,0.028860794555239,41760,0.020871630476179053,0.7235679384551409,0.018808720963744308,0.022791020572185516,0.7224700450897217,
Insertion_710fdd88645c290ac9a9a00c66e1cc7a,STFD,CAFTB-Net,Light,Insertion,1080,2400,949,2108,0.8784104611578831,2332.7464999997574,0.0,1470.7626953125,False,0.03851833781305407,1.0,0.07417940812517042,0.03851833781305407,0.37627390984190234,0.14372647188076515,0.9831026223297012,0.12129497900690517,0.9795918367346939,8842,0.004419912701475437,0.004449074074074074,229553,0.11474827192510642,25.961660257860213,0.11081816584239199,0.11171077936887741,0.9999968409538269,
Removal_60031ea926e9cb6d8f2cd0cbfa2dda63,STFD,CAFTB-Net,Light,Removal,1080,2340,961,2082,0.8896008544727063,2335.1557999999386,0.0,1470.7626953125,False,0.00040197492026040985,0.005856142584341184,0.0007523100825905634,0.00037629658715356175,0.00293160328263004,0.0036220057815704405,0.44736331568885573,0.007821146168808314,0.0,7855,0.0039259257037927795,0.003947847420069642,114435,0.057194564979443245,14.568427753023553,0.05739691020383382,0.06320174038410187,0.9999420046806335,
Replacement_5b2cf75fbbe22503877b57823b6fdcf8,STFD,CAFTB-Net,Light,Replacement,1080,2340,961,2082,0.8896008544727063,2346.12960000004,0.0,1470.7626953125,False,0.05244927563184616,1.0,0.0996708855167539,0.05244927563184616,0.5255042324544119,0.20070834908311105,0.9880684429661089,0.2071963028169014,1.0,11281,0.0056382390661344805,0.005643399810066477,215084,0.10749889294392949,19.06604024465916,0.10243822508030828,0.10468602180480957,0.999999463558197,
Splicing_5cb37a62e77012cb57d6e59b8b043ecb,STFD,CAFTB-Net,Dark,Splicing,1080,2340,961,2082,0.8896008544727063,2338.237500000105,0.0,1470.7626953125,False,0.08812037620232084,0.11190949085214986,0.09860033983641266,0.05185671476765151,0.13264227569069348,0.11977623695884132,0.6854001170519542,0.21136378670764658,0.02040816326530612,147521,0.0737309338955079,0.07332621082621082,187346,0.09363545218367435,1.2699615647941649,0.09218084035826192,0.09348718076944351,0.9999980926513672,
Copy-move_5d74e099a7d99e576d77c57e37700c43,STFD,CAFTB-Net,Light,Copy-move,1080,1920,1061,1886,0.9820927516479826,2730.0445000000764,0.0,1470.7626953125,False,0.025174596936685507,0.5354537082949635,0.04808830078249253,0.0246365144497932,0.050013315789936535,0.029497709563911657,0.8416404819912908,0.0639055046566215,0.9795918367346939,14117,0.007054810334195216,0.007145543981481482,300263,0.15005302226935313,21.269604023517743,0.14731477571669646,0.1534883826971054,0.9999892711639404,
Insertion_74ea626da18896f7800d4b36b265c06a,STFD,CAFTB-Net,Light,Insertion,1080,2340,961,2082,0.8896008544727063,2338.909600000079,0.0,1470.7626953125,False,0.009894398830424624,0.9844155844155844,0.019591878933560784,0.009892849218882551,0.14354753340143275,0.011712593861834479,0.9517389965930417,0.02539324011223789,0.9795918367346939,2310,0.0011545370306507092,0.0011301044634377969,229827,0.11486743815729893,99.4922077922078,0.11386235221356904,0.11700031906366348,0.9999994039535522,
Removal_62f16bd2cb2c4ec72d9760277e326aa9,STFD,CAFTB-Net,Light,Removal,750,1334,750,1334,1.0,991.1514999998872,0.0,1470.7626953125,False,0.13988353363895428,0.164745366992558,0.15129991959260253,0.08184124682856107,0.12641261598544337,0.10947977259432753,0.62284086535141,0.1725896258669532,0.6122448979591836,27412,0.027398300849575213,0.027398300849575213,32284,0.032267866066966515,1.177732379979571,0.02853595974875859,0.04212623089551926,0.9988958835601807,
Replacement_5e22cb87cff4a53db58c0e2ce138799d,STFD,CAFTB-Net,Light,Replacement,1080,2340,961,2082,0.8896008544727063,2339.484900000116,0.0,1470.7626953125,False,0.02879436340874021,0.9931934835974113,0.05596617256393731,0.028788682467398054,0.1949806745143918,0.03343650390775495,0.9346252489223205,0.06198230169717087,0.9795918367346939,8962,0.0044792038392604564,0.004472934472934473,309123,0.15449954568218144,34.49263557241687,0.1507259619246526,0.15466201305389404,0.9999997615814209,
Splicing_5d4b88a39d95e548f24502de826809a4,STFD,CAFTB-Net,Light,Splicing,1170,2532,961,2080,0.8216563506305302,2335.380299999997,0.0,1470.7626953125,False,0.01100892327805056,0.5687136799120465,0.02159972799016947,0.01091777447453876,0.02677464976661375,0.0114512403399126,0.8707994816084196,0.02760312322191037,0.3469387755102041,6367,0.0031852837589049867,0.0031551693873968756,328915,0.16454964780276954,51.65933720747605,0.16325815691039405,0.16313554346561432,0.9999977350234985,
Copy-move_5da962250f823c968d0e263955d6ab1c,STFD,CAFTB-Net,Light,Copy-move,1080,2340,961,2082,0.8896008544727063,2423.0170999999245,0.0,1470.7626953125,False,0.08692490099251944,0.5518351827422985,0.15019165989081196,0.08119309262166405,0.18799986331428536,0.10448259082311846,0.9099915609896381,0.1790324330187656,0.9795918367346939,25774,0.012881834384411851,0.013032605254827478,163624,0.08177920653817819,6.34841312951036,0.07564500351387424,0.08446159958839417,0.9999974966049194,
Insertion_76ce3144f7e75e89d0e9e20ddf63541c,STFD,CAFTB-Net,Dark,Insertion,1080,2340,961,2082,0.8896008544727063,2337.095099999715,0.0,1470.7626953125,False,0.17328696076636768,0.956765861875351,0.29342884694861554,0.17194058766548273,0.5572760786204274,0.3324017703029688,0.9940218489201138,0.40348543301849144,1.0,8905,0.004450715263179465,0.00444681861348528,49167,0.024573645967966844,5.52128017967434,0.020406175620526563,0.025978997349739075,0.9999814033508301,
Removal_63764f7f68707338d48d5a04f52d8e22,STFD,CAFTB-Net,Light,Removal,1080,2340,961,2082,0.8896008544727063,2326.7947999997887,0.0,1470.7626953125,False,0.0018968216009391712,0.05338840446688083,0.003663484298978108,0.0018351035860763487,0.0031913203919303797,0.0030744285060545443,0.49850518386101167,0.00651310017889355,0.0,6537,0.0032671898568673963,0.0032763532763532763,183992,0.09195912439111917,28.1462444546428,0.09208555532990852,0.09125972539186478,0.999999463558197,
Replacement_5e65399c55884886e1c7fbe2c3d3afa2,STFD,CAFTB-Net,Light,Replacement,1080,2400,949,2108,0.8784104611578831,2332.589800000278,0.0,1470.7626953125,False,0.05594296216159852,1.0,0.10595830298840926,0.05594296216159852,0.4762064584295506,0.11396417949585623,0.9829828159067561,0.2385515481292435,1.0,8584,0.004290944427670793,0.004235725308641975,153442,0.07670213127570617,17.875349487418454,0.07272323822184559,0.08164708316326141,0.9999998807907104,
Splicing_5e6318dccb7d3319c33164bbbbede6df,STFD,CAFTB-Net,Dark,Splicing,1080,2340,961,2082,0.8896008544727063,2332.838200000424,0.0,1470.7626953125,False,0.3035196955938946,0.6801511554672739,0.41973241647357795,0.2656084455880127,0.27566655208693763,0.24191719490816926,0.9623759748021826,0.4465489788854275,0.4897959183673469,41282,0.02063272627676302,0.020781497309275088,92508,0.046235459580708134,2.2408798023351584,0.03288050134726872,0.04575473815202713,0.9999529123306274,
Copy-move_5e161d67746f4e744e1ed55a0a5f04af,STFD,CAFTB-Net,Light,Copy-move,1080,2340,961,2082,0.8896008544727063,2303.7804999999025,0.0,1470.7626953125,False,0.09990270533228832,0.15916381407565286,0.12275531128840775,0.0653912151285181,0.09368151626093243,0.06251205002634885,0.739763664377524,0.14404529425813795,0.061224489795918366,46449,0.02321519070852588,0.023280310224754668,74002,0.03698616854641289,1.5931882279489333,0.0340823791812431,0.03884885460138321,0.9999992847442627,
Insertion_76ea8baa213f12d1701f7b5d726953b0,STFD,CAFTB-Net,Dark,Insertion,1080,2340,961,2082,0.8896008544727063,2298.612999999932,0.0,1470.7626953125,False,0.020903200599094847,0.994577846630519,0.04094583605720937,0.020900818778181108,0.08742573311733878,0.057001491503925625,0.9940230155831582,0.10177549238381682,0.9795918367346939,1291,0.0006452412582554396,0.0006390471668249446,61426,0.030700689023701495,47.58017041053447,0.03007835415759153,0.03409011289477348,0.9768756031990051,
Removal_63b8cf8fd2871945f18d2ec40f8ff780,STFD,CAFTB-Net,Light,Removal,1080,2340,961,2082,0.8896008544727063,2304.8373000001448,0.0,1470.7626953125,False,7.606370335155694e-05,0.0021627466882941336,0.0001469588698862906,7.348483456726618e-05,0.0015228096626694685,0.0017702550357108868,0.4813051040062781,0.0036906940929438297,0.0,3699,0.0018487586477822393,0.001910414688192466,105175,0.05256642086523304,28.433360367666936,0.05265977768798104,0.05256520211696625,0.9999984502792358,
Replacement_5e8216d206d3222e2953d887b057b628,STFD,CAFTB-Net,Light,Replacement,750,1334,750,1334,1.0,978.550400000131,0.0,1470.7626953125,False,0.054000535188654,1.0,0.10246775667716054,0.054000535188654,0.5098338734913856,0.10368197913486883,0.973086162601931,0.25080496780128797,1.0,6054,0.006050974512743629,0.006050974512743629,112110,0.11205397301349325,18.518334985133794,0.10664832479591652,0.11243724822998047,1.0,
Splicing_5f0dc12158329d43d3009f7f4200709c,STFD,CAFTB-Net,Light,Splicing,1080,2340,961,2082,0.8896008544727063,2308.3676000001105,0.0,1470.7626953125,False,0.05251132500024781,0.56636553161918,0.09611154200287564,0.050481708421082724,0.22058889374936838,0.06853204759696557,0.8978468114072087,0.1084875764053755,0.9795918367346939,18707,0.00934975074994927,0.009375593542260209,201766,0.10084256213258483,10.785588282461111,0.09644895930820672,0.10151367634534836,0.9999995231628418,
Copy-move_5f431c56fbf2b133a1712fb8d268e13a,STFD,CAFTB-Net,Light,Copy-move,1080,1920,1061,1886,0.9820927516479826,2787.0849999999336,0.0,1470.7626953125,False,0.08815544650337856,0.6850215608353767,0.15620842572062082,0.08472130358968193,0.09299850992295983,0.07529498622606727,0.8647171616705761,0.17184817852374595,0.7755102040816326,47308,0.023641635424672895,0.02382667824074074,367612,0.18370991971199063,7.770609622051238,0.17157111137726758,0.17811159789562225,0.9999994039535522,
Insertion_782208fa47aeabe182edc75b77d57d65,STFD,CAFTB-Net,Light,Insertion,1080,2340,961,2082,0.8896008544727063,2317.9275000002235,0.0,1470.7626953125,False,0.05115093728201946,0.9884313309276163,0.09726827892694698,0.051120332861267555,0.11845601239551548,0.05324269463400161,0.9598811698309333,0.11781531882354607,0.836734693877551,9422,0.0047091116462298615,0.004649018676796454,182069,0.09099800979807098,19.3238165994481,0.08675190069198245,0.08553105592727661,0.9999985694885254,
Removal_6490baa1e967bd958a51e958477de28d,STFD,CAFTB-Net,Light,Removal,1080,2400,949,2108,0.8784104611578831,2319.638699999814,0.0,1470.7626953125,False,0.000699515002931301,0.005985634477254589,0.0012526394903546758,0.0006267122674449837,0.00836289488626068,0.008152379654365452,0.4965331040726111,0.017385237315129476,0.0,17542,0.008768842864655294,0.00874537037037037,150104,0.07503354174872981,8.556835024512598,0.07564436823923952,0.07502782344818115,0.9999415874481201,
Replacement_6037ab4d1d9f7cc109573b87627df9f0,STFD,CAFTB-Net,Light,Replacement,1080,2340,961,2082,0.8896008544727063,2328.822500000115,0.0,1470.7626953125,False,0.010734390843716126,0.8412879652888787,0.021198302524634973,0.010712696755658042,0.07666318204156139,0.010456714929024264,0.8988270154649552,0.026258028699267997,0.9795918367346939,4379,0.0021886223624326645,0.0021640550807217472,343196,0.1715292167840696,78.37314455355104,0.1700601525828945,0.16907420754432678,0.9999997615814209,
Splicing_6a26e079180fab0152ae5bd7f179e86e,STFD,CAFTB-Net,Light,Splicing,1080,2340,961,2082,0.8896008544727063,2328.040200000032,0.0,1470.7626953125,False,0.0520476326626094,0.8620541205412054,0.09816823136803107,0.05161772612445407,0.25216674061706246,0.0789387160190101,0.918272290075504,0.2687252080578673,1.0,16260,0.008126741176788108,0.008131528964862298,269311,0.1346015247885598,16.56279212792128,0.12864126836317902,0.13280434906482697,0.9999995231628418,
Copy-move_6252c691fb2e531488a4f2e48afd5d3e,STFD,CAFTB-Net,Light,Copy-move,1080,2340,961,2082,0.8896008544727063,2342.5766000000294,0.0,1470.7626953125,False,0.04590181570020944,0.9917919662962156,0.08774274808179212,0.04588438506052276,0.11535810677841561,0.04494157282377615,0.9292289586376394,0.0899096870261865,0.9795918367346939,13767,0.006880740822930005,0.006993906299461855,297461,0.14867088297592665,21.606813394348805,0.1428293915305971,0.14730802178382874,0.9999993443489075,
Insertion_7b5922fcde67dcc050daff3bcdb380ac,STFD,CAFTB-Net,Light,Insertion,1080,2340,961,2082,0.8896008544727063,2328.116399999999,0.0,1470.7626953125,False,0.019576137278892326,0.9411764705882353,0.03835451424441367,0.0195522149761124,0.17468822619515254,0.04760202364111261,0.9558046084704519,0.06499086718274333,0.9795918367346939,6766,0.0033816439607717306,0.0033752769863880975,325294,0.16258180469631678,48.07774164942359,0.15993994090377506,0.15067897737026215,0.9999978542327881,
Removal_64cf6f426dace19aa6e0ad289c902d6a,STFD,CAFTB-Net,Light,Removal,1080,2400,949,2108,0.8784104611578831,2331.5355999998246,0.0,1470.7626953125,False,0.018509724350810542,0.06636740064239,0.028946369045107386,0.014685733858537421,0.022924484679483173,0.017492742259911383,0.5465971718873609,0.04726692764970277,0.9795918367346939,25841,0.012917322338704679,0.012771219135802469,92654,0.04631560636083523,3.5855423551720134,0.04605320129987527,0.04638342559337616,0.9997745752334595,
Replacement_6236d5a8dff3c940fb257d87f596cbf2,STFD,CAFTB-Net,Light,Replacement,1080,2340,961,2082,0.8896008544727063,2329.9534999996467,0.0,1470.7626953125,False,0.13230544163454505,0.9964716805942433,0.23359549583538905,0.1322434896902982,0.44737853137376515,0.236161420905839,0.9844118999431042,0.29823642395669636,0.9795918367346939,16155,0.00807426222084944,0.008024691358024692,121673,0.060812114342148796,7.531600123800681,0.05319585800396746,0.06556776911020279,0.999999463558197,
Splicing_6b6f96b30904e126431d1f2a41393950,STFD,CAFTB-Net,Light,Splicing,1080,2316,966,2071,0.8941983055272923,2330.1704000000427,0.0,1470.7626953125,False,0.07809133747973111,0.343801320508094,0.12727362961860095,0.06796167963004678,0.07682538515275084,0.07298097505533585,0.875846688554392,0.152392552636158,0.5918367346938775,29837,0.01491413015986316,0.014894773875775603,131359,0.06566026154336779,4.402553876059925,0.06144922564974028,0.0651504173874855,0.9998894333839417,
Copy-move_68a8e77b6b3ac237fcbb275f6af39f3c,STFD,CAFTB-Net,Light,Copy-move,1080,2376,953,2098,0.8828357307829559,2416.37639999999,0.0,1470.7626953125,False,0.18077323974639725,0.10434456225954772,0.1323151654289534,0.07084448242004512,0.1468715718274707,0.12466520043942088,0.6052040608530189,0.21365931315763517,0.02040816326530612,181169,0.09061195542249302,0.09058174335952114,104573,0.05230234761132623,0.5772124370063311,0.04711683097526434,0.061381746083498,0.9993383288383484,
Insertion_7d62428163b0a458f0c574a33fda0898,STFD,CAFTB-Net,Light,Insertion,1080,2340,961,2082,0.8896008544727063,2325.532899999871,0.0,1470.7626953125,False,0.013931614295607919,0.990080122090805,0.027476599889881836,0.013929669928553408,0.12844792615434583,0.013991028414921128,0.9510386767539593,0.027721678677589297,0.5102040816326531,2621,0.0013099747001452417,0.0013481323203545425,186267,0.09309616843645697,71.06714994276993,0.09191960087699763,0.09879138320684433,0.9999979138374329,
Removal_68cd0b9e9d5803cc60b7d82ed0b5ca9f,STFD,CAFTB-Net,Light,Removal,1080,2400,949,2108,0.8784104611578831,2327.351500000077,0.0,1470.7626953125,False,7.679249858540134e-05,0.016695957820738138,0.00015288182235132243,7.644675483525724e-05,0.0008894308558846358,0.0008324742637283626,0.6648085108291385,0.0011370732852725028,0.0,1138,0.0005688600604251354,0.0005752314814814815,247420,0.12367957482459314,217.41652021089632,0.12374046817121931,0.12134630233049393,0.9999979734420776,
Replacement_63f80179ef664e15746e3b55c9d1280e,STFD,CAFTB-Net,Light,Replacement,1080,2340,961,2082,0.8896008544727063,2349.8435999999856,0.0,1470.7626953125,False,0.028603221083455345,0.4073394495412844,0.05345299332384809,0.027460417416336813,0.098246861362027,0.02629613005724438,0.9301721648366741,0.0694359422824661,0.9795918367346939,5995,0.0029962984843077928,0.00298116492560937,85375,0.042670389173941246,14.241034195162635,0.04157444805437318,0.04653136432170868,0.9999983310699463,
Splicing_70cc38bf94d4ca82c15e3cb3deb84e9d,STFD,CAFTB-Net,Light,Splicing,1080,2340,961,2082,0.8896008544727063,2330.4166000002624,0.0,1470.7626953125,False,0.05354630367344171,0.6673180521812613,0.09913769429340363,0.052154063971799246,0.19998407599449383,0.0650620357429444,0.8801085503059403,0.11017030081171415,0.9795918367346939,18934,0.009463205254692868,0.009445631528964863,235964,0.11793470818201901,12.462448505334319,0.11268611229405794,0.11938229948282242,0.9999992251396179,
Copy-move_6bce2a7948ceeb634630d384b494f6e0,STFD,CAFTB-Net,Light,Copy-move,1080,2340,961,2082,0.8896008544727063,2351.8105999996806,0.0,1470.7626953125,False,0.013070359782972853,0.5107974834211869,0.025488515743655446,0.012908770572815951,0.09536250845765405,0.01358494702325303,0.8192538241546264,0.026493874575122457,0.5510204081632653,5881,0.0029393213321458095,0.0029562361506805953,229833,0.11487043695478114,39.08059853766366,0.11370324940185601,0.11354236304759979,0.9999982714653015,
Insertion_7ede3fca301dace2ff35dfb4e367efb8,STFD,CAFTB-Net,Dark,Insertion,2340,1080,2082,961,0.8896008544727063,2341.0327999999936,0.0,1470.7626953125,False,0.11247393364928909,0.8761075014766686,0.19935486038775577,0.11071301946294948,0.6040014541560594,0.4453911377413976,0.9806433733785721,0.5968698253298435,0.9795918367346939,6772,0.0033846427582539403,0.0033792339347894903,52750,0.026364427864426367,7.789427052569404,0.023478583571962308,0.03390512615442276,0.7547951340675354,
Removal_6c538efb92dac4d302dd11ba3ec851c8,STFD,CAFTB-Net,Light,Removal,1080,2400,949,2108,0.8784104611578831,2349.856699999691,0.0,1470.7626953125,False,0.00036399901749858694,0.04763749031758327,0.00072247756942099,0.0003613693253264076,0.0016863482444077532,0.0016134177015487878,0.6296283141250538,0.003809601279809113,0.08163265306122448,2582,0.0012906824921069416,0.0012893518518518519,337913,0.16891494692305692,130.87257939581718,0.16907167990550126,0.17086853086948395,0.9999988079071045,
Replacement_6b3e9b75651da17af47fdac507dc1dd9,STFD,CAFTB-Net,Dark,Replacement,1080,2340,961,2082,0.8896008544727063,2332.8115999997863,0.0,1470.7626953125,False,0.1083812472357364,0.9394287904926203,0.19434145567737968,0.10762912860154603,0.5580533383550627,0.43834665678312007,0.994135672668779,0.43817638705254397,0.9795918367346939,5217,0.0026074544107812766,0.0025664767331434,45220,0.022600937024253274,8.667816752923136,0.02020410055196847,0.027003688737750053,0.8545132875442505,
Splicing_7245a07cb5532e54f2a0f920d9808cb5,STFD,CAFTB-Net,Light,Splicing,1080,2316,966,2071,0.8941983055272923,2358.3161000001382,0.0,1470.7626953125,False,0.05674213719715446,0.31560666510208873,0.09619043531751142,0.05052524007754618,0.04668554424967851,0.03575050225632534,0.7717928383429845,0.08752142807441472,0.4897959183673469,21305,0.0106493797317386,0.010623760634555108,118501,0.059233144688606236,5.562121567707111,0.056473537612900845,0.0658969059586525,0.9991557598114014,
Copy-move_6c6dca251b0eb9ef10adc03c7522a7b7,STFD,CAFTB-Net,Light,Copy-move,1080,2340,961,2082,0.8896008544727063,2429.464800000005,0.0,1470.7626953125,False,0.03480739731258188,0.17,0.05778363106785505,0.02975138712255073,0.08612132657046603,0.04334195393261231,0.7850307414334872,0.07891610723687066,0.02040816326530612,31100,0.01554376694945327,0.015515590376701487,151893,0.07591605766087799,4.884019292604502,0.07443054837736876,0.07940494269132614,0.9999996423721313,
Insertion_7fe2f216c91fd84d02a556bde2cc0c89,STFD,CAFTB-Net,Dark,Insertion,1080,2340,961,2082,0.8896008544727063,2317.4748999999792,0.0,1470.7626953125,False,0.030353936558028184,0.9813104661389622,0.058886396622245686,0.030336398920587017,0.17754199075219884,0.07829935710997343,0.9800265140781947,0.07202510166744082,0.9795918367346939,4548,0.0022730884915149025,0.002308088002532447,147032,0.07348653190070782,32.328935795954266,0.07141826641299154,0.07304378598928452,0.9999726414680481,
Removal_6ea38204bd1c632372a385492bbfbdf8,STFD,CAFTB-Net,Light,Removal,1080,2340,961,2082,0.8896008544727063,2341.967400000158,0.0,1470.7626953125,False,0.03831335616438356,0.13313263679829998,0.059502797850364476,0.030663686494599798,0.026305417528901337,0.02259084356129558,0.6341286143363487,0.06589512019260146,0.3061224489795918,28235,0.01411184115169817,0.01405982905982906,98112,0.049036336429091935,3.474836196210377,0.047832595800294746,0.05318374186754227,0.9967940449714661,
Replacement_6dbc5b8ce504ad9a74ba774d89999774,STFD,CAFTB-Net,Light,Replacement,1080,2340,961,2082,0.8896008544727063,2326.120499999888,0.0,1470.7626953125,False,0.10555818374943098,0.9980589079247194,0.1909236208650167,0.10553651745555793,0.562044417482591,0.2907812236467016,0.9921832269572972,0.3210312208988874,1.0,11849,0.0059221252277836586,0.005964308325419437,112033,0.055994046387398654,9.455059498691872,0.05038178378272388,0.059892695397138596,0.9999988675117493,
Splicing_72f4266e8f47c87c5a314484803b91f3,STFD,CAFTB-Net,Light,Splicing,1080,2340,961,2082,0.8896008544727063,2337.3618000000533,0.0,1470.7626953125,False,0.06984495219013975,0.6039075219798111,0.12520886710482343,0.06678550207961972,0.07898733779329153,0.0576673095345207,0.8560087792014697,0.1373102546162504,0.26530612244897955,30710,0.015348845113109643,0.015339901867679645,265531,0.13271228237476773,8.646401823510256,0.1253672417328734,0.13471759855747223,0.9999989867210388,
Copy-move_73352a9082788f4fb297b3ce27075751,STFD,CAFTB-Net,Light,Copy-move,750,1334,750,1334,1.0,979.7244000001228,0.0,1470.7626953125,False,0.06385872724313515,0.9989088925259137,0.12004327064916899,0.06385427322607644,0.2740182317963706,0.09352756195373528,0.944509712782944,0.15238847783923568,0.9795918367346939,10998,0.010992503748125937,0.010992503748125937,172036,0.17195002498750625,15.642480450991089,0.16275864020487074,0.1739768236875534,0.999999463558197,
Insertion_8010077f80eda1e94a252724b025e3b8,STFD,CAFTB-Net,Dark,Insertion,1080,2340,961,2082,0.8896008544727063,2330.2701000002344,0.0,1470.7626953125,False,0.023797887138614235,0.986420302760463,0.04647455227207175,0.023790093098671708,0.06569976287608592,0.019594301645927646,0.9485031357699122,0.04845333073693736,0.7551020408163265,4492,0.002245099715014279,0.002246755302310858,186193,0.09305918326750973,41.449910952804984,0.09104898537802245,0.093070387840271,0.9999989867210388,
Removal_70c09f3121dcb98453cdf7fc76f256dd,STFD,CAFTB-Net,Light,Removal,1080,2340,961,2082,0.8896008544727063,2359.6738000001096,0.0,1470.7626953125,False,0.0004111761596146692,0.020274184205445068,0.0008060058953574061,0.00040316542453319205,0.004283841135245182,0.003915895260299832,0.6706995496562551,0.010980175823659902,0.02040816326530612,5179,0.0025884620267272824,0.0026377018043684712,255365,0.12763131984074386,49.30778142498552,0.12790993088373906,0.12796881794929504,0.999999463558197,
Replacement_70fe43d3af71f6519f505fb4b201138d,STFD,CAFTB-Net,Light,Replacement,1080,2340,961,2082,0.8896008544727063,2337.38859999994,0.0,1470.7626953125,False,0.024210401329850393,1.0,0.0472762262488552,0.024210401329850393,0.29842771295711196,0.037165232463269526,0.9588210289983446,0.09755040104053761,1.0,6117,0.0030572740331127218,0.0030353751187084522,252660,0.1262793619758477,41.30456105934282,0.12359996691206883,0.12896083295345306,0.9999997615814209,
Splicing_73fc51eac5faf7f9a0edfa29aaeb429a,STFD,CAFTB-Net,Light,Splicing,1080,2400,949,2108,0.8784104611578831,2336.728799999946,0.0,1470.7626953125,False,0.029915415311720248,0.21779191395875003,0.052605109237574395,0.027013067296781778,0.04488678241322453,0.038525453845799106,0.8039478613938669,0.07619456187233181,0.02040816326530612,30497,0.015244749791551278,0.015080632716049383,222026,0.11098569751841048,7.280257074466341,0.10933225718847002,0.1054709255695343,0.9999850392341614,
Copy-move_775ddb1566de77b235270f00178e961d,STFD,CAFTB-Net,Light,Copy-move,1080,2340,961,2082,0.8896008544727063,2421.5785000001233,0.0,1470.7626953125,False,0.1476934227215075,0.12540925091696822,0.13564218366742437,0.07275544559050873,0.14797186799208342,0.10852147237861556,0.5998377847475616,0.15022646020374483,0.0,162492,0.08121343341320131,0.08113247863247863,137975,0.06895984710131238,0.8491187258449647,0.06397016825236222,0.06802642345428467,0.9999995231628418,
Insertion_83b35389544227aa4fe2bb4a5dc88669,STFD,CAFTB-Net,Light,Insertion,1080,2340,961,2082,0.8896008544727063,2334.0916000001926,0.0,1470.7626953125,False,0.010081162893850141,0.9639136904761905,0.019953639171049895,0.010077359583992905,0.11367338379466703,0.01152841719672707,0.9398982401490916,0.022475388820356528,0.8775510204081632,2688,0.001343461272029916,0.001329138968027857,257014,0.12845548934877113,95.61532738095238,0.12733157367397455,0.12612846493721008,0.9999991059303284,
Removal_71d6e7541509bbaee6d3d5a260ac1723,STFD,CAFTB-Net,Light,Removal,1080,2376,953,2098,0.8828357307829559,2328.6937999996553,0.0,1470.7626953125,False,0.008249564877632934,0.47446373850868234,0.016217159814960285,0.008174866465448209,0.04090352267036601,0.0063164642780294475,0.8087737808266521,0.019948667124088333,0.9795918367346939,1958,0.0009792967269082532,0.00097814565407158,112612,0.05632306588896436,57.51378958120531,0.05591318069765439,0.05608396604657173,0.9999955892562866,
Replacement_725493ba4f6fe6eee2b26d220a40124f,STFD,CAFTB-Net,Light,Replacement,1080,2340,961,2082,0.8896008544727063,2340.207599999758,0.0,1470.7626953125,False,0.040814821836719646,0.6196034537895747,0.07658481150254458,0.03981709823263461,0.19814217599524073,0.03953068005476645,0.9492768258450341,0.08806128023619393,0.9795918367346939,6254,0.003125746575623175,0.0031501266223488444,94941,0.04745147195974414,15.180844259673808,0.045657462242071886,0.051151856780052185,0.9999997019767761,
Splicing_74bf77325e5599b4d647bad6e9c97031,STFD,CAFTB-Net,Light,Splicing,1080,2340,961,2082,0.8896008544727063,2338.633099999697,0.0,1470.7626953125,False,0.392788291617132,0.7528482571745289,0.5162369882392686,0.3479241524067025,0.5314784071139173,0.4260115170467833,0.9665067959945183,0.5294432574965351,0.4693877551020408,64952,0.03246298234408002,0.03259734093067426,124492,0.062221049359206956,1.9166769306564848,0.03904899656481649,0.0717277079820633,0.9999999403953552,
Copy-move_79463acc140a9e3c661ea2c43d6ce6b4,STFD,CAFTB-Net,Light,Copy-move,1080,2340,961,2082,0.8896008544727063,2334.798800000044,0.0,1470.7626953125,False,0.05118759042262697,0.40710965480454164,0.09094081399901272,0.04763645604383356,0.09739314067391203,0.05357501548664519,0.7852138151101095,0.11741538073744988,0.8775510204081632,26246,0.013117739786345676,0.013171889838556505,208742,0.1043291640052339,7.9532881200944905,0.1003045748006134,0.10755104571580887,0.9999977350234985,
Insertion_84ad51f3ca53ad764870c4fa5a3635af,STFD,CAFTB-Net,Light,Insertion,1080,2340,961,2082,0.8896008544727063,2343.2926000000407,0.0,1470.7626953125,False,0.029677499604224618,0.7122116689280868,0.056980644601005215,0.02932582449200789,0.2317534135032252,0.03945013589303463,0.9480262854516811,0.06438744797592132,0.9795918367346939,7370,0.003683522907314167,0.0037143874643874642,176868,0.08839855218057559,23.998371777476255,0.0860922268730511,0.0960574597120285,0.9999997615814209,
Removal_73006ceee9bd9155ee288c1d5e1fdbac,STFD,CAFTB-Net,Light,Removal,1080,2340,961,2082,0.8896008544727063,2330.8235999998033,0.0,1470.7626953125,False,0.0,0.0,0.0,0.0,0.0025061313634974344,0.0028538555875905485,0.3995832294583833,0.006574670432066139,0.0,6599,0.003298177430850229,0.0033554922443811332,120468,0.06020985584780503,18.255493256554022,0.06040909576407216,0.06086847931146622,0.9972792863845825,
Replacement_76e359f1261fd5cd1e08dbf5fc3429a8,STFD,CAFTB-Net,Light,Replacement,1080,2400,949,2108,0.8784104611578831,2332.5026000002254,0.0,1470.7626953125,False,0.030616316424873648,1.0,0.059413607056172414,0.030616316424873648,0.5656677050654968,0.18012588906590762,0.992985828309281,0.2620749782040105,1.0,5985,0.002991764026049592,0.00299266975308642,195484,0.09771796138150016,32.662322472848786,0.0950104461904621,0.09575425088405609,0.9999988675117493,
Splicing_78b4f49fb0d4af9f199ca840ac0e9b5c,STFD,CAFTB-Net,Dark,Splicing,1080,2340,961,2082,0.8896008544727063,2340.877900000123,0.0,1470.7626953125,False,0.12877997496067542,0.6107136060894386,0.21270687106886974,0.11901062429310441,0.1365078714662356,0.12002408446858479,0.9040432372906402,0.24134950847344946,0.14285714285714285,52550,0.026264467948352712,0.026165321304210194,249208,0.12455405382441641,4.742302568981922,0.11144092242687291,0.12237387150526047,0.9999934434890747,
Copy-move_7c14d59662c8a8494a43046b1407a0c9,STFD,CAFTB-Net,Light,Copy-move,1080,1920,1061,1886,0.9820927516479826,2818.787499999871,0.0,1470.7626953125,False,0.014144921043789898,0.04871557509835686,0.02192403832801,0.011083516888541768,0.05754206974856843,0.05739689518325774,0.8992136491676269,0.13372856421403947,0.02040816326530612,25926,0.012956223894902965,0.013158275462962964,89290,0.04462166287031882,3.4440330170485227,0.04456792498683624,0.04809534549713135,0.9975116848945618,
Insertion_84b5f0206c5860dc4e65fb9ff923eef4,STFD,CAFTB-Net,Light,Insertion,1080,2340,961,2082,0.8896008544727063,2327.4406000000454,0.0,1470.7626953125,False,0.04463147156337669,0.9462300991288676,0.08524226392628574,0.04451856353434996,0.439499138422882,0.09815116527771021,0.9810635782258345,0.13953887031799092,1.0,6658,0.003327665606091957,0.003306426084203862,141156,0.07054970956646385,21.200961249624513,0.06762600895421796,0.07291242480278015,0.9999993443489075,
Removal_7675d2ab3d36eb4f8d23f6ddd51a862a,STFD,CAFTB-Net,Light,Removal,1080,2340,961,2082,0.8896008544727063,2349.6799999998075,0.0,1470.7626953125,False,0.010980902015215137,0.4465880671668453,0.021434756886987386,0.010833485002123363,0.006072837306312546,0.0058723881001291715,0.7570741830340676,0.025681890624288512,0.7142857142857142,2799,0.0013989390254507943,0.0014074865463754352,113834,0.05689418543164191,40.66952483029653,0.05634826374134573,0.06226089224219322,0.9999513030052185,
Replacement_772358d9e0b92c5216a9b071f90530bc,STFD,CAFTB-Net,Light,Replacement,1080,2400,949,2108,0.8784104611578831,2327.287399999932,0.0,1470.7626953125,False,0.011145365794683471,1.0,0.022045031647697975,0.011145365794683471,0.4433850322586887,0.03295157167205405,0.9881300325211537,0.1818815331010453,1.0,1475,0.0007373186196195736,0.0007334104938271605,132342,0.06615472593741939,89.72338983050848,0.06546567637994075,0.06737611442804337,0.9999989867210388,
Splicing_7b9f2bab88dd9c096fe3e7d48e078949,STFD,CAFTB-Net,Dark,Splicing,1080,2340,961,2082,0.8896008544727063,2337.9767000001266,0.0,1470.7626953125,False,0.694613993114314,0.6572943125345113,0.6754390444576843,0.5099342854939726,0.6536569537294777,0.5975890321461449,0.8734877690147987,0.6851544712547334,0.6530612244897959,90550,0.04525685200234706,0.045073203545425766,85685,0.042825327043855416,0.9462727774710105,0.013698192699183145,0.04225537180900574,0.9999995827674866,
Copy-move_7d8c8e02fac15d7b8884a39fd1578d66,STFD,CAFTB-Net,Light,Copy-move,1080,2340,961,2082,0.8896008544727063,2329.7702999998364,0.0,1470.7626953125,False,0.2435915971172592,0.534137086315385,0.3345930494960132,0.20090768168990675,0.24484006064938418,0.19475993384852042,0.8111336368188974,0.34075162122040786,0.5510204081632653,104095,0.052026637318435306,0.05243471035137702,228255,0.11408175321696,2.192756616552188,0.09102829271996149,0.11400006711483002,0.9999993443489075,
Insertion_84b6a2d361363fdf609f74455f019d5b,STFD,CAFTB-Net,Light,Insertion,1080,2400,949,2108,0.8784104611578831,2330.6267999996635,0.0,1470.7626953125,False,0.05592822404829784,1.0,0.10593186691018819,0.05592822404829784,0.4990886310277208,0.2910472201369319,0.9936782778191348,0.20947971309281663,0.9795918367346939,8004,0.004001015750125469,0.00398533950617284,143112,0.0715384015532179,17.880059970014994,0.06780868943752735,0.06725064665079117,0.9999735355377197,
Removal_77ca386f278bf28a390ac7b68227afa6,STFD,CAFTB-Net,Light,Removal,1080,2340,961,2082,0.8896008544727063,2455.318400000124,0.0,1470.7626953125,False,0.0012771955845524076,0.10755885997521686,0.0025244152837640547,0.001263802823463635,0.002846666304514336,0.002758197906479606,0.6565289868519798,0.004245584878267763,0.02040816326530612,4035,0.0020166913067859787,0.0020303102247546693,339807,0.1698353960062015,84.21486988847583,0.16996124234825596,0.16986867785453796,0.9999997615814209,
Replacement_791d787a709da2015ed5a9b0b2511dfc,STFD,CAFTB-Net,Light,Replacement,1080,2340,961,2082,0.8896008544727063,2510.2679000001444,0.0,1470.7626953125,False,0.03200886426592798,0.9754186925985954,0.06198370159937175,0.031983065183984555,0.08748731672285358,0.03877595685044092,0.9525726855806989,0.07192601053833966,0.9795918367346939,7404,0.0037005160930466885,0.003653846153846154,225625,0.11276728032059144,30.47339276066991,0.10956316801762618,0.11092811822891235,0.9999964833259583,
Splicing_7c313f4fb02d436de0fc8761bc90381b,STFD,CAFTB-Net,Light,Splicing,1080,2340,961,2082,0.8896008544727063,2356.127600000036,0.0,1470.7626953125,False,0.15274519878768925,0.4752934088723599,0.2311921125077841,0.13070504385615564,0.19088941297541012,0.1104948833493749,0.7572377993894728,0.23164412205193474,0.02040816326530612,86313,0.043139201180326686,0.04298314339981007,268578,0.13423517169614985,3.1116749504709604,0.11885887043487844,0.13658948242664337,1.0,
Copy-move_7daaaeebd301210b949472337be7d6ac,STFD,CAFTB-Net,Light,Copy-move,1125,2436,961,2081,0.8542797160427661,2347.5631999999678,0.0,1470.7626953125,False,0.010861431294595152,0.49307982664616246,0.021254670362781728,0.010741488580887033,0.015722564137645167,0.010209970471365015,0.8437444047499731,0.029842786199992047,0.04081632653061224,7153,0.0035767843543561715,0.003586571793468345,324727,0.1623764089245095,45.3973158115476,0.16118930811045182,0.16321036219596863,0.9999988079071045,
Insertion_86a0362691b2e0c99550f38022237efb,STFD,CAFTB-Net,Light,Insertion,1080,2400,949,2108,0.8784104611578831,2336.860799999613,0.0,1470.7626953125,False,0.038380103754213815,0.9998333611064822,0.07392257841953527,0.0383798582503902,0.5445150069324417,0.1606723407363744,0.9918414390084548,0.3700401248328132,1.0,6001,0.0029997620585336007,0.0029621913580246914,156331,0.07814627601610004,26.050824862522912,0.07537311524594495,0.0775718092918396,0.9999992847442627,
Removal_785a4e769c98bfbd2311daa4835350bf,STFD,CAFTB-Net,Light,Removal,1080,2340,961,2082,0.8896008544727063,2295.710300000337,0.0,1470.7626953125,False,0.01568418611442756,0.23931847968545217,0.029439030091976813,0.01493941600464709,0.107891897879643,0.010345043170917698,0.5569676282101012,0.03282932705273188,0.9795918367346939,7630,0.0038134707982099177,0.003840614118391896,116423,0.058188166545215365,15.258584534731323,0.057494787203512795,0.05882110819220543,0.9999995231628418,
Replacement_7c9774ca28549afd6d7cc953ef9eee2f,STFD,CAFTB-Net,Light,Replacement,1080,2340,961,2082,0.8896008544727063,2284.239300000081,0.0,1470.7626953125,False,0.029313537848790806,0.9872129436325678,0.05693644880912067,0.02930241204628898,0.30638396131050066,0.045535872112604105,0.9783717212840503,0.06848559108808096,0.9795918367346939,3832,0.0019152319919712195,0.0019274295663184553,129053,0.06450063524526665,33.6777139874739,0.0627300360045469,0.06728830188512802,0.999999463558197,
Splicing_8472c9325f2c14a1d8e8860d39b85b4b,STFD,CAFTB-Net,Light,Splicing,828,1792,828,1792,1.0,1721.7424999998912,0.0,1470.7626953125,False,0.040852670066618545,0.9016714546879081,0.07816391215757301,0.04067147695479311,0.13588262225679948,0.03709746560564301,0.9354549110113161,0.08286448824471851,0.7346938775510203,7658,0.005161156400966184,0.005161156400966184,169022,0.11391342089371981,22.071297989031077,0.10982658567946466,0.11503636091947556,0.9999998807907104,
Copy-move_7f9b26494d53aeb09702bb526c7da461,STFD,CAFTB-Net,Light,Copy-move,1080,2400,949,2108,0.8784104611578831,2284.088999999767,0.0,1470.7626953125,False,0.040285218162337905,0.7436911744646024,0.07643026369282101,0.039733554885070035,0.1131920711372209,0.03339720689310747,0.9285458568351725,0.07849810913019989,0.4897959183673469,7331,0.0036645985087668436,0.0036709104938271605,135335,0.06765085788895932,18.46064656936298,0.06516432942446697,0.06677855551242828,0.9999994039535522,
Insertion_87c5bbce06a32a13ad39dd6dbab23130,STFD,CAFTB-Net,Light,Insertion,1080,2340,961,2082,0.8896008544727063,2284.972200000084,0.0,1470.7626953125,False,0.01076068521496671,0.9989808917197452,0.02129201997246862,0.010760567090942023,0.2839413839863669,0.021397900233018317,0.9468553106184863,0.03560775540641312,1.0,3925,0.0019617133529454688,0.0019871794871794872,364382,0.1821179706937518,92.83617834394904,0.18051237006585782,0.18146748840808868,0.9999997615814209,
Removal_7b8873e5e398e1d8bb4a2900f9e30e27,STFD,CAFTB-Net,Light,Removal,1080,2340,961,2082,0.8896008544727063,2279.8525999996855,0.0,1470.7626953125,False,7.185893538223426e-05,0.0035577449370552817,0.00014087254285776208,7.04412330466917e-05,0.0027512189926060778,0.002301553246318275,0.6243809652312419,0.0036458769860750247,0.0,3654,0.001826267666665667,0.0018668882557771446,180910,0.09041874208442414,49.51012588943623,0.09057766374850537,0.09362845867872238,0.9999990463256836,
Replacement_7dc751e3b75c8db65cee167bec7cf17e,STFD,CAFTB-Net,Light,Replacement,1080,2340,961,2082,0.8896008544727063,2293.6588000002303,0.0,1470.7626953125,False,0.01672101346020585,0.9741349178608878,0.032877681928776825,0.016713593062689467,0.23794500979592095,0.022120071500811758,0.9289390318130873,0.03542830676699577,0.7551020408163265,5722,0.002859853198867254,0.0028731402342513455,333353,0.1666096895145047,58.2581265291856,0.16429366240952745,0.16551104187965393,0.9999997615814209,
Splicing_86ead0b0a262aef2a3d70c0e55107efa,STFD,CAFTB-Net,Light,Splicing,1080,2340,961,2082,0.8896008544727063,2285.236199999872,0.0,1470.7626953125,False,0.10395586826735419,0.12142190220637097,0.11201210522231707,0.05932882595918703,0.1509146248289058,0.12413955637283172,0.7599089900483674,0.13738544528445665,0.02040816326530612,118883,0.05941767351292132,0.059523583412472304,138857,0.06940067033119719,1.1680139296619365,0.06611442894194702,0.07201291620731354,0.9999994039535522,
Copy-move_817b8acec11a6c9715b912f30177825b,STFD,CAFTB-Net,Light,Copy-move,1080,1920,1061,1886,0.9820927516479826,2667.678100000103,0.0,1470.7626953125,False,0.06792784990068064,0.5673678002752113,0.1213295723491998,0.0645826806891922,0.13099301122339646,0.082758409121484,0.9040041747214975,0.13363640031741336,0.7346938775510203,25435,0.012710852224286699,0.01275414737654321,212446,0.1061674744108831,8.352506388834284,0.10022975170719337,0.10858714580535889,0.9999855160713196,
Insertion_8975d5eea21b55ccd0edcf56cfa1ad78,STFD,CAFTB-Net,Light,Insertion,1080,2340,961,2082,0.8896008544727063,2282.4406999998246,0.0,1470.7626953125,False,0.022316841391259966,0.9811042220253912,0.04364099600756462,0.022307253381666836,0.24124558278637048,0.03983872853833138,0.9328762862982973,0.05386221294363257,1.0,6774,0.0033856423574146768,0.003370132953466287,297802,0.14884131463283223,43.962503690581634,0.1460139977974231,0.14433759450912476,0.9999990463256836,
Removal_7d1f5bfab4c4a7180f4205cc6e03b040,STFD,CAFTB-Net,Light,Removal,1080,2400,949,2108,0.8784104611578831,2287.7510999996957,0.0,1470.7626953125,False,0.00029418773295991103,0.032552083333333336,0.0005831056791577623,0.00029163786742725825,0.0022897378425151336,0.0014446555030581006,0.5063302126866055,0.003066535433856867,0.0,3072,0.0015356222369297154,0.001535493827160494,339919,0.16991770024573954,110.65071614583333,0.17012896636661293,0.17161835730075836,0.9999988079071045,
Replacement_7ee00ce662265de6f27183904733d677,STFD,CAFTB-Net,Light,Replacement,1080,2400,949,2108,0.8784104611578831,2276.319500000227,0.0,1470.7626953125,False,0.03313653813799116,0.9990777034816694,0.06414555252074405,0.03313552452472355,0.45054411122023763,0.11942905134489333,0.9907137792442865,0.24597701149425288,1.0,4337,0.0021679666801966715,0.002143132716049383,130762,0.06536492022962351,30.150334332487894,0.06333626396747748,0.06660225987434387,0.9999963045120239,
Splicing_8b8ab5a82e4caeb658885643e459b854,STFD,CAFTB-Net,Light,Splicing,1080,2340,961,2082,0.8896008544727063,2294.0715999998247,0.0,1470.7626953125,False,0.0361790710280459,0.27024498128615176,0.0638149146523222,0.032959098350281456,0.06387634804149722,0.04244271599976183,0.6615123029207196,0.07422640968004209,0.02040816326530612,58780,0.029378219334047048,0.029300015827793607,439066,0.21944500255397587,7.469649540660089,0.21790741814459363,0.21278910338878632,0.9999966621398926,
Copy-move_83bb774dbfef9dd61921ea91dde8c5ce,STFD,CAFTB-Net,Light,Copy-move,1080,2400,949,2108,0.8784104611578831,2291.7771000002176,0.0,1470.7626953125,False,0.06011738726173873,0.20114719035582346,0.0925685651648696,0.048530481082729345,0.05537341774303492,0.052292082568611745,0.802268007898711,0.10920555540456064,0.04081632653061224,30858,0.015425205399471729,0.015334876543209877,103248,0.05161130361930965,3.345907058137274,0.04926854430823188,0.05653686448931694,0.9784600138664246,
Insertion_89c52d1a2332181345a84f4534885496,STFD,CAFTB-Net,Light,Insertion,1080,2340,961,2082,0.8896008544727063,2281.7211999999927,0.0,1470.7626953125,False,0.021633776291329444,1.0,0.042351333312144426,0.021633776291329444,0.4197083086146059,0.04487929050734599,0.968158219025886,0.2551380527299149,1.0,5330,0.0026639317633628916,0.0026507597340930675,246374,0.12313762181365273,46.224015009380864,0.12079548096891363,0.12468685954809189,0.9999998807907104,
Removal_80e31b5140b521c51233963775d51d97,STFD,CAFTB-Net,Light,Removal,1080,2340,961,2082,0.8896008544727063,2281.9509999999354,0.0,1470.7626953125,False,0.0015991928905679817,0.08340330254687937,0.003138213008840704,0.0015715724690036337,0.003246706409353205,0.0029016343790640373,0.6782201383173398,0.005851510943718682,0.24489795918367346,3573,0.001785783900655837,0.0018447293447293447,186344,0.09313465300414533,52.15337251609292,0.09315206218215337,0.09335612505674362,0.9999992251396179,
Replacement_83a54bceb4e027de48d968e1e90c63be,STFD,CAFTB-Net,Light,Replacement,1080,2340,961,2082,0.8896008544727063,2283.8136000000304,0.0,1470.7626953125,False,0.02473560282555773,0.9606323620582765,0.04822933445385998,0.024710554013969956,0.2374728774914902,0.05277512832662065,0.9530696990619706,0.19409850779759902,1.0,6452,0.003224706892536093,0.003184156378600823,250570,0.125234780852878,38.83601983880967,0.1225321533331662,0.11346901208162308,0.9999974966049194,
Splicing_8bf8304d25f410234daec79a027fc981,STFD,CAFTB-Net,Light,Splicing,1080,2340,961,2082,0.8896008544727063,2283.7720000002264,0.0,1470.7626953125,False,0.020052002996782864,0.5625965996908809,0.03872381621081075,0.019744193362913463,0.0794171281411863,0.01935988180810981,0.8130219737318397,0.04404786330756235,0.02040816326530612,12940,0.006467406569965444,0.0064213358657803105,363056,0.18145523645018347,28.056877897990727,0.17897419438572698,0.18113647401332855,0.9999997019767761,
Copy-move_84e365509f29fe09a02ba2ac6399ed26,STFD,CAFTB-Net,Light,Copy-move,1080,2340,961,2082,0.8896008544727063,2291.5013000001636,0.0,1470.7626953125,False,0.03380503685757352,0.2857018207201443,0.06045667159034958,0.031170570259918703,0.08029420755961311,0.031239662884617624,0.6614535330350029,0.07888025313610389,0.9795918367346939,34382,0.017184109172221938,0.017252295030072806,290578,0.14523076246425184,8.451457157815137,0.14277468699464,0.15261292457580566,0.9999995231628418,
Insertion_8c7e2d21e2e7b5761d53c78d878b8220,STFD,CAFTB-Net,Light,Insertion,1080,2340,961,2082,0.8896008544727063,2281.3114000000496,0.0,1470.7626953125,False,0.01446818841915484,0.9969021065675341,0.028522426622113302,0.014467537955932004,0.39561750102295606,0.024239158431282427,0.9659774528467096,0.03346558564774883,0.9795918367346939,3228,0.001613353045428783,0.0015784267173156062,222419,0.11116492286593076,68.90303593556382,0.1097336068651274,0.11357537657022476,1.0,
Removal_83dfaeccb0e6a040c660bd827b5e95c6,STFD,CAFTB-Net,Light,Removal,1080,2340,961,2082,0.8896008544727063,2291.9292000001406,0.0,1470.7626953125,False,4.4806882337126984e-05,0.001899335232668566,8.75484252227013e-05,4.377612887692341e-05,0.0010585044602624417,0.0013006795190849724,0.3637939189302305,0.0031527559668077373,0.0,3159,0.0015788668743833723,0.0016104779993668882,133908,0.06692716220795461,42.389363722697055,0.06702999484892946,0.06961602717638016,0.9999982118606567,
Replacement_84347584d6907277a4af6794a75b386b,STFD,CAFTB-Net,Light,Replacement,1080,2376,953,2098,0.8828357307829559,2295.5541999999696,0.0,1470.7626953125,False,0.025949076895396956,1.0,0.050585506590484816,0.025949076895396956,0.5032971317159727,0.1742562622283958,0.9928995112514052,0.3192389006342495,1.0,4471,0.002236177561801226,0.0022318088290310513,172299,0.08617561121019669,38.537016327443524,0.08412755780548924,0.08575677126646042,0.9999911785125732,
Splicing_8dd8caa8f0609a53f37bed872f0f3bb1,STFD,CAFTB-Net,Light,Splicing,1080,2340,961,2082,0.8896008544727063,2289.6330000003218,0.0,1470.7626953125,False,0.01387574397985166,0.8086775905838911,0.027283345012847467,0.013830341495760906,0.10646364516072952,0.022954735263230143,0.9377116294664063,0.04449987661155316,0.9795918367346939,4333,0.002165631581735724,0.0022103513770180437,252527,0.1262128886316587,58.27994461112393,0.12473171384078591,0.12629181146621704,0.999996542930603,
Copy-move_8b06b31fff76db63511975c05b15030e,STFD,CAFTB-Net,Light,Copy-move,1080,1920,1061,1886,0.9820927516479826,2664.865700000064,0.0,1470.7626953125,False,0.058197703560841696,0.9947798456650022,0.1099622733815657,0.05817993568747698,0.20412568552295485,0.08281591565537466,0.9491745881687068,0.1308803480338843,0.9795918367346939,17624,0.0088073937330776,0.00890625,301249,0.15054576456513244,17.093111665910122,0.14304419331841636,0.15103793144226074,0.999999463558197,
Insertion_8e3cd0c088acc2c7cd2b6c82f5a7db0b,STFD,CAFTB-Net,Light,Insertion,1080,2316,966,2071,0.8941983055272923,2289.260099999865,0.0,1470.7626953125,False,0.02075480572184932,1.0,0.04066560471821066,0.02075480572184932,0.2268298414031677,0.03143077858727882,0.9760775663348703,0.05581332665909397,0.9795918367346939,3089,0.001544047594054942,0.001534814175142327,148833,0.0743947023522108,48.18161217222402,0.07296331358695407,0.07346569001674652,0.9999997019767761,
Removal_8a68930a2aba571da795a3ce80d40798,STFD,CAFTB-Net,Light,Removal,1080,2340,961,2082,0.8896008544727063,2285.463499999878,0.0,1470.7626953125,False,0.0014231174482409448,0.07090909090909091,0.0027902359627431958,0.0013970670547408485,0.0020240138885964315,0.002050881116274703,0.48975353092030754,0.00438858528966159,0.0,4400,0.0021991181536203984,0.00222340930674264,219237,0.10957456060119893,49.82659090909091,0.10965977794051499,0.10805528610944748,0.9999985098838806,
Replacement_860d3b7e3c905550716aa8230650ac0f,STFD,CAFTB-Net,Light,Replacement,1080,2340,961,2082,0.8896008544727063,2279.9549000001207,0.0,1470.7626953125,False,0.023220856142869964,0.9909047391096218,0.0453783170563283,0.023215907943878067,0.18783053907619984,0.02558576668624523,0.9603902950530903,0.05029518409761082,0.9795918367346939,4178,0.0020881626467786417,0.002056821779044001,178288,0.08910826758469853,42.673049305887986,0.08722122943528676,0.08894303441047668,0.9999998211860657,
Splicing_8eb590a8ef9a17cf2e5e3400f3a46b3e,STFD,CAFTB-Net,Light,Splicing,1080,2340,961,2082,0.8896008544727063,2282.988099999784,0.0,1470.7626953125,False,0.24259862026061743,0.2081077990394145,0.22403348499381903,0.12614735869219884,0.20599413846608736,0.1615222727660607,0.7632433624025582,0.3117049211553899,0.02040816326530612,104936,0.05244696876552502,0.052497230136119025,90017,0.04499045882601077,0.857827628268659,0.035961929798835994,0.04623798280954361,0.9999998807907104,
Copy-move_8c70458601abe547a6eee717997bf540,STFD,CAFTB-Net,Light,Copy-move,750,1334,750,1334,1.0,971.8266999998377,0.0,1470.7626953125,False,0.22002226463104327,0.6157783465005007,0.3242039895720437,0.19346268134941444,0.49596954478938454,0.4811978595600393,0.8832824022813768,0.5375294117647059,0.9795918367346939,8987,0.008982508745627187,0.008982508745627187,25152,0.025139430284857572,2.798709246689663,0.019785923129600924,0.03519260138273239,0.8597793579101562,
Insertion_98d4651c7ee3daaef0872b77ec3c4235,STFD,CAFTB-Net,Dark,Insertion,1080,2340,961,2082,0.8896008544727063,2284.92580000011,0.0,1470.7626953125,False,0.07818557766864823,0.5188679245283019,0.13589398023360288,0.07290034943969152,0.10684574218115549,0.07991388929020801,0.9662154458388356,0.1658473364318913,0.9795918367346939,9328,0.004662130485675244,0.004664846470402026,61904,0.03093959322311753,6.636363636363637,0.02865415265275871,0.03333956375718117,0.9998818635940552,
Removal_8adccce49b38f5b2cbaabd146c449696,STFD,CAFTB-Net,Light,Removal,1080,2400,949,2108,0.8784104611578831,2292.9721000000427,0.0,1470.7626953125,False,0.00011695989338928505,0.00959581273626054,0.00023110295636706154,0.00011556483187067946,0.0020159949927548125,0.0014801045021401308,0.4568224561822931,0.003432253904949821,0.0,3439,0.0017190771070316703,0.0017550154320987654,282148,0.14103930433113454,82.04361733061937,0.14126565494255786,0.13969135284423828,0.9999986290931702,
Replacement_8c9a5487cfeb49366e2c041b95e073fd,STFD,CAFTB-Net,Light,Replacement,1080,2340,961,2082,0.8896008544727063,2288.730300000225,0.0,1470.7626953125,False,0.02625089527746802,0.6285001085304971,0.05039683921049883,0.025849793549827027,0.09549352625040626,0.02742437577850878,0.8945739062357791,0.06385381863339346,0.9795918367346939,9214,0.004605153333513261,0.004571858182969294,220602,0.11025678702840161,23.942044714564794,0.10785915560848931,0.11518481373786926,0.9999985098838806,
Splicing_8f0c12b06745b23229583881f598e00c,STFD,CAFTB-Net,Light,Splicing,1080,2400,949,2108,0.8784104611578831,2294.0207999999984,0.0,1470.7626953125,False,0.08963839022009913,0.7145196785915349,0.15929304512028844,0.08653905756046762,0.20126853849326504,0.1309088024040599,0.9124521117070303,0.23274463007159904,0.9795918367346939,19539,0.00976709729406566,0.00977662037037037,155748,0.07785484770746397,7.971134653769385,0.07157514590199768,0.07535412907600403,0.9999819397926331,
Copy-move_90cd34008522247a8c892a4f6f2c3869,STFD,CAFTB-Net,Light,Copy-move,1080,2400,949,2108,0.8784104611578831,2283.5015999999086,0.0,1470.7626953125,False,0.013877814365972574,0.8516996638027643,0.027310622394710365,0.013844360244826581,0.010195662210825301,0.010199742110083827,0.9389406986714606,0.030272773917987546,0.5510204081632653,2677,0.0013381708099807447,0.0013244598765432098,164291,0.08212529717689449,61.371311169219275,0.08109409529911428,0.08425937592983246,0.9999695420265198,
Insertion_99205c2eb5c0b18c90d2f59334f0aa34,STFD,CAFTB-Net,Light,Insertion,1080,2340,961,2082,0.8896008544727063,2292.750199999773,0.0,1470.7626953125,False,0.03518919607593324,0.9785997732426304,0.06793551782999888,0.03516213793946307,0.3599535360651154,0.06123466773443961,0.9706804461564921,0.0799793328988545,0.9795918367346939,7056,0.0035265858390785294,0.003520496992719215,196225,0.09807317265776423,27.80966553287982,0.09495693032111413,0.09845312684774399,0.9999995827674866,
Removal_8e166d8cb829c65dbb857acdeba4ecb2,STFD,CAFTB-Net,Light,Removal,1080,2400,949,2108,0.8784104611578831,2282.598599999801,0.0,1470.7626953125,False,0.0002491289645394228,0.13963039014373715,0.0004973705190939078,0.0002487471192888759,0.010809295300413864,0.0005049965617010688,0.7380421548946129,0.0017278978037823087,0.02040816326530612,487,0.00024344011373202192,0.00024074074074074075,272951,0.13644193528392015,560.4743326488706,0.13644115889710276,0.13777080178260803,0.9999991655349731,
Replacement_90af1ebf913aff52b37787bfc28216a6,STFD,CAFTB-Net,Light,Replacement,1080,2376,953,2098,0.8828357307829559,2292.660000000069,0.0,1470.7626953125,False,0.007048746847114586,0.9296482412060302,0.013991408518877058,0.007044988918422836,0.09981245881212501,0.008340907043791335,0.9647986552431204,0.01462171131739695,0.5306122448979591,995,0.0004976507881888213,0.000488293428108243,131229,0.06563438721932746,131.88844221105526,0.06520419595886508,0.06577210128307343,0.9999862909317017,
Splicing_8f59895b62266f7d8c16315e4788c5fd,STFD,CAFTB-Net,Dark,Splicing,1080,2340,961,2082,0.8896008544727063,2297.0267999999123,0.0,1470.7626953125,False,0.09859391203562497,0.08414791289747361,0.09079992415783597,0.04755914548022599,0.10915866530252967,0.0912367154290191,0.7202295460518918,0.17176148741070976,0.02040816326530612,76829,0.03839910196011399,0.03835430515986071,65572,0.032772858083908354,0.8534798058024965,0.03072132509136043,0.03481545299291611,0.9999852776527405,
Copy-move_92050f52a223ae63202ece1d606d9a5f,STFD,CAFTB-Net,Light,Copy-move,1080,2340,961,2082,0.8896008544727063,2291.3355000000593,0.0,1470.7626953125,False,0.06556090942750394,0.7685606750440114,0.12081580849637495,0.06429162667641668,0.12256058189861786,0.05348953820668119,0.8473520490250283,0.12854215384783302,0.8979591836734693,32946,0.0164663969748131,0.01665914846470402,386221,0.19303309372941452,11.722849511321556,0.18339756567553722,0.20009590685367584,0.9999997615814209,
Insertion_9e6bf730cda5fbb9be4faf6f1c0719f5,STFD,CAFTB-Net,Light,Insertion,1080,2316,966,2071,0.8941983055272923,2285.9172000003127,0.0,1470.7626953125,False,0.03876353913731482,0.9946793615233828,0.07461910539003294,0.03875550318325396,0.38915937323666533,0.1991339286885581,0.9867182674723735,0.13773592872524595,0.9795918367346939,7142,0.003569954003476981,0.0035689726859847756,183265,0.09160565954175427,25.66017922150658,0.08837017744165374,0.09047277271747589,0.9999825954437256,
Removal_92b7342ceca6fdc6edd34b8250de664c,STFD,CAFTB-Net,Light,Removal,1080,2340,961,2082,0.8896008544727063,2288.930100000016,0.0,1470.7626953125,False,0.0056449418187515974,0.26135929744177167,0.011051195531087037,0.005556299642432433,0.00480539967737959,0.0040788555530003445,0.6580520985006374,0.012629715711796904,0.4897959183673469,5238,0.0026179502019690105,0.0026147515036403926,242518,0.12121039463175266,46.29973272241313,0.1208425287287203,0.12150900810956955,0.9999995231628418,
Replacement_954834e62d64a4d9e4b29002a364df58,STFD,CAFTB-Net,Dark,Replacement,1080,2340,961,2082,0.8896008544727063,2278.3879999997225,0.0,1470.7626953125,False,0.03257492899056396,0.9709929341762737,0.06303515096890493,0.032543260142504,0.057258659637379354,0.033315971966431684,0.9429786768491586,0.06462666110482093,0.9795918367346939,8067,0.004031883214830853,0.0040174897119341565,240461,0.12018230689493513,29.807983141192512,0.11673805097014907,0.11857856065034866,0.9999911189079285,
Splicing_91c0886a34609b90730f8809cebd301a,STFD,CAFTB-Net,Light,Splicing,1080,2340,961,2082,0.8896008544727063,2284.4263000001774,0.0,1470.7626953125,False,0.11485982470317647,0.2438066963549398,0.15615393553975682,0.08468924741039509,0.1716837149530352,0.10186427779700208,0.8526111316382069,0.20462493561417303,1.0,30315,0.015151424278864175,0.015129392212725546,64348,0.03216110339753759,2.122645555005773,0.028905037181163846,0.031377702951431274,0.9999947547912598,
Copy-move_96c30a7bda135d4561ebd35085653dec,STFD,CAFTB-Net,Light,Copy-move,1080,2340,961,2082,0.8896008544727063,2280.3217000000586,0.0,1470.7626953125,False,0.05158489512643545,0.9747180793015642,0.09798418430314941,0.05151596716205564,0.29044355409796746,0.06637679862359609,0.9548532205546909,0.10208904918976129,0.8775510204081632,10996,0.005495796185729523,0.005642212725546059,207774,0.10384535801143742,18.8954165150964,0.09903277002883698,0.10279639810323715,0.999999463558197,
Insertion_a1b003de48e1bfe16ee13e2d80f1cee0,STFD,CAFTB-Net,Light,Insertion,1080,2400,949,2108,0.8784104611578831,2292.9305000002387,0.0,1470.7626953125,False,0.07745750743935038,0.9980503655564582,0.14375811754794474,0.07744578920827029,0.5821580596437842,0.2972929254687688,0.9955434480073952,0.3061529829811109,1.0,6155,0.0030767431211921868,0.003138888888888889,79308,0.03964424751511128,12.885134037367994,0.03668637747782847,0.0414411760866642,0.9999641180038452,
Removal_95a8a141c37ede139535b5bd80713668,STFD,CAFTB-Net,Light,Removal,1080,2340,961,2082,0.8896008544727063,2281.083899999885,0.0,1470.7626953125,False,0.0,0.0,0.0,0.0,0.008936496678058995,0.006997352833495204,0.6554056527233598,0.009666160827129712,0.0,9717,0.004856552522438502,0.004931940487496043,169165,0.08454859601299879,17.40917978800041,0.08496121461414254,0.07477881014347076,0.9998835325241089,
Replacement_9ac067d3e5117ac0582073a648689308,STFD,CAFTB-Net,Light,Replacement,1080,2340,961,2082,0.8896008544727063,2328.1511000000137,0.0,1470.7626953125,False,0.06728535254653197,0.9965203943553064,0.12605915365522638,0.06726954796951665,0.19747132652174232,0.09978537972938685,0.9881014702945483,0.16744897233482683,0.9795918367346939,5173,0.0025854632292450727,0.002630183602405825,76614,0.03829164505033482,14.8103614923642,0.03580775785479165,0.04012030363082886,0.9999726414680481,
Splicing_92184b85e6dff89b48d8cce5eb43954a,STFD,CAFTB-Net,Dark,Splicing,1080,2340,961,2082,0.8896008544727063,2318.7416000000667,0.0,1470.7626953125,False,0.06058084516234296,0.7543298288384377,0.11215447292608241,0.05940871290455486,0.10554207087798535,0.06119395490778198,0.8821236143305992,0.13425611599027573,0.7755102040816326,19689,0.009840553937870913,0.009848448876226655,245160,0.12253086512308564,12.451622733506019,0.11625182410089682,0.11373939365148544,0.9999969601631165,
Copy-move_9846f71fac8340bce6f2deb8157bdf20,STFD,CAFTB-Net,Dark,Copy-move,2340,1080,2082,961,0.8896008544727063,2325.784399999975,0.0,1470.7626953125,False,0.5171963131104691,0.5319419879731164,0.5244655250584174,0.35544105133780846,0.44605893228723237,0.4428495089468756,0.9669909081645679,0.549843313288727,0.26530612244897955,28270,0.014129334137011059,0.014288144982589427,29076,0.014532172598787887,1.0285107888220728,0.007116741325362529,0.01570291630923748,0.6736802458763123,
Insertion_a535de3d87818a5405606517dcaa36e4,STFD,CAFTB-Net,Light,Insertion,1170,2532,961,2080,0.8216563506305302,2328.8109000000077,0.0,1470.7626953125,False,0.04455162534580078,0.7852220742370722,0.08431918168109814,0.04401525602531851,0.054996530273408,0.04716071604377926,0.9139335601002749,0.11247298189301477,0.8571428571428571,17269,0.008639338029296405,0.008741442864665614,304366,0.15226827023132955,17.624992761595923,0.14675231415247494,0.13360309600830078,0.9999948143959045,
Removal_964f7a06ed992503a4913a5b8e3f8c83,STFD,CAFTB-Net,Light,Removal,1080,2400,949,2108,0.8784104611578831,2326.2910000003103,0.0,1470.7626953125,False,0.0007072442013192269,0.014527127186480878,0.0013488218454085004,0.0006748660597463054,0.0040944220273748284,0.0031686411531947293,0.3871723447929055,0.0067216742608499835,0.0,6746,0.0033721704460702665,0.0033684413580246913,138566,0.06926596057369887,20.540468425733767,0.06945117382053682,0.07025164365768433,0.999999463558197,
Replacement_9b3813b3eb23197769eeb855b87ff4c7,STFD,CAFTB-Net,Light,Replacement,1080,2340,961,2082,0.8896008544727063,2339.146599999822,0.0,1470.7626953125,False,0.03317337270825643,0.9942836068596718,0.06420461649291809,0.03316704701330496,0.20566482135065473,0.04961053024390363,0.9726998325611409,0.07459757713557469,0.9795918367346939,5423,0.002710413124337141,0.002735042735042735,162540,0.08123742379305898,29.97234003319196,0.07875596565865432,0.081141397356987,0.9999987483024597,
Splicing_92d2a674d64ba2924822d91935179037,STFD,CAFTB-Net,Light,Splicing,1080,2340,961,2082,0.8896008544727063,2333.8134000000537,0.0,1470.7626953125,False,0.08938960079814458,0.48509351708620446,0.15096114922156212,0.08164303803460272,0.09921874104746796,0.09078552344349392,0.9029114353573724,0.23262515421460755,0.08163265306122448,42666,0.021324448895992706,0.021390867363089584,231537,0.11572209543972867,5.426733230206722,0.10767382857983307,0.1153530403971672,0.9999994039535522,
Copy-move_99e8900fe966b6c995955e79625d2eec,STFD,CAFTB-Net,Light,Copy-move,1080,2340,961,2082,0.8896008544727063,2326.8427000002703,0.0,1470.7626953125,False,0.06105594877823075,0.5783463634209903,0.11045154284680121,0.05845393508098116,0.04536274339642951,0.045364908473741965,0.8909011041292862,0.11150090452060409,0.5102040816326531,21105,0.010548270143672387,0.010647752453308009,199915,0.09991743310932316,9.472399905235726,0.09481703513214396,0.10471471399068832,0.9999921321868896,
Insertion_a60f6d699ea825c3b1269fc8067029fc,STFD,CAFTB-Net,Light,Insertion,1668,2224,1225,1633,0.7342595152227752,2326.9978000002993,0.0,1470.7626953125,False,0.01641194494839495,0.9868199663488503,0.032286921457177854,0.016408348254252463,0.3517913639835608,0.03148974512099976,0.9690980796529957,0.07053533792328229,1.0,3566,0.0017826211929964882,0.0017778043752048722,214417,0.1071857230338553,60.128154795288836,0.10561486815043025,0.10864883661270142,0.9999997615814209,
Removal_9727099e3dd798f6b29da3ae08898895,STFD,CAFTB-Net,Light,Removal,1080,2400,949,2108,0.8784104611578831,2326.8385000001217,0.0,1470.7626953125,False,0.006897476808381458,0.3542422044960116,0.013531481122406581,0.006811827619625315,0.002823184605886101,0.0026601443796923753,0.6164772490894258,0.01364946088877247,0.5102040816326531,2758,0.00137866084943104,0.0013314043209876542,141646,0.07080558182687059,51.358230601885424,0.07041427937853588,0.07229848206043243,0.9999997615814209,
Replacement_9f2b969b17ea7d8e56504a06a6e04803,STFD,CAFTB-Net,Light,Replacement,1080,2340,961,2082,0.8896008544727063,2333.3717000000433,0.0,1470.7626953125,False,0.014210288040923785,0.9752622204630912,0.028012414592830916,0.01420516782160523,0.11392144297212844,0.014357956013403003,0.9142711527692106,0.030965444569601396,0.9795918367346939,5053,0.00252548727960088,0.0025328426717315606,346791,0.17332599627549353,68.63071442707303,0.171295588773939,0.17289036512374878,0.9999997615814209,
Splicing_95f98de306f0667efe492fcda3dcff3f,STFD,CAFTB-Net,Light,Splicing,1080,2340,961,2082,0.8896008544727063,2317.929599999843,0.0,1470.7626953125,False,0.185142785872417,0.3928024647022133,0.2516658543009467,0.14394608428832162,0.27235056234407823,0.18691930192198133,0.7077671914900967,0.2685995720062472,0.9795918367346939,105814,0.05288579279708837,0.0528656220322887,224497,0.11220350639393603,2.1216190674201902,0.09653517594834374,0.1115330383181572,0.9999995231628418,
Copy-move_9faf0bc95dec8d4f0f8b2ef82265674a,STFD,CAFTB-Net,Light,Copy-move,1080,2340,961,2082,0.8896008544727063,2320.883999999751,0.0,1470.7626953125,False,0.02230938514124355,0.8619537990537156,0.04349306772181008,0.022229958404065563,0.17540514114545927,0.03157180867729389,0.9340004234233739,0.05345493148040919,0.9795918367346939,7186,0.003591559784526405,0.003634457106679329,277641,0.13876485529302748,38.63637628722516,0.13615811670853364,0.13753211498260498,0.9999992251396179,
Insertion_a8c87284a29c71e2558d2e050965b216,STFD,CAFTB-Net,Light,Insertion,1080,2340,961,2082,0.8896008544727063,2416.4417000001777,0.0,1470.7626953125,False,0.02415375022269731,1.0,0.04716821125235384,0.02415375022269731,0.3041347583675702,0.032876225810410414,0.9592764701504082,0.05505026816485511,0.9795918367346939,5423,0.002710413124337141,0.002702991452991453,224520,0.11221500178428451,41.40143831827402,0.10980219797842916,0.11281000077724457,0.9999999403953552,
Removal_988b9a0f68c71d8cd21a14b15e303b64,STFD,CAFTB-Net,Light,Removal,1080,2340,961,2082,0.8896008544727063,2335.2042999999867,0.0,1470.7626953125,False,0.007225877971211399,0.2213708842410437,0.01399494008948121,0.007046779674424276,0.011701813143533928,0.010053318054544347,0.7607027464673006,0.02790302518768602,0.02040816326530612,9658,0.004827064347196774,0.004815210509654954,295881,0.14788119963894478,30.63584593083454,0.14752473954671286,0.14673921465873718,0.9999998211860657,
Replacement_a108e2a986bfb5ce9281d391e33bfb93,STFD,CAFTB-Net,Light,Replacement,1080,2340,961,2082,0.8896008544727063,2324.1590999996333,0.0,1470.7626953125,False,0.022651183941506524,0.9873575776494459,0.04428638435205086,0.022644616265750286,0.11089574260324034,0.025549982902263575,0.9417218320207843,0.062181374308896385,0.9795918367346939,6407,0.0032022159114195206,0.0032166033554922443,279279,0.13958352700567073,43.589667551115966,0.13686005029094037,0.13655607402324677,0.9999992847442627,
Splicing_968804cae8e22a480e7d2876434d395a,STFD,CAFTB-Net,Light,Splicing,1080,2340,961,2082,0.8896008544727063,2332.1114000000307,0.0,1470.7626953125,False,0.07438188240182839,0.6815966956016651,0.13412667166207343,0.07188412505019841,0.2805222207222801,0.10267197959046599,0.8118573732271133,0.18549427021240358,1.0,30989,0.01548828919603239,0.015536957898069009,283967,0.1419265874384372,9.163477362935236,0.13343652417767574,0.14337857067584991,0.9999997615814209,
Copy-move_a0df85c4eb2cd8b280058472d5d95e9e,STFD,CAFTB-Net,Light,Copy-move,1080,2340,961,2082,0.8896008544727063,2403.1764999999723,0.0,1470.7626953125,False,0.025065043406712707,0.44232320516267815,0.04744171626537079,0.024297208775058806,0.03881096884342493,0.029442940081173066,0.8498816289041526,0.059047672810409554,0.9795918367346939,14876,0.007435018557558419,0.007591801202912314,262517,0.13120588643953773,17.647015326700725,0.1288753961627976,0.12423165142536163,0.9998555183410645,
Insertion_aac38b07d21908f5cc7f74d909f3ca0e,STFD,CAFTB-Net,Dark,Insertion,1080,2340,961,2082,0.8896008544727063,2316.3184,0.0,1470.7626953125,False,0.10308569054820661,0.753344085001423,0.18135519674789322,0.09971996534100185,0.15763630985195784,0.1562825204771145,0.9761004772411014,0.28885491135997354,0.9795918367346939,10541,0.005268387376661959,0.005285691674580564,77033,0.038501061074509124,7.307940423109762,0.034715044911195064,0.04479820281267166,0.9997140765190125,
Removal_98ee806671374509d7d92cecb6725bd8,STFD,CAFTB-Net,Light,Removal,1080,2316,966,2071,0.8941983055272923,2332.0717999999943,0.0,1470.7626953125,False,0.0,0.0,0.0,0.0,0.013230491642589071,0.02575795510009069,0.40492848720115376,0.05047023501518726,0.0,51792,0.025888414694494512,0.025978698906160048,135321,0.06764068128038485,2.612778035217794,0.06943832955150724,0.06862836331129074,0.9999988079071045,
Replacement_a11ceb5a1719e1e85eb4bb7b78ac495c,STFD,CAFTB-Net,Light,Replacement,1080,2340,961,2082,0.8896008544727063,2324.474399999872,0.0,1470.7626953125,False,0.009510468404511486,0.7520103761348897,0.018783388461077438,0.009480734389001171,0.045992296209175304,0.012867433282927283,0.9126468901081004,0.02655926853162077,0.9795918367346939,3855,0.0019267273823196898,0.0019420702754036087,304822,0.1523499076870175,79.07185473411154,0.15119229503837608,0.14941713213920593,0.9999822378158569,
Splicing_99280622b129880972d978e13016a5cb,STFD,CAFTB-Net,Light,Splicing,1080,2340,961,2082,0.8896008544727063,2328.488599999673,0.0,1470.7626953125,False,0.02209428668731654,0.9625547548396213,0.043197037337662336,0.022075312722794737,0.30736208154012834,0.037947631142156095,0.9475774286971621,0.10227585826858433,1.0,7077,0.0035370816302662633,0.00353434631212409,308315,0.1540957076212439,43.56577645895153,0.15122597148553588,0.15368583798408508,0.9999998807907104,
Copy-move_aaaa127de422b4ec82139396e6a257b1,STFD,CAFTB-Net,Light,Copy-move,1080,2340,961,2082,0.8896008544727063,2332.842199999959,0.0,1470.7626953125,False,0.09276300973060286,0.959784661122494,0.16917526174720018,0.09240385396400543,0.16682875779424208,0.11925015636506957,0.9486924333799613,0.2190453162465494,0.9795918367346939,24891,0.012440511354946667,0.012589822728711618,257538,0.1287173843288841,10.346631312522598,0.11824824093797746,0.12850205600261688,0.9999974966049194,
Insertion_abd56a23bb328fe84464cc4d2be23c36,STFD,CAFTB-Net,Light,Insertion,1080,2340,961,2082,0.8896008544727063,2325.852599999962,0.0,1470.7626953125,False,0.03629498550459604,0.9946933962264151,0.07003450870501544,0.03628795904429519,0.31028305736548445,0.04124981374656672,0.9608264945969318,0.0782279861539191,0.9795918367346939,6784,0.0033906403532183594,0.00346232985121874,185921,0.09292323778164956,27.40580778301887,0.08985525707390805,0.09354322403669357,0.9999999403953552,
Removal_9a28c356b963222c6e57dee55c7c8a9a,STFD,CAFTB-Net,Light,Removal,1080,2340,961,2082,0.8896008544727063,2323.308800000177,0.0,1470.7626953125,False,0.0,0.0,0.0,0.0,0.0074670649200255365,0.012302575126372488,0.3552790513721312,0.025873385873385873,0.0,26223,0.013106244395997205,0.01302548274770497,110092,0.05502393540190384,4.198299202989742,0.055754669729598055,0.05382193624973297,0.9957507252693176,
Replacement_a301de8edeb1b31b6601190226ad0ba3,STFD,CAFTB-Net,Light,Replacement,1080,2340,961,2082,0.8896008544727063,2333.278500000233,0.0,1470.7626953125,False,0.035233625193277156,0.4735612395474668,0.06558745135441238,0.033905617186124316,0.22305078942804812,0.047517475014833555,0.9469608501409512,0.08014598540145985,0.9795918367346939,8132,0.004064370187554791,0.004080009496676164,109299,0.0546275943346718,13.440605017215937,0.052917944265733916,0.05731937661767006,0.9999997019767761,
Splicing_9b38afd7164a3ee56ddc5f69b515f1fa,STFD,CAFTB-Net,Light,Splicing,1080,2400,949,2108,0.8784104611578831,2329.4402999999875,0.0,1470.7626953125,False,0.03978726515096133,0.4439233278955954,0.07302918483730292,0.03789843845203071,0.046176286311345356,0.037842098143913594,0.8577916091193563,0.09013903667025305,0.24489795918367346,19616,0.009805587825394953,0.009919367283950617,218864,0.1094050863487582,11.15742251223491,0.1060924560648925,0.1088404431939125,0.9999852180480957,
Copy-move_ab7c220e22ddb0ccb02446e22000a444,STFD,CAFTB-Net,Dark,Copy-move,2340,1080,2082,961,0.8896008544727063,2328.6487999998826,0.0,1470.7626953125,False,0.08142916493560448,0.005957899536438939,0.011103400416377517,0.005582693649685973,0.10164266381809725,0.07723985754751744,0.6596470763303393,0.06367472709967159,0.0,65795,0.032884313390330475,0.03281220322886989,4814,0.002406035179892863,0.07316665400106391,0.0022852630507279818,0.0022133830934762955,0.0006735906354151666,
Insertion_afee3219de5ffbacd29a881c1cf0ff01,STFD,CAFTB-Net,Light,Insertion,1080,2340,961,2082,0.8896008544727063,2326.9311999997626,0.0,1470.7626953125,False,0.025538392152441088,0.9980904817861339,0.049802475831690354,0.025537144424859912,0.17679377909173924,0.04141558117849055,0.9542376168383362,0.07626596605288744,0.9795918367346939,6808,0.003402635543147198,0.0033796296296296296,266070,0.1329816743485862,39.08196239717979,0.13002797400593985,0.12652546167373657,0.9999989867210388,
Removal_9ea45e4fc647622c3cfc34bc65ae140f,STFD,CAFTB-Net,Light,Removal,1080,2400,949,2108,0.8784104611578831,2338.4009000001242,0.0,1470.7626953125,False,0.001507897718436896,0.4465460526315789,0.003005645964795749,0.0015050848585137079,0.006505089562433796,0.0011454851042058654,0.7540015894059572,0.003063328113548768,0.4897959183673469,1216,0.000607850468784679,0.0005914351851851852,360104,0.18000771810134708,296.1381578947368,0.17984560410868736,0.18248747289180756,0.9999989867210388,
Replacement_a9b5031cd1d277dc67139cf222c50931,STFD,CAFTB-Net,Light,Replacement,1080,2340,961,2082,0.8896008544727063,2336.6295000005266,0.0,1470.7626953125,False,0.013328597146985928,0.6734652253722211,0.02613985853444215,0.013243014530418427,0.011073514743782167,0.00948233097294586,0.8818883565376545,0.027355522193163333,0.3877551020408163,4903,0.002450517342545639,0.0024473725862614753,247738,0.12381934844127505,50.527840097899244,0.12246912293658146,0.13969853520393372,0.9999990463256836,
Splicing_9e8f0fc7fb7d7d0441e29d93c98e67f1,STFD,CAFTB-Net,Light,Splicing,1080,2340,961,2082,0.8896008544727063,2322.9640999998082,0.0,1470.7626953125,False,0.08222022673700752,0.9876721564095156,0.15180335876958603,0.08213593477181348,0.3597920370941167,0.14672160077051266,0.982204081334867,0.21719288237488207,0.9795918367346939,10383,0.005189419042963771,0.005220797720797721,124726,0.062338002461013134,12.012520466146587,0.057511006476525794,0.060854434967041016,0.9999987483024597,
Copy-move_ae4873eb5046025164358e5c1be674b5,STFD,CAFTB-Net,Light,Copy-move,750,1334,750,1334,1.0,980.5678000002445,0.0,1470.7626953125,False,0.007276093452475167,0.2359253499222395,0.014116815015749972,0.007108582781953478,0.025080352788152453,0.011550201204143705,0.7497120679126442,0.024079909013129185,0.02040816326530612,6430,0.0064267866066966516,0.0064267866066966516,208491,0.20838680659670164,32.424727838258164,0.2082086774573219,0.2076992392539978,0.9999990463256836,
Insertion_b0030132416c564f4cf9159bac19731b,STFD,CAFTB-Net,Light,Insertion,1536,2048,1225,1633,0.7973599423122324,2331.3710000002175,0.0,1470.7626953125,False,0.010499223430219659,0.9977509136913129,0.020779783478052125,0.010498974952149642,0.40836301707387335,0.02874281420003877,0.9649104650961842,0.043154265376487595,1.0,3557,0.0017781221490433283,0.001774152119954427,338025,0.16897659247409924,95.03092493674444,0.16750030547837913,0.1685456484556198,0.9999996423721313,
Removal_ab8c0691ed31a07587c08033070b3d20,STFD,CAFTB-Net,Light,Removal,1080,2400,949,2108,0.8784104611578831,2324.458699999923,0.0,1470.7626953125,False,0.0029125811923379256,0.015520282186948854,0.0049047270700526,0.0024583924069198158,0.006978892786958059,0.010867417939622943,0.42783820606157447,0.0224202391096753,0.0,22680,0.011337211046082664,0.01130324074074074,120855,0.06041263849093123,5.328703703703703,0.060927428896174154,0.0618368536233902,0.9999914765357971,
Replacement_ad2b11795282bb8fdd133c7d5c7ba59b,STFD,CAFTB-Net,Light,Replacement,1080,2376,953,2098,0.8828357307829559,2327.3951999999554,0.0,1470.7626953125,False,0.087755552863546,1.0,0.16135160630994183,0.087755552863546,0.3433569366019681,0.2022845231383923,0.9862461180558499,0.2542416596579759,0.9795918367346939,12315,0.006159366287985259,0.00620596396059359,140333,0.0701877668933687,11.39529029638652,0.06442521912817759,0.0770823135972023,0.9999918937683105,
Splicing_a86ad09670abbc59a70781cbb1746e95,STFD,CAFTB-Net,Dark,Splicing,2340,1080,2082,961,0.8896008544727063,2337.5183000007382,0.0,1470.7626953125,False,0.0,0.0,0.0,0.0,0.06131486898000501,0.05743453500389209,0.7454051618706672,0.04595821980018165,0.0,47058,0.023519568652970158,0.023345204178537513,8135,0.004065869586295895,0.17287177525606698,0.004163800375074729,0.007339171599596739,0.28288328647613525,
Copy-move_aea96b366016af7b89b999d17ad2e2fe,STFD,CAFTB-Net,Light,Copy-move,1080,2340,961,2082,0.8896008544727063,2336.2682000006316,0.0,1470.7626953125,False,0.052129287836499505,0.15146305915766659,0.0775634401194167,0.040346423771838134,0.08325994113589451,0.04398544142725663,0.7490418120509355,0.08740545671678354,0.02040816326530612,26759,0.0133741369710746,0.013341247230136119,77749,0.038858917574052805,2.905527112373407,0.03733252011227719,0.04189428687095642,0.9999978542327881,
Insertion_b1522d224a5215b235fda8abca320cf5,STFD,CAFTB-Net,Light,Insertion,1080,2316,966,2071,0.8941983055272923,2326.1078000005,0.0,1470.7626953125,False,0.03980099502487562,0.999630314232902,0.07655394023470125,0.03980040919059745,0.40795262174214403,0.1195743978762161,0.9810781843827181,0.283268877195207,1.0,8115,0.004056311500730286,0.004074313951256956,203814,0.10187714999505144,25.115711645101662,0.09822075202098299,0.10167121142148972,0.9999983906745911,
Removal_ac0f9a1c5c23ca96f262dca62f6991be,STFD,CAFTB-Net,Light,Removal,1080,2400,949,2108,0.8784104611578831,2329.7155000000203,0.0,1470.7626953125,False,0.00018657162676106873,0.018589132507149667,0.00036943537959485256,0.0001847518167261978,0.0024645785609630285,0.000927478999939161,0.4155889556577992,0.0020952866038480168,0.0,2098,0.0010487420094656714,0.0010516975308641975,209035,0.10449179501842547,99.6353670162059,0.10458197932940151,0.1067013293504715,0.9999996423721313,
Replacement_af7552889eca0c883b8dc542f4b8d7f3,STFD,CAFTB-Net,Light,Replacement,1080,2340,961,2082,0.8896008544727063,2331.042300000263,0.0,1470.7626953125,False,0.04250779498544077,0.9161390647561923,0.08124587515637467,0.04234303609014836,0.1928881201660335,0.06432729281640637,0.9517571795650563,0.0991360212671688,0.9795918367346939,9003,0.004499695622055556,0.004465416270971826,194035,0.09697861157675772,21.552260357658557,0.0932759781483975,0.10156812518835068,0.9999984502792358,
Splicing_aa40dac7cbb3fde39c739fced1fdf2be,STFD,CAFTB-Net,Light,Splicing,1080,2340,961,2082,0.8896008544727063,2343.462499999987,0.0,1470.7626953125,False,0.0400917868121401,0.985805535841022,0.07705002149523636,0.04006865615669758,0.15891498184966246,0.04942621521940622,0.9561721603205887,0.09008446231731282,0.9795918367346939,8454,0.004225305652433374,0.00427548274770497,207873,0.10389483816989387,24.588715400993614,0.10015268416963302,0.11971824616193771,0.9999982714653015,
Copy-move_b06d9b8f013c9f774a828d5f4c54fc54,STFD,CAFTB-Net,Light,Copy-move,1080,2340,961,2082,0.8896008544727063,2339.1687000003003,0.0,1470.7626953125,False,0.020251158087481725,0.5071868583162218,0.038947216272683084,0.019860361024376515,0.13135165354887507,0.03048568084318603,0.9212546656588496,0.05846899645467043,0.14285714285714285,8766,0.004381243121508276,0.004406853434631213,219543,0.10972749927279161,25.04483230663929,0.1079784702686096,0.11227568984031677,0.9999986886978149,
Insertion_b4f1632aacb5f9c251e037c5ed83bc54,STFD,CAFTB-Net,Light,Insertion,1080,2340,961,2082,0.8896008544727063,2327.303399999437,0.0,1470.7626953125,False,0.02913582942749967,0.9506361323155216,0.05653881368372466,0.029091815201563606,0.20964019738467526,0.04867281547032527,0.9519570723480106,0.07671240774907749,0.9795918367346939,7860,0.003928424701694621,0.003805792972459639,256454,0.1281756015837649,32.62773536895674,0.1249318846208269,0.12093318998813629,0.9999995231628418,
Removal_aec65228ed0d4ad705cf989815420578,STFD,CAFTB-Net,Light,Removal,1668,2224,1225,1633,0.7342595152227752,2322.016999999505,0.0,1470.7626953125,False,0.0,0.0,0.0,0.0,0.007346374650965156,0.007966274384374,0.4621745431253319,0.017422165664686493,0.0,17579,0.008787632628066536,0.008827290685437262,221022,0.11048752140170214,12.57307014050856,0.11146705291283338,0.11124520003795624,0.9999998211860657,
Replacement_b452934bfc995690cf7c9512cc823170,STFD,CAFTB-Net,Light,Replacement,1080,2400,949,2108,0.8784104611578831,2342.649000000165,0.0,1470.7626953125,False,0.011927761939542446,0.9629101283880172,0.023563636363636366,0.011922284368560495,0.3854729772918239,0.04347260854770703,0.9829921829898938,0.16605839416058393,1.0,2103,0.0010512413946169243,0.001027391975308642,169772,0.0848651231796978,80.7284831193533,0.08394111456778434,0.08509355038404465,0.9999974966049194,
Splicing_b185581959d3674e3f14299cc6085d8f,STFD,CAFTB-Net,Light,Splicing,1080,2340,961,2082,0.8896008544727063,2326.9661000003907,0.0,1470.7626953125,False,0.14560399983051567,0.5125589165324265,0.2267846654391627,0.12789459972458966,0.19692639836065937,0.112579271270728,0.8065705409241013,0.22658242448320495,0.36734693877551017,67044,0.03350856306621045,0.033568376068376066,236010,0.11795769896271595,3.520225523536782,0.10427675024486001,0.11811044067144394,0.9999998807907104,
Copy-move_b2b3a5a6b799cb5441322263e2c1438f,STFD,CAFTB-Net,Light,Copy-move,750,1334,750,1334,1.0,971.3441999992938,0.0,1470.7626953125,False,0.06149674539148933,0.693295051511569,0.11297258247617738,0.05986801327159368,0.22632502650779385,0.07032585496040025,0.8395181231151141,0.12845356694046298,0.9795918367346939,11842,0.01183608195902049,0.01183608195902049,133503,0.13343628185907047,11.273686877216686,0.1267303759237269,0.13457103073596954,0.9999998807907104,
Insertion_ba5b5cb27bf8501353fdda66966917d9,STFD,CAFTB-Net,Light,Insertion,1080,2340,961,2082,0.8896008544727063,2290.1125000007596,0.0,1470.7626953125,False,0.030912911041187055,0.9983766233766234,0.0599689916433454,0.030911357285027845,0.18515511693679,0.029474252846086336,0.9517096405572477,0.06649690472343105,0.9795918367346939,6160,0.0030787654150685574,0.00302548274770497,198946,0.0994331273159463,32.29642857142857,0.09665694395284968,0.10035964846611023,0.9999998807907104,
Removal_aff944694a9c69eb103a87dfc205f198,STFD,CAFTB-Net,Light,Removal,1080,2340,961,2082,0.8896008544727063,2284.938499999953,0.0,1470.7626953125,False,0.0,0.0,0.0,0.0,0.005460933982447517,0.006703380443445106,0.46398068311426166,0.014086394301918517,0.0,14192,0.007093155644586521,0.007150601456157012,69979,0.034975474834591326,4.930876550169109,0.03522533360850897,0.03659752011299133,0.9999309182167053,
Replacement_b486ea6faa14d49d2db2126f068b0beb,STFD,CAFTB-Net,Light,Replacement,1080,2340,961,2082,0.8896008544727063,2295.8416999999827,0.0,1470.7626953125,False,0.03691239702520344,0.9934131736526947,0.07117995033707503,0.036903365012985134,0.31308139613300434,0.06886116125293869,0.9746380910276741,0.11127502634351949,1.0,6680,0.003338661196860059,0.0033277936055713833,179777,0.08985246915986689,26.912724550898204,0.0868256806755053,0.09105025231838226,0.9999991655349731,
Splicing_b3fa88b282fab8fb9b72149e08b4acd9,STFD,CAFTB-Net,Light,Splicing,1080,2340,961,2082,0.8896008544727063,2291.6589999995267,0.0,1470.7626953125,False,0.210576166988348,0.47010712362105767,0.29086465771008574,0.17018234338328217,0.3023509475931511,0.20307876319472762,0.892985599187497,0.30477843940524596,0.14285714285714285,50129,0.025054453164281124,0.024946976891421335,111912,0.05593357063817409,2.2324802010812106,0.04529001016572229,0.05750470981001854,0.9999998807907104,
Copy-move_b60ccb8254ba8e22eefed7739e76248c,STFD,CAFTB-Net,Light,Copy-move,1080,2340,961,2082,0.8896008544727063,2294.0795999993497,0.0,1470.7626953125,False,0.025886739495335848,0.5513553113553114,0.0494516686488511,0.02535270100925714,0.027032541533500175,0.023984500574812904,0.9119769855050349,0.05969271003595946,0.9795918367346939,6825,0.0034111321360134586,0.0034583729028173473,145364,0.07265286620065353,21.29875457875458,0.07101435974437018,0.0770147442817688,0.9996533989906311,
Insertion_ba80fdaa9a740c4f4d93173cd8390a2a,STFD,CAFTB-Net,Light,Insertion,1125,2436,961,2081,0.8542797160427661,2307.124799999656,0.0,1470.7626953125,False,0.04939941977843001,0.994025774515661,0.09412135488850008,0.04938475759194715,0.11964120971530369,0.043674424643615754,0.9407469640626872,0.10403703614862433,0.9387755102040816,11717,0.005858965787780128,0.005832877212187557,235772,0.11789537268212823,20.122215584193906,0.11273190203427955,0.11782176792621613,0.9999997615814209,
Removal_b50c1027d11c15b5df0f05052c1a9418,STFD,CAFTB-Net,Light,Removal,1080,2400,949,2108,0.8784104611578831,2299.41559999952,0.0,1470.7626953125,False,0.001021802028545922,0.09906152241918666,0.0020227398543627307,0.0010123938318573698,0.008489036364373488,0.0010439652122575152,0.5594255814666973,0.002474546587260442,0.02040816326530612,1918,0.0009587641440205709,0.0009733796296296296,185946,0.09295013426697032,96.94786235662148,0.09294426926398522,0.09142538160085678,0.9999996423721313,
Replacement_b57798698d3a21147e62bcefa713a3f7,STFD,CAFTB-Net,Light,Replacement,1080,2400,949,2108,0.8784104611578831,2377.507900000637,0.0,1470.7626953125,False,0.006517948281728479,0.943076923076923,0.012946419142959725,0.006515385024180262,0.3474553183350874,0.07987797037995453,0.980645598321722,0.0989668297988037,1.0,1300,0.0006498401393257259,0.0006489197530864198,188096,0.09402486988200903,144.68923076923076,0.09347276299625049,0.08976218104362488,0.9998552203178406,
Splicing_b5b092481a8eac27180e646a8cd60d71,STFD,CAFTB-Net,Light,Splicing,1080,2340,961,2082,0.8896008544727063,2347.564599999714,0.0,1470.7626953125,False,0.11298488827657467,0.5314607424208672,0.18635251678507644,0.10275013116371581,0.1769175789595204,0.10529800935804903,0.8186224170893522,0.20156110885406311,0.8979591836734693,49379,0.02467960347900492,0.024719056663501108,232270,0.11608844853213861,4.703821462565058,0.10557782705236128,0.11417136341333389,0.9999995231628418,
Copy-move_b7a5b642d3f8075dde4c59690fc8d222,STFD,CAFTB-Net,Light,Copy-move,1080,2340,961,2082,0.8896008544727063,2323.1585999992603,0.0,1470.7626953125,False,0.0491283676703645,0.7991763975856039,0.09256633583147661,0.048529255601571626,0.14504873437999727,0.054743422950997475,0.9167859495438886,0.10493994036402958,0.7755102040816326,17727,0.008859947161188363,0.008908277936055713,288367,0.1441257055920576,16.267106673436,0.13827011081275292,0.14109045267105103,0.9999995231628418,
Insertion_bad5f858b8b69c333e2ed09b3cc5ebba,STFD,CAFTB-Net,Light,Insertion,1080,2340,961,2082,0.8896008544727063,2386.711600000126,0.0,1470.7626953125,False,0.04913342808099079,0.9998747965443846,0.09366423494640051,0.04913312579212246,0.3573392151017686,0.06370415482497947,0.9705122964252836,0.10370533916905854,0.9795918367346939,7987,0.003991899248401391,0.003982668566001899,162537,0.08123592439431788,20.350194065356202,0.07755411315149675,0.08170346915721893,0.9999998807907104,
Removal_b62c7d5352e00748ab52fa9eb8f601a6,STFD,CAFTB-Net,Light,Removal,1080,2340,961,2082,0.8896008544727063,2511.7614000000685,0.0,1470.7626953125,False,0.0,0.0,0.0,0.0,0.004304193398943248,0.00405426047568128,0.4967194890533729,0.008964031425856176,0.0,9008,0.004502194619957397,0.004529123140234252,272111,0.13600096361359096,30.207704262877442,0.13661603559404237,0.13719123601913452,0.9999918937683105,
Replacement_b652d59da55c772a493036b4183291a0,STFD,CAFTB-Net,Light,Replacement,1080,2340,961,2082,0.8896008544727063,2483.3524000005127,0.0,1470.7626953125,False,0.022707045195785713,0.9859997083272568,0.044391771665692734,0.02269972636774161,0.2318769802401228,0.031245824056383754,0.9401455077845522,0.050174166432731426,0.9795918367346939,6857,0.0034271257225852434,0.0034587685976574865,297749,0.14881482525507272,43.422633804870934,0.14593582069716066,0.15022453665733337,0.9999996423721313,
Splicing_b6c40352ad022bd7f34a54d3503ff744,STFD,CAFTB-Net,Dark,Splicing,1080,2340,961,2082,0.8896008544727063,2577.727799999593,0.0,1470.7626953125,False,0.1413048516090492,0.35477030888380334,0.20210955856897683,0.11241483569383048,0.12038062156662985,0.07879177425787406,0.6575052140220624,0.20347420585831777,0.5918367346938775,77343,0.03865599894442329,0.03840218423551757,194183,0.09705258191465223,2.5106732348111658,0.08668965649904677,0.10076449811458588,0.9999979138374329,
Copy-move_b926665e5a16c0ade6dee2b7f5acdf53,STFD,CAFTB-Net,Light,Copy-move,1080,2340,961,2082,0.8896008544727063,2552.0814000001337,0.0,1470.7626953125,False,0.11532662469351086,0.7022468614337675,0.1981173841984401,0.10995021676831508,0.1983107787370209,0.10939807153834066,0.8968769505507046,0.2066645741296842,0.836734693877551,34092,0.01703916729391514,0.01743827160493827,207593,0.10375489428739075,6.089199812272674,0.09338031534898383,0.10409676283597946,0.9999996423721313,
Insertion_bde3d4d15bd81f20b8ecef3117ec9359,STFD,CAFTB-Net,Light,Insertion,1080,2340,961,2082,0.8896008544727063,2397.414399999434,0.0,1470.7626953125,False,0.07585355038956103,1.0,0.1410109217227472,0.07585355038956103,0.5185432539227222,0.15893343091827736,0.9868540213235979,0.3101158703293842,1.0,9580,0.004788079979928049,0.004761791706236151,126296,0.06312268780219132,13.183298538622129,0.05861526238661485,0.06283118575811386,0.9999998807907104,
Removal_b7fa37d5c36d97bf276151559d2fc9e5,STFD,CAFTB-Net,Light,Removal,1080,2340,961,2082,0.8896008544727063,2434.226299999864,0.0,1470.7626953125,False,0.0,0.0,0.0,0.0,0.02258479689297906,0.03257504911910809,0.4177052058655312,0.06735840381427805,0.0,69734,0.034853023937401105,0.03469571066793289,145951,0.07294624855432971,2.092967562451602,0.07558045599637092,0.07199984043836594,0.9999995231628418,
Replacement_b7245a45c039ee7d8a90849308ee1b49,STFD,CAFTB-Net,Light,Replacement,1080,2340,961,2082,0.8896008544727063,2422.773700000107,0.0,1470.7626953125,False,0.01953257762050421,0.6762415642844782,0.03796847295426393,0.01935161205662872,0.01714526289386409,0.01716464102572254,0.9041373295480062,0.05065786979107421,0.7551020408163265,5779,0.0028883417749482458,0.0029028173472617916,200076,0.09999790084176245,34.621214743035125,0.09832869094742266,0.09887535125017166,0.9999798536300659,
Splicing_bb14487f4715db993132e45418ae0bff,STFD,CAFTB-Net,Light,Splicing,1080,2340,961,2082,0.8896008544727063,2471.330499999567,0.0,1470.7626953125,False,0.08570795105419302,0.6260990282276724,0.15077588848750498,0.08153467583990358,0.12798611060757822,0.06284753732651963,0.8759543960430445,0.16337515506088687,0.14285714285714285,25932,0.012960802718110037,0.012917458056346946,189434,0.0946790337074833,7.305028536171526,0.08770096259500626,0.09527785331010818,0.9999999403953552,
Copy-move_ba8610e08ca4e2f32f627d7024527f71,STFD,CAFTB-Net,Light,Copy-move,1080,2340,961,2082,0.8896008544727063,2526.224799999909,0.0,1470.7626953125,False,0.10228669285786239,0.8495364947625581,0.1825891187386713,0.10046661468866629,0.2116936664315243,0.12919253784947687,0.931584322913515,0.20105418511490616,0.9795918367346939,29881,0.014934511260984345,0.015080326052548275,248175,0.12403776085789599,8.305444931561862,0.11303852361408702,0.1253196746110916,0.9999975562095642,
Insertion_c08b2c7b8084c0ab900b58632f872eec,STFD,CAFTB-Net,Light,Insertion,1080,2340,961,2082,0.8896008544727063,2352.99810000015,0.0,1470.7626953125,False,0.014240291941792299,0.9971537001897534,0.028079581077229982,0.014239713128265809,0.22835133089348497,0.015319534181545993,0.9508616752207831,0.03246648612403383,0.9795918367346939,3162,0.0015803662731244772,0.0015673472617917063,221414,0.11066262428766065,70.02340290955091,0.10925942612282494,0.11059820652008057,1.0,
Removal_bc77377ef32628e55de94b1a3d5cebf3,STFD,CAFTB-Net,Light,Removal,750,1334,750,1334,1.0,966.1243000000468,0.0,1470.7626953125,False,0.009031657355679701,0.1442915582000744,0.016999277092597864,0.008572501712290934,0.01161992670830542,0.00871997513599396,0.5757220031405906,0.0404388040438804,0.9795918367346939,2689,0.002687656171914043,0.002687656171914043,42960,0.042938530734632684,15.976199330606173,0.04266539454866703,0.051966696977615356,0.9916032552719116,
Replacement_ba7f00ca31a91067da0b2469669b0fea,STFD,CAFTB-Net,Light,Replacement,1080,2400,949,2108,0.8784104611578831,2312.6453000004403,0.0,1470.7626953125,False,0.22748218984660803,0.9996051666760675,0.3706213271430663,0.2274617517198891,0.6381477533355321,0.4484477497673377,0.9942144088665721,0.4982392623286993,0.9795918367346939,17729,0.008862319869312149,0.008855324074074074,77905,0.03894292004166975,4.39421287156636,0.030353098176635333,0.03892720863223076,0.9999984502792358,
Splicing_bf8d3b3cd3d67a2d817c91de69985377,STFD,CAFTB-Net,Light,Splicing,1080,2340,961,2082,0.8896008544727063,2303.1621000000086,0.0,1470.7626953125,False,0.4618578856152513,0.34518079467796836,0.3950850829777708,0.2461719800765604,0.46716464793409396,0.41982958356360267,0.8142356660646345,0.45960464064352863,0.02040816326530612,193009,0.09646581720729987,0.09672127255460589,144250,0.07209608946812328,0.7473744747654254,0.04294020388396238,0.07343684881925583,0.9999887347221375,
Copy-move_bab847dd37d0ce3f0e2c41bd2e98ca17,STFD,CAFTB-Net,Light,Copy-move,1080,2340,961,2082,0.8896008544727063,2606.254799999988,0.0,1470.7626953125,False,0.06248468835366544,0.9943408090547056,0.11758057640258954,0.06246247511507631,0.19948936274929333,0.08710518885270879,0.9343571778936149,0.14647944101048105,0.9795918367346939,23855,0.011922718989685136,0.011944048749604304,379613,0.18973041810234095,15.913351498637603,0.18002151802754449,0.18568427860736847,0.9999995231628418,
Insertion_c1ca4eea546d0355245ba32dd5328f1d,STFD,CAFTB-Net,Light,Insertion,1080,2340,961,2082,0.8896008544727063,2378.241400000661,0.0,1470.7626953125,False,0.06238484939371867,0.8783430524834104,0.11649553273769835,0.061850414884880064,0.0914336355166383,0.05386270771686352,0.9592814274370971,0.13151300295845592,0.6530612244897959,9946,0.004971006626342836,0.0049382716049382715,140034,0.06998893443729065,14.079428916147195,0.06595052580397577,0.06605876237154007,0.9999964833259583,
Removal_bd7c8e3ce7d4e68ea8eca98c6396451f,STFD,CAFTB-Net,Light,Removal,1080,2340,961,2082,0.8896008544727063,2293.0907999998453,0.0,1470.7626953125,False,0.00021384084894817033,0.009107171897869573,0.0004178699081432399,0.0002089786170093667,0.004129212159653202,0.0035724849348822314,0.6010349739715257,0.006127703167640864,0.0,6149,0.0030732676196845066,0.003072570433681545,261877,0.13088601470810204,42.58855098389982,0.13126142742622401,0.13272520899772644,0.9999997019767761,
Replacement_baa84f33e7085b48a1c6afe80ff600de,STFD,CAFTB-Net,Light,Replacement,1080,2340,961,2082,0.8896008544727063,2285.2333000000726,0.0,1470.7626953125,False,0.021389017155627306,0.5996047430830039,0.04130462158418335,0.021087823068021087,0.06406445073326661,0.020536190401413305,0.8529265623242244,0.08285794444963995,1.0,10120,0.005057971753326916,0.0050605413105413105,283697,0.14179164155173776,28.033300395256916,0.13946426400600398,0.14182792603969574,0.9999906420707703,
Splicing_c04c04c601ac517b6e6fff9bc5035ec5,STFD,CAFTB-Net,Light,Splicing,1080,2340,961,2082,0.8896008544727063,2286.3618999999744,0.0,1470.7626953125,False,0.030441732450995903,0.9879603399433428,0.059063556832796155,0.030430443531894703,0.17285033156954047,0.06400876638353496,0.9567765780088135,0.10942221220718829,0.9795918367346939,11296,0.005645736059840004,0.005728869895536563,366602,0.18322752576216936,32.454143059490086,0.17865842073358915,0.17135563492774963,0.9999986886978149,
Copy-move_c35a87cf67011ba24f5b32e1418fb58a,STFD,CAFTB-Net,Light,Copy-move,1080,2340,961,2082,0.8896008544727063,2282.469400000082,0.0,1470.7626953125,False,0.20795850792627538,0.8202095693042607,0.3317931416015396,0.198892085793289,0.17938270468327522,0.1624353745631517,0.9328916857537125,0.3301928601992787,0.4897959183673469,51916,0.025947595014399225,0.026025641025641026,204762,0.10233996167536817,3.9441020109407505,0.08321677101687835,0.10164608061313629,0.9999967217445374,
Insertion_c207987cd82c9701779701e6167e31de,STFD,CAFTB-Net,Light,Insertion,1080,2340,961,2082,0.8896008544727063,2287.434800000483,0.0,1470.7626953125,False,0.09660515246363675,0.9534526139222812,0.175434986689986,0.09615167747392163,0.35479034796630865,0.14977267502390676,0.9875660781476748,0.18307905686546463,0.9795918367346939,7154,0.0035755661979546202,0.003607154162709718,70607,0.035289348971062603,9.869583449818283,0.0319946148969126,0.03515229374170303,0.9999942183494568,
Removal_bd84cf600931889cf97ddac12987714f,STFD,CAFTB-Net,Light,Removal,1080,2400,949,2108,0.8784104611578831,2288.3232000003773,0.0,1470.7626953125,False,0.0,0.0,0.0,0.0,0.0006745124689542986,0.0006599023443525539,0.5053836694355103,0.0017141534534004634,0.02040816326530612,1375,0.0006873309165945177,0.0007056327160493827,322517,0.16121884016531934,234.5578181818182,0.16132972707450338,0.1636793464422226,0.999998927116394,
Replacement_c0b1bcd0a1bdf39effe9ee3fe346fdf5,STFD,CAFTB-Net,Light,Replacement,1080,2340,961,2082,0.8896008544727063,2290.144099999452,0.0,1470.7626953125,False,0.030845781106083055,0.9016681299385426,0.05965092303075478,0.030742366793055278,0.2303665308800222,0.041461344789564654,0.9483143882171045,0.25810761569294305,1.0,6834,0.003415630332236773,0.00339585311807534,199768,0.09984396257100903,29.23148961076968,0.09709584105662679,0.0991639643907547,0.9999997019767761,
Splicing_c0a4ef6a306b51d455fb12c84daf8a30,STFD,CAFTB-Net,Light,Splicing,1080,2340,961,2082,0.8896008544727063,2284.289700000045,0.0,1470.7626953125,False,0.03607622420609185,0.7190064066539283,0.06870515959960477,0.035574661187082565,0.08429650503470473,0.03239679338041667,0.8707559429691552,0.06911641990644223,0.5102040816326531,17794,0.008893433733073037,0.008925292814181703,354638,0.17724792358264335,19.930201191412834,0.17238659652406849,0.17593467235565186,0.9999995231628418,
Copy-move_c3d7ccf0693420fab6a060905d56edee,STFD,CAFTB-Net,Light,Copy-move,1170,2532,961,2080,0.8216563506305302,2296.797800000604,0.0,1470.7626953125,False,0.04546186885258786,0.9107297488782178,0.08660079347256532,0.04526018050866355,0.20262748764578797,0.04905550995844837,0.9367178720102479,0.09738443678322663,0.9795918367346939,12703,0.00635505883294645,0.006313039251427877,254477,0.12730979348435123,20.032826891285524,0.12229927141438049,0.128250390291214,0.9999999403953552,
Insertion_c2b853f18928c6ad0d553627846c37c9,STFD,CAFTB-Net,Light,Insertion,1080,2340,961,2082,0.8896008544727063,2280.300499999612,0.0,1470.7626953125,False,0.0414167223554385,0.9867016295186365,0.07949658200914482,0.04139361651973033,0.24172137186014006,0.051837112720425044,0.9753419588601964,0.09205904300820851,0.9795918367346939,5339,0.002668429959586206,0.002679249762583096,127195,0.0635720076249424,23.82374976587376,0.06110211013684543,0.06464234739542007,0.9999993443489075,
Removal_be53607c1df0967e16d8fed5bd26dd85,STFD,CAFTB-Net,Light,Removal,1080,2400,949,2108,0.8784104611578831,2285.4354000000967,0.0,1470.7626953125,False,0.0003348584948385131,0.07130333138515488,0.000666586530581023,0.000333404386727226,0.004871320015036543,0.0013334999251301046,0.6894756908690025,0.002945796527876946,0.02040816326530612,1711,0.0008552895987587053,0.0008244598765432099,364333,0.18212169806227668,212.93571011104618,0.1822165609939258,0.1850024163722992,0.9999989867210388,
Replacement_c167dbbc7ef5f3f4610de852010c49c6,STFD,CAFTB-Net,Light,Replacement,1080,2340,961,2082,0.8896008544727063,2282.351299999391,0.0,1470.7626953125,False,0.026675297897336307,0.9967747715463179,0.05196006089872318,0.026672995689551837,0.1865779478756759,0.04428249233559682,0.9683180584536404,0.06697781158542089,0.9795918367346939,5581,0.002789381458035328,0.0028280310224754667,208545,0.10423070348790135,37.36695932628561,0.1017340936166971,0.10530077666044235,0.9999982714653015,
Splicing_c0bdf24a33c207544646ea023043def1,STFD,CAFTB-Net,Light,Splicing,1080,2340,961,2082,0.8896008544727063,2285.98299999976,0.0,1470.7626953125,False,0.01840894958164277,0.9887566137566137,0.03614494242799722,0.018405096796035827,0.24066016933670525,0.03250609874221754,0.9746139480473388,0.07144332025603964,1.0,3024,0.0015113939310336555,0.0015052231718898385,162421,0.08117794764299516,53.710648148148145,0.07980416242445357,0.08466895669698715,0.9999983310699463,
Copy-move_c6602e9f320e0fcb4cd11e56026cf541,STFD,CAFTB-Net,Light,Copy-move,1080,2340,961,2082,0.8896008544727063,2285.032200000387,0.0,1470.7626953125,False,0.020882544070471496,0.6434644417957887,0.04045227825053138,0.020643681091071314,0.10467032483177585,0.028382097533752246,0.8412225702218062,0.045419154845929045,0.9795918367346939,12585,0.006289977718934707,0.0063940329218107,387788,0.19381627967185158,30.813508144616605,0.19097010034618958,0.19257552921772003,0.999998152256012,
Insertion_c32e5a05a854c917dca90c42ba663070,STFD,CAFTB-Net,Light,Insertion,1536,2048,1225,1633,0.7973599423122324,2294.201900000189,0.0,1470.7626953125,False,0.0157266303946429,0.9728906487968322,0.03095291164755933,0.015719741711945824,0.18466468329441565,0.021700697847587835,0.9605574223469696,0.06159370252727524,1.0,3283,0.0016411512553582363,0.0016282399495442708,203095,0.10152592574078008,61.86262564727384,0.10009353365959957,0.10342057049274445,0.9999991059303284,
Removal_be8d1448368f76aee2142bf489699ee0,STFD,CAFTB-Net,Light,Removal,1080,2340,961,2082,0.8896008544727063,2284.398300000248,0.0,1470.7626953125,False,0.008157417078801852,0.5665900062722141,0.01608327695284217,0.008106830677922498,0.006609491277815934,0.0065635896179070145,0.8294771004071226,0.018255704907783683,0.22448979591836732,4783,0.0023905413929014466,0.0024216524216524216,332213,0.16603991799288487,69.45703533347272,0.16508009192297268,0.16718228161334991,0.9999996423721313,
Replacement_c1fefaf01475feaed512eb93a5a973d6,STFD,CAFTB-Net,Light,Replacement,828,1792,828,1792,1.0,1723.8333000004786,0.0,1470.7626953125,False,0.023803140183493436,0.9727418492784607,0.04646917268276492,0.023787273808512446,0.21869673841384477,0.026026682502933208,0.9488804663166163,0.045764144377050814,0.4897959183673469,3742,0.0025219440131124915,0.0025219440131124915,152921,0.10306205249309869,40.86611437733832,0.10086322341243512,0.10499527305364609,0.9999995827674866,
Splicing_c1837cff57c5cafb289c9c12f0d9c2dd,STFD,CAFTB-Net,Light,Splicing,1080,2340,961,2082,0.8896008544727063,2290.258800000629,0.0,1470.7626953125,False,0.09264528266827705,0.25341889165965154,0.13568619113426175,0.07278076817808594,0.10099756928075428,0.09440875809820141,0.8256097245919765,0.19228506364511017,0.02040816326530612,62959,0.031466881780406054,0.03140550807217474,172216,0.08607348453270239,2.7353674613637446,0.08063656343676964,0.08427002280950546,0.9999980926513672,
Copy-move_c7fb01437b8ceb4c46cb600fc3fc6e96,STFD,CAFTB-Net,Dark,Copy-move,1668,2224,1225,1633,0.7342595152227752,2293.5127999999168,0.0,1470.7626953125,False,0.028504570915880597,0.9098297213622291,0.05527732712609626,0.028424272466781926,0.2452421936072321,0.040302033832444795,0.9825769261183701,0.11208406304728546,1.0,2584,0.00129172550832948,0.0013136073874713179,82478,0.04123023857430296,31.9187306501548,0.040106795285510706,0.04159577190876007,0.9999958276748657,
Insertion_c571142807bcbc5d0f04eb10796b00ec,STFD,CAFTB-Net,Light,Insertion,1080,2340,961,2082,0.8896008544727063,2285.4606000000786,0.0,1470.7626953125,False,0.017461846816305655,0.998639455782313,0.0343235249418394,0.01746143140916606,0.22487036236026925,0.034243107498727936,0.96076458047097,0.04115177546522093,0.9795918367346939,4410,0.002204116149424081,0.0022158911047799935,252207,0.12605295276594086,57.189795918367345,0.12412542226176021,0.12418189644813538,0.9999991655349731,
Removal_c0d8681804f5cd8e574aaa2c54bd0f0a,STFD,CAFTB-Net,Light,Removal,1080,2400,949,2108,0.8784104611578831,2291.1880000001474,0.0,1470.7626953125,False,0.0011446842525979217,0.028612531969309463,0.0022013023347332307,0.0011018639351931647,0.003526436846154637,0.003128045764771938,0.5308052187799099,0.006234963234048321,0.0,6256,0.003127230701247493,0.003158179012345679,156375,0.07816827060543106,24.996003836317136,0.07832372898694036,0.07995129376649857,0.9999997019767761,
Replacement_c32755de915c06a915d4d2b0020f6a4b,STFD,CAFTB-Net,Light,Replacement,1080,2340,961,2082,0.8896008544727063,2283.886799999891,0.0,1470.7626953125,False,0.020817456824841415,0.745674740484429,0.04050413499289951,0.020670691740782385,0.18395383328372591,0.02530647604463696,0.9369518489022641,0.18670649738610903,1.0,5202,0.002599957417075753,0.0025728078505856283,186334,0.09312965500834165,35.81968473663975,0.09142864301463219,0.0935012474656105,0.9999994039535522,
Splicing_c2878e79cd1eb5db1e0c0749ea8450da,STFD,CAFTB-Net,Dark,Splicing,1080,2340,961,2082,0.8896008544727063,2300.225500000124,0.0,1470.7626953125,False,0.5417077200588137,0.34829347211664036,0.423984292044585,0.26902288467329116,0.418075469867053,0.3879733780946572,0.8240074364383625,0.4252025956161598,0.5306122448979591,102606,0.05128243574326695,0.05142885406774296,65971,0.032972278116475295,0.6429546030446562,0.015927754562753266,0.03628954663872719,0.9999946355819702,
Copy-move_cc6201cb4691e81676ed5d94094df0f6,STFD,CAFTB-Net,Light,Copy-move,1080,2340,961,2082,0.8896008544727063,2287.9212999996525,0.0,1470.7626953125,False,0.0924295555101084,0.9071771271908352,0.16776594251775667,0.0915635979107885,0.21432478963697899,0.09208653770336245,0.9465542513590824,0.17415668869194578,0.5510204081632653,20426,0.01020890622860233,0.010294001266223488,200477,0.10019832047349013,9.814794869284245,0.09187497727704234,0.09993582963943481,0.9999996423721313,
Insertion_c66653cc87a9f049ff6331c3aa53add3,STFD,CAFTB-Net,Light,Insertion,1080,2340,961,2082,0.8896008544727063,2293.3244999994713,0.0,1470.7626953125,False,0.011055877116785497,0.9497598817879571,0.021857319566594265,0.011049415081527578,0.1391916859443223,0.018842244901279726,0.9516930807513995,0.02516643911776711,0.9795918367346939,2707,0.0013529574640569132,0.0013441753719531497,232546,0.11622639321632025,85.9054303657185,0.11509713001634056,0.11253521591424942,0.9999957084655762,
Removal_c33e66a32e165ed406ebc01d5123ccdf,STFD,CAFTB-Net,Light,Removal,1080,2340,961,2082,0.8896008544727063,2297.747000000527,0.0,1470.7626953125,False,4.336174973332524e-06,0.0001737921445950643,8.46123906384851e-06,4.2306374301416e-06,0.0035321973438753873,0.0034446195040335526,0.6057494441133713,0.005735200014352951,0.0,5754,0.002875846785439039,0.0028679962013295345,230618,0.11526277962537022,40.079596802224536,0.11559471250817023,0.11660829931497574,0.9999947547912598,
Replacement_c635212c278cd5239676de187c26945e,STFD,CAFTB-Net,Light,Replacement,1080,2340,961,2082,0.8896008544727063,2303.337299999839,0.0,1470.7626953125,False,0.020890401024421173,0.9966389877421906,0.04092302072128752,0.02088892940610963,0.05682985509244444,0.016706299801384716,0.9305544947770643,0.039024541206325626,0.4897959183673469,5058,0.0025279862775027216,0.002509892371003482,241307,0.12060513733992669,47.70798734677738,0.11838492311639168,0.11973830312490463,0.9999996423721313,
Splicing_c3ab0d1310c74158fc0f4a3031e5da9b,STFD,CAFTB-Net,Light,Splicing,1080,2340,961,2082,0.8896008544727063,2285.5093999996825,0.0,1470.7626953125,False,0.0992306548222664,0.9991831177671886,0.1805323231329332,0.09922260528628406,0.3473838343964703,0.14443344877101114,0.9537677238250002,0.20952991560740694,0.9795918367346939,29380,0.014684111671219842,0.014687796771130104,295836,0.14785870865782821,10.06929884275017,0.13517146506430383,0.1484559327363968,0.9999997615814209,
Copy-move_d01cf058cd2eabc2e2e73b09207bfa36,STFD,CAFTB-Net,Light,Copy-move,1080,1920,1061,1886,0.9820927516479826,2683.8471000000936,0.0,1470.7626953125,False,0.08660743600202962,0.35975534157126915,0.1396061198960772,0.07504116272855012,0.07234105980331124,0.0720714847861627,0.9116103085936714,0.18768232840753876,0.2857142857142857,24197,0.012092175792060752,0.012156635802469135,100511,0.05022923011265108,4.15386204901434,0.04644057285103718,0.055029142647981644,0.9999397993087769,
Insertion_c67d8963bd51a72b869dfa1f7f3aa0b8,STFD,CAFTB-Net,Dark,Insertion,2340,1080,2082,961,0.8896008544727063,2292.032299999846,0.0,1470.7626953125,False,0.5635735623599701,0.6058811722199919,0.5839620816405494,0.4123915568003279,0.4912392041124173,0.4139035948089771,0.9141141900330843,0.5957617756352315,0.8775510204081632,9964,0.004980003018789466,0.004745172522950301,10712,0.005353853104904933,1.0750702529104776,0.002348257366998219,0.005438682157546282,0.006037000101059675,
Removal_c75beec53bb833e3acc7cbad120e0623,STFD,CAFTB-Net,Light,Removal,1080,2340,961,2082,0.8896008544727063,2294.0371000004234,0.0,1470.7626953125,False,0.0013789426570480754,0.086445223849804,0.0027145832725953426,0.0013591363807398374,0.003234036648561032,0.00305250625482414,0.611055643099857,0.009172914865335726,0.02040816326530612,4847,0.002422528566045016,0.0024659702437480214,303856,0.15186710129238176,62.68949865896431,0.1520259725294408,0.151878222823143,0.9999996423721313,
Replacement_c69defe40c9df0f8c2c9eae8cf607d59,STFD,CAFTB-Net,Light,Replacement,1080,2340,961,2082,0.8896008544727063,2292.538899999272,0.0,1470.7626953125,False,0.02817402719868352,0.9972185863874345,0.054799816584699214,0.028171813395824377,0.19014011347668364,0.03416678452026339,0.9558686350135921,0.06264254036261667,0.9795918367346939,6112,0.0030547750352108802,0.0030401234567901236,216334,0.10812364241938982,35.394960732984295,0.10539933523504906,0.10956292599439621,0.9999995231628418,
Splicing_c4dc999507a1d3dcb442af3d403d8165,STFD,CAFTB-Net,Light,Splicing,1080,2340,961,2082,0.8896008544727063,2291.1168000000544,0.0,1470.7626953125,False,0.07079832803778122,0.710250690059364,0.12876160184258512,0.06881090189757491,0.11591627085140255,0.07125005063760884,0.8935927492740212,0.1348443112205806,0.6326530612244897,26447,0.013218199501999699,0.013236783792339347,265317,0.13260532526456892,10.032026316784512,0.12486761499325096,0.13254840672016144,0.9999980926513672,
Copy-move_d35608936441bdb9478968fa1be18f9b,STFD,CAFTB-Net,Light,Copy-move,1080,2340,961,2082,0.8896008544727063,2301.143300000149,0.0,1470.7626953125,False,0.09641493172239837,0.3234693336162988,0.1485517619468218,0.08023543888163241,0.10365868350649389,0.09575392939520756,0.833977141083594,0.19441874721869848,0.02040816326530612,75392,0.03768088996312479,0.03841880341880342,252938,0.12641830625919007,3.3549713497453313,0.11870251011472881,0.12849077582359314,0.9999984502792358,
Insertion_c706ea75267fc593ebbde1ba8b753a87,STFD,CAFTB-Net,Light,Insertion,1080,2400,949,2108,0.8784104611578831,2294.4367000000057,0.0,1470.7626953125,False,0.09310192350210038,0.9994066690399905,0.17033583787555492,0.09309677775935445,0.5977794843661834,0.3595220126808416,0.9961246426161737,0.35015405112832043,0.9795918367346939,8427,0.004212463733921455,0.004235725308641975,90460,0.04521887615646551,10.734543728491753,0.041182391136835396,0.0463489294052124,0.9999878406524658,
Removal_ca218a8de3297118a764f94528a597e5,STFD,CAFTB-Net,Light,Removal,1080,2400,949,2108,0.8784104611578831,2279.518100000132,0.0,1470.7626953125,False,0.0,0.0,0.0,0.0,0.00974320830702407,0.014297612037854266,0.47865236606127565,0.028676685424121977,0.0,29101,0.0145469214573215,0.014551697530864197,34669,0.017330236761756608,1.191333631146696,0.01758605979229894,0.017237771302461624,0.9984307885169983,
Replacement_c9dfda5c8d8967058ae3c00933b63fca,STFD,CAFTB-Net,Light,Replacement,1080,2340,961,2082,0.8896008544727063,2286.779899999601,0.0,1470.7626953125,False,0.02208646798119018,0.9801097393689986,0.04319944980406828,0.02207657280132243,0.2130647159129301,0.033805278705512656,0.9521424071010469,0.06021621741002904,0.9795918367346939,5832,0.002914831152707764,0.0028929249762583097,258801,0.12934863119888926,44.376028806584365,0.1268615568153907,0.12762990593910217,0.9999996423721313,
Splicing_c4e35644b158cd87ea661762c8ff9e7b,STFD,CAFTB-Net,Light,Splicing,1080,2400,949,2108,0.8784104611578831,2362.316799999462,0.0,1470.7626953125,False,0.08769953051643192,0.9581755050505051,0.1606913619459774,0.08736508850194273,0.4663186207324466,0.2163405477347546,0.9785397332499556,0.2574405927849476,0.9795918367346939,12672,0.0063344417273350755,0.006365354938271605,138450,0.0692079748381898,10.925662878787879,0.06354096447364449,0.0692363828420639,0.9999992847442627,
Copy-move_d5a10f4b3017d48eb09b913ecd7f90b2,STFD,CAFTB-Net,Light,Copy-move,1080,2340,961,2082,0.8896008544727063,2312.759699999333,0.0,1470.7626953125,False,0.03515081338192056,0.9219866603144354,0.06771980395287347,0.03504657559054227,0.07872384586424183,0.04605912325144259,0.9092874583720139,0.10862483611765747,0.8163265306122448,16792,0.00839263455354403,0.008408119658119658,440445,0.2201342261753037,26.229454502143877,0.21419398087711253,0.1999901831150055,0.9999960064888,
Insertion_caab2853b1e9b6a4ff9458517da80c81,STFD,CAFTB-Net,Light,Insertion,1080,2340,961,2082,0.8896008544727063,2336.239399999613,0.0,1470.7626953125,False,0.02826680852714467,0.9976530412673578,0.05497596620179769,0.028264928991361495,0.22873637981276643,0.035139496003526526,0.9615552722779144,0.05659155217672928,0.7551020408163265,5113,0.0025554752544229764,0.0025732035454257675,180459,0.09019333247367806,35.29415216115783,0.08786840033692625,0.09041278809309006,0.9999994039535522,
Removal_ca5adbbee213114268e93b8a83055219,STFD,CAFTB-Net,Light,Removal,1125,2436,961,2081,0.8542797160427661,2310.7859000001554,0.0,1470.7626953125,False,0.00154708702364508,0.027579813430673852,0.0029298257492290742,0.001467061992615377,0.006955105750146305,0.007381508290322349,0.4470495574318757,0.017112686530167072,0.0,17259,0.008630186099794934,0.008457580733442802,307675,0.15384973105361877,17.82693087664407,0.15494895040911297,0.15870016813278198,0.999999463558197,
Replacement_ca23df0d65d35864de75ec6d6ee60679,STFD,CAFTB-Net,Light,Replacement,1080,2400,949,2108,0.8784104611578831,2357.688799999778,0.0,1470.7626953125,False,0.006695892385299063,1.0,0.013302711247651146,0.006695892385299063,0.07067374629730877,0.01275809295619239,0.9783758351488819,0.0202774008744158,0.9795918367346939,1115,0.0005573628887293726,0.0005563271604938271,166520,0.08323952307732298,149.34529147982062,0.08272826985606016,0.08609059453010559,0.999995231628418,
Splicing_c6436c6f4a404cce41392e0e95f788c1,STFD,CAFTB-Net,Light,Splicing,1080,2340,961,2082,0.8896008544727063,2284.8890999994182,0.0,1470.7626953125,False,0.28180430609837887,0.3035882232035527,0.29229094768782404,0.17115968747256607,0.28605528323949525,0.2540422417910617,0.8309108718701935,0.44710735308527494,0.02040816326530612,160553,0.08024432202686722,0.08051994301994302,172964,0.08644733461881786,1.077301576426476,0.06750282162902956,0.08928624540567398,0.9999982714653015,
Copy-move_da92ab86e030f03ef522c0e427d4b7f2,STFD,CAFTB-Net,Light,Copy-move,1080,2340,961,2082,0.8896008544727063,2364.655700000185,0.0,1470.7626953125,False,0.0220021011556356,0.43879078120323256,0.0419030741307113,0.02139989781767754,0.16258304133337176,0.03148094985644785,0.8980794534555062,0.07609137468498496,0.9795918367346939,3341,0.0016698303980103978,0.001669832225387781,66630,0.03330164603993799,19.943130799161928,0.03262341542588316,0.042286466807127,0.9999640583992004,
Insertion_cf59f6ce229356f4c79295ad6d777816,STFD,CAFTB-Net,Light,Insertion,1080,2340,961,2082,0.8896008544727063,2294.6076999996876,0.0,1470.7626953125,False,0.05509667964368853,1.0,0.10443911104391866,0.05509667964368853,0.43796602081490404,0.17967739060051677,0.986340468506506,0.22239866362820818,0.9795918367346939,11053,0.005524284761810514,0.005523899968344413,200611,0.10026529361725948,18.149914050484032,0.09526729250774847,0.09536752104759216,0.9999994039535522,
Removal_cf09984a6e03a3a7ffb424520210464d,STFD,CAFTB-Net,Light,Removal,1080,2340,961,2082,0.8896008544727063,2304.142999999385,0.0,1470.7626953125,False,0.001549458499346744,0.12462006079027356,0.0030608599203323216,0.001532775766120849,0.003222411009439113,0.0031049346471753877,0.7940132985350447,0.010398121431640985,0.02040816326530612,2303,0.0011510384335881312,0.0011680911680911682,185226,0.09257587707329361,80.42813721233175,0.092538950482337,0.09416008740663528,0.9999986886978149,
Replacement_ca649cc66280a56bf9a95b73a9f873c2,STFD,CAFTB-Net,Light,Replacement,1080,2340,961,2082,0.8896008544727063,2291.870299999573,0.0,1470.7626953125,False,0.05616405013995376,0.5296227227083632,0.10155830937873933,0.053495616894877925,0.18735039901424352,0.048329875027457836,0.9538027900667413,0.10950815486259616,0.9795918367346939,6971,0.0034841028747472262,0.0034615384615384616,65736,0.03285482521508875,9.429923970735906,0.031117983419858553,0.03529709577560425,0.9999996423721313,
Splicing_c829afc3487f82e3c206ea9b1fdc3c5c,STFD,CAFTB-Net,Light,Splicing,1080,2340,961,2082,0.8896008544727063,2310.0703999998586,0.0,1470.7626953125,False,0.13215606437397726,0.41878649299742765,0.20091087169441726,0.11167366226243555,0.13235624140594276,0.10496574260022332,0.8503712494556941,0.20540575044911136,0.3061224489795918,48982,0.024481183045598716,0.024118787591009813,155218,0.0775778912656025,3.168878363480462,0.06901507311125002,0.07679779082536697,0.9999997019767761,
Copy-move_dc6bc742678cca84ef4bb6fd51c4ea41,STFD,CAFTB-Net,Light,Copy-move,1080,2340,961,2082,0.8896008544727063,2322.0854999999574,0.0,1470.7626953125,False,0.010288403183451117,0.683024632423143,0.020271457312062566,0.010239513587322125,0.11292276807702899,0.014074401538845496,0.8911778165102309,0.024907230405937255,0.9795918367346939,5237,0.0026174504023886423,0.0026638176638176638,347673,0.17376681950537834,66.38781745274012,0.17243036433290823,0.17410553991794586,0.9999995231628418,
Insertion_d0513b8c5492a5f9af29d33ab8400240,STFD,CAFTB-Net,Light,Insertion,1080,2340,961,2082,0.8896008544727063,2331.9855999998254,0.0,1470.7626953125,False,0.0250377039699729,0.9970648001806277,0.04884874697875588,0.025035858651714697,0.17951580481709745,0.03649591445277427,0.9692906196699522,0.05893331825123013,0.9795918367346939,4429,0.002213612341451078,0.002236071541627097,176374,0.08815165118787366,39.82253330322872,0.08613520619643723,0.08828034996986389,0.9999988079071045,
Removal_d0d123ccf91f2f06c35d8d3a9d87a0dc,STFD,CAFTB-Net,Light,Removal,1080,2340,961,2082,0.8896008544727063,2304.3830000005983,0.0,1470.7626953125,False,3.495240647318568e-05,0.0004529669334138608,6.48971380362126e-05,3.2449621961904146e-05,0.002397575475130866,0.002968933033712058,0.41452581900878727,0.006598503057399405,0.0,6623,0.0033101726207790676,0.003378838239949351,85831,0.04289829778258918,12.959534953948362,0.0430392657830616,0.04951916262507439,0.9999749064445496,
Replacement_cc53c7adb7846be4e1e00ce10f1f35d5,STFD,CAFTB-Net,Light,Replacement,1080,2340,961,2082,0.8896008544727063,2287.540000000263,0.0,1470.7626953125,False,0.08941143620734358,0.8388847305389222,0.16159904835715444,0.08790196078431373,0.3373250961397632,0.11324733086426028,0.9771509769788695,0.1770790165847718,0.14285714285714285,10688,0.005341857914976094,0.005355729661285217,100278,0.05011890232016961,9.382297904191617,0.045882798673844816,0.05035172402858734,0.9999991655349731,
Splicing_cb1c89ff09bdde8cf13dd3e5164b179a,STFD,CAFTB-Net,Light,Splicing,1080,2340,961,2082,0.8896008544727063,2328.4560000001875,0.0,1470.7626953125,False,0.47413206943444525,0.5603521626093122,0.5136490673137335,0.34557724963741976,0.5503677238449548,0.4903961678448605,0.89820828336543,0.5386127668661947,0.9795918367346939,84620,0.042293040490763205,0.042222222222222223,100008,0.04998395643347018,1.181848262822028,0.027445722796686327,0.050708018243312836,0.9999998211860657,
Copy-move_ddf0ac5744bcd4b2d805f33255498832,STFD,CAFTB-Net,Light,Copy-move,1080,1920,1061,1886,0.9820927516479826,2668.545899999117,0.0,1470.7626953125,False,0.1750869182576266,0.9595291533355618,0.29613718092318575,0.17380341750965528,0.322729078514665,0.20809620884054172,0.956719600727671,0.32132872184029165,0.9795918367346939,41882,0.020930053581976627,0.02105565200617284,229526,0.11470301032559971,5.48030180029607,0.09664275170429837,0.11595889925956726,0.999999463558197,
Insertion_db0eea536304459cc7dd82429c27a157,STFD,CAFTB-Net,Light,Insertion,1536,2048,1225,1633,0.7973599423122324,2282.5326999991375,0.0,1470.7626953125,False,0.006674573665520036,0.9780835881753313,0.013258668398561515,0.006673575561985311,0.15199826755528667,0.0069660508037080295,0.9314276195313183,0.014643197871353424,0.9795918367346939,1962,0.0009807915817888699,0.0009667078653971354,287509,0.143723958658785,146.53873598369012,0.14290482235598057,0.1451079398393631,0.9999998807907104,
Removal_d310561f87b05fdce70f670160655e43,STFD,CAFTB-Net,Light,Removal,1080,2340,961,2082,0.8896008544727063,2444.452299999284,0.0,1470.7626953125,False,1.0812856486362285e-05,0.0010596026490066225,2.1407259736958297e-05,1.0703744437397813e-05,0.001428202551787871,0.001634054063880681,0.4224565187011419,0.003766380637910143,0.0,3775,0.001886743415890228,0.0019155587211142767,369930,0.184890858765635,97.99470198675496,0.18523835681740908,0.18363595008850098,0.9999999403953552,
Replacement_ceb2a9a15a3672e85814d66610402903,STFD,CAFTB-Net,Light,Replacement,1080,2340,961,2082,0.8896008544727063,2291.028099999494,0.0,1470.7626953125,False,0.028298235536163157,0.9972720746590094,0.055034822638280335,0.028296045234564682,0.19039363499669062,0.03886041853075778,0.9559171359336327,0.07172760407922316,0.9591836734693877,6965,0.003481104077265017,0.003483301677746122,245457,0.12267930559845502,35.241493180186644,0.11962412173111443,0.12589342892169952,0.9999995231628418,
Splicing_ccbfce56eed30950d787d1f464739b89,STFD,CAFTB-Net,Light,Splicing,1080,2376,953,2098,0.8828357307829559,2289.3277000002854,0.0,1470.7626953125,False,0.028559177845996653,0.32002657943160906,0.05243872307814718,0.026925326406688113,0.07587878978164464,0.043371355381675095,0.8580390722417794,0.07801505808013101,0.9795918367346939,19564,0.009784964844347837,0.009760023070208255,219229,0.10964772326014782,11.205735023512574,0.10756883166736537,0.10686931759119034,0.9999869465827942,
Copy-move_de39c2684a461b0028fa71dc6c4fbe09,STFD,CAFTB-Net,Light,Copy-move,1080,1920,1061,1886,0.9820927516479826,2665.3722999999445,0.0,1470.7626953125,False,0.11351145619243358,0.6244556113902847,0.19210305958132043,0.10625774914848438,0.12344607167709323,0.10198536010038599,0.8914413651078154,0.20284834925213796,0.9387755102040816,35820,0.017900637966343603,0.017978877314814814,197055,0.098475997053541,5.501256281407035,0.08888901327379141,0.09738627076148987,0.9999956488609314,
Insertion_deb161dcb46dca58c6c73fc53ecb862f,STFD,CAFTB-Net,Light,Insertion,1080,2340,961,2082,0.8896008544727063,2291.746400000193,0.0,1470.7626953125,False,0.011530553687002855,0.9993412384716732,0.02279805983551433,0.01153046604517176,0.09682334328274138,0.017491795671010116,0.9572303751267768,0.03765490943755958,1.0,3036,0.0015173915259980748,0.0015345045900601456,263127,0.1315107641835624,86.66897233201581,0.13019192437953195,0.12324179708957672,0.9999991655349731,
Removal_d345f43f630f7a7583e8d5c8548f8883,STFD,CAFTB-Net,Light,Removal,1080,2376,953,2098,0.8828357307829559,2289.188599999761,0.0,1470.7626953125,False,0.008305615017289643,0.07768126655578143,0.015006723869140417,0.007560088011175261,0.014263525761490353,0.01095263604368151,0.624200110301113,0.02228862545312041,0.02040816326530612,16233,0.008118960044893602,0.00821174710063599,151825,0.07593550845906309,9.35286145506068,0.07592121870085182,0.07497990876436234,0.9999935626983643,
Replacement_d0992367aff2cf0cc5ae8bee8b852252,STFD,CAFTB-Net,Light,Replacement,1080,2340,961,2082,0.8896008544727063,2279.686099999708,0.0,1470.7626953125,False,0.014714661984196664,0.7636695018226003,0.028872988710362806,0.014647959540401333,0.12064094102256205,0.017888540102656975,0.8921571317179352,0.03961770648684162,0.9795918367346939,4938,0.0024680103278585286,0.002478236783792339,256275,0.12808613745887898,51.89854191980559,0.1265136301872272,0.1362394094467163,0.9999994039535522,
Splicing_ccc72936bf011a884a272534edc7fd80,STFD,CAFTB-Net,Light,Splicing,1080,2376,953,2098,0.8828357307829559,2279.054200000246,0.0,1470.7626953125,False,0.00818482949876746,0.42943752105085886,0.016063498062931114,0.008096780339112212,0.007963209146983823,0.007871743245355087,0.901085661569871,0.024327062734274006,0.061224489795918366,2969,0.001484949939831769,0.0014574759945130316,155776,0.07791160721698674,52.467497473896934,0.07738883253816196,0.07536021620035172,0.9999418258666992,
Copy-move_de4bc7b459aab8dbd2a9a928be34cc88,STFD,CAFTB-Net,Light,Copy-move,1080,2340,961,2082,0.8896008544727063,2280.3775000002133,0.0,1470.7626953125,False,0.061835659487937886,0.18890095569070373,0.09317199376496489,0.04886229563458621,0.07156040543374921,0.05351799310516116,0.7608203280919014,0.11463168215693073,0.02040816326530612,46040,0.023010772680155257,0.023050411522633745,140647,0.07029531158005639,3.054887054735013,0.06750182375143368,0.07595382630825043,0.9999990463256836,
Insertion_e1fa777152b564cfcbfa487594fdb264,STFD,CAFTB-Net,Light,Insertion,1080,2340,961,2082,0.8896008544727063,2295.8103999999366,0.0,1470.7626953125,False,0.007727769592699967,0.9902557856272838,0.015335861015222682,0.0077271820022240595,0.33386323260318057,0.016947238011550316,0.9676409914332108,0.04609929078014184,1.0,1642,0.0008206709109647031,0.0008151313706869262,210410,0.10516282970528817,128.14250913520098,0.10443586306248624,0.10566426068544388,0.9999992847442627,
Removal_d76f8cc7fa3007a97b90ef16a7cde107,STFD,CAFTB-Net,Light,Removal,1080,2340,961,2082,0.8896008544727063,2280.5574000003617,0.0,1470.7626953125,False,0.010628182320103062,0.18589055793991416,0.020106771891139092,0.01015548293497853,0.021913006170156145,0.010771718407535864,0.8115921582142701,0.038093464037068946,0.02040816326530612,3728,0.0018632528356129193,0.0018482905982905983,65204,0.03258893183833283,17.490343347639485,0.03230275893632384,0.03242160752415657,0.9999661445617676,
Replacement_d643c2beb55bd369af9aee958ebb5565,STFD,CAFTB-Net,Light,Replacement,1080,2340,961,2082,0.8896008544727063,2280.289399999674,0.0,1470.7626953125,False,0.021933038868091455,0.9111354909489852,0.04283494619843076,0.02188622064103831,0.12090144187952157,0.035387516030294934,0.938026474454586,0.07027856850810402,0.9795918367346939,7292,0.0036445385400454416,0.0036534504590060145,302922,0.1514002884843178,41.54168952276467,0.14862127604075223,0.14464658498764038,0.9999974966049194,
Splicing_cf89628438e158ebbb19772e1c8fa46b,STFD,CAFTB-Net,Light,Splicing,1125,2436,961,2081,0.8542797160427661,2291.2427000001117,0.0,1470.7626953125,False,0.006764993447192694,0.057488332626219774,0.012105464954827854,0.006089591143502376,0.06049961082809574,0.03248465877198601,0.7939587427614548,0.027891771956856704,0.0,28284,0.014143124378388081,0.014140850209815727,240355,0.12018705487086223,8.497914014990808,0.12108653211649473,0.12171482294797897,0.9999998211860657,
Copy-move_de7c4e33a2e6c19c4f2a5daa84ee5ac3,STFD,CAFTB-Net,Light,Copy-move,1080,2340,961,2082,0.8896008544727063,2283.6351999994804,0.0,1470.7626953125,False,0.0357272961518299,0.4071280311851364,0.06569000232798441,0.03396043157872511,0.035604800239312555,0.03509221483636489,0.8685554564234115,0.07377721223410884,0.8571428571428571,19753,0.009872541111014483,0.010063311174422286,225094,0.1125018867434159,11.395433605022022,0.10956417534346702,0.11230523884296417,0.9999883770942688,
Insertion_e2390c6cb9b447778aeaacaa07c99cf1,STFD,CAFTB-Net,Light,Insertion,1080,2340,961,2082,0.8896008544727063,2281.841799999711,0.0,1470.7626953125,False,0.021142902622468065,0.998496523209923,0.04140898090884646,0.02114222954420648,0.16113478360965888,0.02388466811048813,0.9455548035744481,0.04958555778079098,0.9795918367346939,5321,0.002659433567139577,0.002626622348844571,251290,0.12559463655074316,47.22608532230784,0.12326702183583807,0.1343214213848114,0.999999463558197,
Removal_dcd4b71df2d83d4f4b7add42ea95df05,STFD,CAFTB-Net,Light,Removal,1080,2340,961,2082,0.8896008544727063,2285.5067000000417,0.0,1470.7626953125,False,0.002936548450418116,0.11974248927038626,0.00573251352225972,0.0028744958041633825,0.004837374698460335,0.004573995578807846,0.6840759383864348,0.016844535784206336,0.02040816326530612,4660,0.002329066044516149,0.002330246913580247,190019,0.09497141646199873,40.776609442060085,0.09491358831185356,0.097052663564682,0.9999876022338867,
Replacement_d8549d7e0c68aec6130bf37311716a9b,STFD,CAFTB-Net,Light,Replacement,1080,2340,961,2082,0.8896008544727063,2289.687600000434,0.0,1470.7626953125,False,0.021308047742706313,0.9974318733057498,0.04172473373699273,0.021306878790649478,0.11113300982801486,0.018845560132913303,0.9147034110488882,0.047095297319706554,0.9387755102040816,7009,0.003503095258801221,0.0035046691991136437,328092,0.1639802439221872,46.810101298330714,0.1610503196670868,0.16170743107795715,0.9999997615814209,
Splicing_d25684230743477547031081a6d59113,STFD,CAFTB-Net,Light,Splicing,1080,2340,961,2082,0.8896008544727063,2293.186400000195,0.0,1470.7626953125,False,0.06460355598270062,0.8467274651080768,0.12004771905762004,0.0638567905550468,0.3756077777685994,0.19979613111779354,0.9225955755102357,0.16044490715165938,0.9795918367346939,19847,0.0099195222715691,0.009859924026590694,260125,0.13001036584329684,13.106514838514636,0.12282964529734396,0.13169541954994202,0.9999980330467224,
Copy-move_e05564e28a559cfa647c9fbe46ff9163,STFD,CAFTB-Net,Light,Copy-move,1080,2340,961,2082,0.8896008544727063,2289.7360999995726,0.0,1470.7626953125,False,0.024313242135024313,0.9735902153912761,0.04744173290225263,0.024297217502640415,0.10374202543117066,0.029542273625978856,0.9250526137562505,0.058005140649118186,0.9795918367346939,9239,0.004617648323022468,0.004626859765748654,369963,0.18490735215178714,40.04361943933326,0.18124859720731906,0.18340498208999634,0.9999988675117493,
Insertion_e84f6e371d599c907665ec9fb9abe150,STFD,CAFTB-Net,Dark,Insertion,1080,2340,961,2082,0.8896008544727063,2284.5507000001817,0.0,1470.7626953125,False,0.3447604929120726,0.9922666666666666,0.5117238534002613,0.343836629088893,0.6373387705861635,0.3952648644598242,0.9985119978848822,0.5493881546744983,1.0,3750,0.0018742484263810212,0.0018554131054131053,10793,0.0053943368709147635,2.8781333333333334,0.0035412197579231786,0.00533834146335721,8.012062608031556e-06,
Removal_dfb796021ae612906c4c5523a9043f07,STFD,CAFTB-Net,Light,Removal,1080,2400,949,2108,0.8784104611578831,2289.6927000001597,0.0,1470.7626953125,False,0.0015739246508477277,0.3116370808678501,0.0031320309634959805,0.0015684717327641832,0.0017565150466824038,0.0016810781529430338,0.834426987860005,0.004658958552313855,0.02040816326530612,1014,0.0005068753086740662,0.0005069444444444444,200772,0.1003613111174651,198.0,0.10025416633741406,0.10134811699390411,0.9999997615814209,
Replacement_d99fee8597356616d0779ac72304d136,STFD,CAFTB-Net,Light,Replacement,1080,2340,961,2082,0.8896008544727063,2286.207899999681,0.0,1470.7626953125,False,0.015006845860056208,0.8635703918722787,0.029501032359055546,0.014971351339693312,0.0726741457933162,0.010687496046495345,0.8966515792378766,0.04750705550329257,1.0,4823,0.0024105333761161776,0.0024074074074074076,277540,0.1387143755354103,57.54509641302094,0.13696286383774578,0.13999560475349426,0.9999997615814209,
Splicing_d56177b1668c6afb43ce63b736577930,STFD,CAFTB-Net,Dark,Splicing,1080,2340,961,2082,0.8896008544727063,2304.1705000005095,0.0,1470.7626953125,False,0.14076589705248752,0.28401223141510107,0.18823585231778656,0.10389644400381601,0.13763000129230904,0.11743093413669792,0.7556616538520208,0.2418102415543116,0.02040816326530612,97781,0.04887090276799003,0.04894824311490978,197285,0.0986029602129546,2.017621010216709,0.08907626347791223,0.09774937480688095,0.999995231628418,
Copy-move_e09122281e6f8bed819ed3c82ef11ec4,STFD,CAFTB-Net,Light,Copy-move,1080,2340,961,2082,0.8896008544727063,2282.856599999832,0.0,1470.7626953125,False,0.0657455727607152,0.281321497208749,0.10658252864795521,0.0562910875496713,0.11327871251430863,0.04712649331694509,0.798366161067903,0.11267955201191325,0.9795918367346939,21854,0.010922620029368224,0.010934235517568851,93512,0.04673725835939788,4.278942070101583,0.044146688038291054,0.05106590315699577,0.9999995231628418,
Insertion_e8c765cd2026bbda53da8d1b0aecbd1a,STFD,CAFTB-Net,Light,Insertion,1080,2340,961,2082,0.8896008544727063,2284.737099999802,0.0,1470.7626953125,False,0.06174145916598155,0.999736391195466,0.11630046458854015,0.061740454038566414,0.3762644608836897,0.08967598930576418,0.9800353031784488,0.17357687135813538,1.0,7587,0.003791979416254082,0.0038204336815447926,122851,0.06140087824782262,16.192302622907604,0.05782918551184895,0.061712123453617096,0.9999997615814209,
Removal_e08a655b4c57cb39c9bdd5845f15ae82,STFD,CAFTB-Net,Light,Removal,1080,2340,961,2082,0.8896008544727063,2305.7980000003226,0.0,1470.7626953125,False,0.003925333751338924,0.21548942273216207,0.007710218926598972,0.0038700288481351743,0.0031451756328463856,0.002839919330095201,0.6703080448934442,0.008420035905888777,0.02040816326530612,2789,0.0013939410296471115,0.0014272712883823995,153108,0.07652331415102544,54.89709573323772,0.07632933319252677,0.075595922768116,0.9999980926513672,
Replacement_da7593ef781bd06fde9b9050f278357b,STFD,CAFTB-Net,Light,Replacement,1080,2340,961,2082,0.8896008544727063,2301.2173999995866,0.0,1470.7626953125,False,0.02019678922837908,0.9664948453608248,0.039566754186974216,0.02018265823204054,0.1926369630243481,0.04175050610656752,0.9599426813692936,0.10463290145268944,1.0,5044,0.0025209890833775657,0.0025312598923710036,241375,0.12063912371139174,47.853885804916736,0.11850134134499272,0.11140403151512146,0.9999986886978149,
Splicing_d975fe7d827da47705ba46a3777d0511,STFD,CAFTB-Net,Light,Splicing,1080,2340,961,2082,0.8896008544727063,2298.217200000181,0.0,1470.7626953125,False,0.03909630119098189,0.18445665083135393,0.06451780405800112,0.03333422761174009,0.07732256363009153,0.052715380549283486,0.7963048808739462,0.1347482230453499,0.02040816326530612,40416,0.020199899840164095,0.02022119341563786,190683,0.09530328338336327,4.718007719714964,0.09346526653424377,0.10179025679826736,0.9999988675117493,
Copy-move_e210f5bb0668622fbb3686f4d486b990,STFD,CAFTB-Net,Light,Copy-move,1080,2340,961,2082,0.8896008544727063,2295.0402999995276,0.0,1470.7626953125,False,0.0442134016046446,0.8385585930032499,0.08399797018469404,0.04384023026989751,0.2982248845204933,0.06593127086803639,0.9543379191731199,0.10796200868950187,0.9795918367346939,10462,0.005228903209812865,0.005303102247546692,198424,0.09917223193499407,18.966163257503347,0.09528573007626838,0.09771966189146042,0.9999998807907104,
Insertion_eb0f8e4f5bed9d928d4b93ba23c7b651,STFD,CAFTB-Net,Light,Insertion,1170,2532,961,2080,0.8216563506305302,2289.5877000000837,0.0,1470.7626953125,False,0.017088156802014403,0.9603055970768976,0.03357879576286935,0.017076095238657774,0.2666210176565395,0.03143274428265682,0.9433998927500487,0.10078140653175716,1.0,6021,0.003012186824621788,0.0030225084727454397,338363,0.16927629472504602,56.19714333167248,0.1668863677761447,0.16707895696163177,0.9999995231628418,
Removal_e0f71c79d77293b34d976e11f0b86652,STFD,CAFTB-Net,Light,Removal,1080,2400,949,2108,0.8784104611578831,2300.9292999995523,0.0,1470.7626953125,False,0.0,0.0,0.0,0.0,0.0022712380287828937,0.0023419246229497612,0.6547416422105586,0.0032847868257191524,0.0,3291,0.0016450953065545876,0.0016161265432098765,299978,0.149952111780502,91.15101792768155,0.1501992037856981,0.14558959007263184,0.9999990463256836,
Replacement_de84046bc6b8923c0b9cc6e5beefc745,STFD,CAFTB-Net,Light,Replacement,1080,2340,961,2082,0.8896008544727063,2287.7794999994876,0.0,1470.7626953125,False,0.017469349445650262,0.9959866220735786,0.034336446442983976,0.01746811980150397,0.25878180693671055,0.030692657493866807,0.9616881606206926,0.03969216480994739,0.9795918367346939,4485,0.0022416011179517015,0.00225664767331434,255705,0.12780125169806908,57.013377926421406,0.12585075416379263,0.12740550935268402,0.9999994039535522,
Splicing_da6dad183599577e637fb6d884e84da6,STFD,CAFTB-Net,Light,Splicing,1080,2340,961,2082,0.8896008544727063,2289.997000000767,0.0,1470.7626953125,False,0.09341863114538602,0.6714658508053631,0.16401802395867673,0.08933531270951059,0.31623330980600517,0.1749655406769414,0.9062835745907262,0.27542920435665497,1.0,22226,0.011108545473265221,0.011084995251661919,159754,0.07984498216215298,7.187708089624763,0.07319910885404453,0.08294922113418579,0.9999982118606567,
Copy-move_ea7043e655277a300616c47e193debf5,STFD,CAFTB-Net,Light,Copy-move,1080,2340,961,2082,0.8896008544727063,2288.0574000000706,0.0,1470.7626953125,False,0.34705784018722835,0.1229374476312291,0.18156099075404086,0.09984442141357694,0.3062534050385365,0.2417722777934314,0.6298841975005368,0.28885322577955325,0.0,337749,0.16880680846980362,0.1688647515036404,119640,0.0597960217952601,0.35422754767593684,0.04697264609125506,0.05990887060761452,0.9999995827674866,
Insertion_ed67965f57cb97d89d942c818adf7a35,STFD,CAFTB-Net,Light,Insertion,750,1334,750,1334,1.0,963.3724999994229,0.0,1470.7626953125,False,0.026010753143389357,0.9588014981273408,0.05064751996966425,0.02598171469167858,0.12117421374383433,0.02108961737523068,0.9268602923403507,0.05032244593107769,0.4897959183673469,3204,0.0032023988005997,0.0032023988005997,118105,0.11804597701149425,36.86173533083645,0.11534489258956218,0.11695075780153275,0.9999998211860657,
Removal_e3918a744aeb205e30c0a54c27070498,STFD,CAFTB-Net,Light,Removal,1080,2316,966,2071,0.8941983055272923,2289.212800000314,0.0,1470.7626953125,False,0.002589921872481274,0.017712773776275174,0.004519074808501861,0.002264654475746584,0.011962295245992974,0.011076077478595401,0.6863303932834711,0.01351013210259995,0.0,13606,0.006801007304859676,0.006714961939486982,93053,0.046512871728583524,6.839115096281052,0.04671008263797321,0.049427423626184464,0.999952495098114,
Replacement_e31ff0547c0046ae238f16cad163e10a,STFD,CAFTB-Net,Light,Replacement,1080,2340,961,2082,0.8896008544727063,2293.6569000003146,0.0,1470.7626953125,False,0.017417085331325015,0.9936548223350253,0.0342341048134488,0.017415148414811614,0.20971870512087423,0.022133268881787432,0.9324301391705122,0.044379712131596985,1.0,5516,0.0027568944853113902,0.002779360557138335,314691,0.157282429745672,57.05058013052937,0.15497026491440324,0.158334419131279,0.9999995827674866,
Splicing_ddbbb2d156fd66003d27d0409880a1ca,STFD,CAFTB-Net,Light,Splicing,1080,2340,961,2082,0.8896008544727063,2287.51530000045,0.0,1470.7626953125,False,0.12030515267554215,0.1881905648665425,0.14677866402004333,0.07920190706331842,0.13278142466595644,0.08962504695203535,0.7366558024083969,0.16064959215273714,0.9795918367346939,64440,0.032207084958931466,0.03207462804685027,100802,0.05038079730028259,1.5642768466790813,0.04579463963866261,0.053399812430143356,0.9999988675117493,
Copy-move_ec7415eaf123f7b35870eedc6911c62c,STFD,CAFTB-Net,Light,Copy-move,1080,2340,961,2082,0.8896008544727063,2291.5383999998085,0.0,1470.7626953125,False,0.04317231263255961,0.11445688160176573,0.06269610524194709,0.03236255572065379,0.06504609883932377,0.04281308686672509,0.7465071804296486,0.07634177060902775,0.9795918367346939,38058,0.01902137242965571,0.019002453308008864,100898,0.05042877805999794,2.651164012822534,0.04918726028458118,0.05805231258273125,0.999993085861206,
Insertion_f172eb2c89bbba3dcc00e23eba0a17c0,STFD,CAFTB-Net,Light,Insertion,750,1334,750,1334,1.0,962.2913000002882,0.0,1470.7626953125,False,0.024748586203846776,0.9974837492136717,0.04829882933466002,0.024747041227727924,0.0808726342994575,0.030936255030055333,0.9230338589921397,0.057735386522774344,0.9591836734693877,4769,0.004766616691654173,0.004766616691654173,192213,0.1921169415292354,40.304676032711264,0.18825968057638057,0.19132669270038605,0.9999977350234985,
Removal_e3ebb27a085e03b02892b81b96a86f9f,STFD,CAFTB-Net,Light,Removal,1668,2224,1225,1633,0.7342595152227752,2313.2291000001715,0.0,1470.7626953125,False,0.0,0.0,0.0,0.0,0.0059755238252626386,0.007398787070605546,0.4000608162298682,0.01694065072163068,0.0,17089,0.008542684679505605,0.008454746993771889,192598,0.09627854081007786,11.27029083035871,0.09710810472859868,0.09917600452899933,0.9999982118606567,
Replacement_e396f89bc6a669b3c338649b5801ee57,STFD,CAFTB-Net,Light,Replacement,1080,2340,961,2082,0.8896008544727063,2289.8980999998457,0.0,1470.7626953125,False,0.04835080772172974,0.978931784534791,0.09215018894219174,0.04830054672442954,0.14192278950015644,0.04364919046452016,0.954454733299027,0.10260526068282283,0.9795918367346939,8781,0.004388740115213799,0.004436134852801519,177784,0.08885636859619293,20.246441179820067,0.08493283956343833,0.0898386612534523,0.9999994039535522,
Splicing_e052be15668d5fae4329a1729f593f9a,STFD,CAFTB-Net,Light,Splicing,1080,2340,961,2082,0.8896008544727063,2293.0288999996264,0.0,1470.7626953125,False,0.05681433787078186,0.3864831088452917,0.09906568192507657,0.05211420562147588,0.04579906743395282,0.04059528554015748,0.6564396241545138,0.1189190618996763,0.6938775510204082,50411,0.025195396645944976,0.025474042418486862,342924,0.17139327129820942,6.802562932693261,0.16583392765860794,0.17092576622962952,0.9999951720237732,
Copy-move_eec6a7fd3fd9f06df2333c8837d0f32c,STFD,CAFTB-Net,Light,Copy-move,1080,2340,961,2082,0.8896008544727063,2287.757899999633,0.0,1470.7626953125,False,0.06064209794551393,0.8764059143182106,0.11343515508393139,0.060127885553267583,0.17133789955132833,0.08505105685729276,0.9470105801200964,0.13740241708108414,0.9795918367346939,15826,0.007909828158908278,0.0079542576764799,228719,0.11431366022225088,14.452104132440288,0.10823758070626546,0.11237145960330963,0.9999984502792358,
Insertion_f193541cd416407f0b0ce9ad21d5c2e4,STFD,CAFTB-Net,Light,Insertion,1080,2340,961,2082,0.8896008544727063,2286.513300000479,0.0,1470.7626953125,False,0.03656845865655569,0.9893579902302861,0.07053000105714162,0.03655408018563878,0.3832923549226648,0.08324628835556011,0.979996773912663,0.17047740991402963,1.0,5732,0.0028648511946709368,0.0029257676479898702,155079,0.0775084191239313,27.054954640614095,0.07488860039998596,0.08177778869867325,0.9999996423721313,
Removal_e43dad91a8e8ae174fffe3442e7ce271,STFD,CAFTB-Net,Light,Removal,1080,2340,961,2082,0.8896008544727063,2285.4018000007272,0.0,1470.7626953125,False,0.00010627340058532118,0.004493605254061528,0.00020763622134021195,0.00010382888998929764,0.0012600235918802144,0.0013478933293519285,0.47901184646377026,0.0028876650388407416,0.0,2893,0.0014459201860054119,0.0015079930357708136,122326,0.06113848346812928,42.2834427929485,0.06122050603906384,0.06376275420188904,0.9999994039535522,
Replacement_e81dbbde837a9abc5cda0523c667ce35,STFD,CAFTB-Net,Light,Replacement,750,1334,750,1334,1.0,963.1124999996246,0.0,1470.7626953125,False,0.03465875456606171,0.9958514830947937,0.06698618000181383,0.034653751209019645,0.36526725581122266,0.07633006964591925,0.968785469139303,0.09770528175524375,0.9795918367346939,4821,0.004818590704647676,0.004818590704647676,138522,0.13845277361319341,28.733042937149968,0.13430131598637712,0.14791931211948395,0.9999995231628418,
Splicing_e14e08849f0472416c7c3b35a4e07243,STFD,CAFTB-Net,Light,Splicing,1080,2340,961,2082,0.8896008544727063,2290.1731000001746,0.0,1470.7626953125,False,0.000764577070110975,0.019591060389919163,0.0014717176588258407,0.0007364007163820561,0.017251426005455567,0.011943214550840096,0.79410716623647,0.024192969969820857,0.02040816326530612,10515,0.005255392587572383,0.00525443178220956,269430,0.1346610009386236,25.62339514978602,0.1352689335759114,0.13490617275238037,0.9999995231628418,
Copy-move_f651d06ce5f3bc3ecf27401c839b77b2,STFD,CAFTB-Net,Light,Copy-move,1080,2340,961,2082,0.8896008544727063,2287.3399000000063,0.0,1470.7626953125,False,0.016389435085295213,0.31358459869848154,0.03115078095802456,0.01582182152739063,0.04949287978418308,0.012598201730643155,0.6566515330342917,0.04076515925341257,1.0,14752,0.007373043409592753,0.0074659702437480215,282255,0.1410709305568467,19.133337852494577,0.13978953198559957,0.14691217243671417,0.9999996423721313,
Insertion_f1fd1935c712a2a3917f4513d409bd33,STFD,CAFTB-Net,Light,Insertion,1080,2340,961,2082,0.8896008544727063,2285.481699999764,0.0,1470.7626953125,False,0.05442500573711848,0.9980196794356087,0.10322105768461476,0.054419128862013576,0.12070862434936615,0.04618659926043638,0.9228803655707405,0.11460437210407509,0.9795918367346939,16159,0.008076261419170913,0.008099873377651156,296316,0.148098612456405,18.337520886193452,0.14117853941489727,0.14812518656253815,0.9999997019767761,
Removal_e7cfdcfc5726ecbeb4075707a3fc2079,STFD,CAFTB-Net,Light,Removal,1080,2340,961,2082,0.8896008544727063,2286.488599999757,0.0,1470.7626953125,False,1.2372460552471605e-05,0.0016769144773616546,2.4563687500767614e-05,1.2281994595922379e-05,0.0015593353894047819,0.0014850156831301123,0.7126388488146516,0.0017866853491302018,0.0,1789,0.0008941414492788392,0.0009180120291231403,242474,0.12118840345021646,135.53605366126328,0.1212953592597947,0.12122797220945358,0.9999970197677612,
Replacement_ebfd40d8fc74ae2d2712422d02189ff4,STFD,CAFTB-Net,Light,Replacement,1080,2340,961,2082,0.8896008544727063,2289.134899999226,0.0,1470.7626953125,False,0.08691834942932397,0.5584206285253828,0.15042326893857175,0.08132848257246802,0.09670238492566478,0.07563936453181655,0.9737472659206301,0.18587604760528598,0.3061224489795918,8687,0.004341758954659182,0.004348290598290598,55811,0.027894314379933647,6.424657534246576,0.025580852511024713,0.030145321041345596,0.9998494982719421,
Splicing_e4530fd547d31d94249b3953034f14f7,STFD,CAFTB-Net,Light,Splicing,1080,2340,961,2082,0.8896008544727063,2287.9868999998507,0.0,1470.7626953125,False,0.07704807110710149,0.7924816787051194,0.14044185318589322,0.0755243138949463,0.19465433381695077,0.06703848486410038,0.8784392207772515,0.14514226934805988,0.7755102040816326,18967,0.009479698640845021,0.00942545109211776,195086,0.09750390093572478,10.285548584383402,0.09085266936954893,0.0972193107008934,0.9999996423721313,
Copy-move_f6686a8857812ab5caaf77ce157effd6,STFD,CAFTB-Net,Light,Copy-move,1080,2340,961,2082,0.8896008544727063,2310.8994000003804,0.0,1470.7626953125,False,0.03052335247046306,0.11060240963855422,0.047843232632072685,0.024507884526394474,0.07945793064884353,0.03786614619795099,0.8022783441786472,0.050189880701216,0.02040816326530612,24900,0.012445009551169981,0.012501582779360558,90226,0.045094916938307736,3.623534136546185,0.04426940202499922,0.04531397670507431,0.9999998807907104,
Insertion_f641c2c063e40f3ccae9264b05eecc7d,STFD,CAFTB-Net,Dark,Insertion,1080,2340,961,2082,0.8896008544727063,2291.5241000000606,0.0,1470.7626953125,False,0.018931174878708826,0.9688084840923269,0.03713667396008943,0.01891964329223722,0.1618100745128222,0.028312295218797308,0.9528053205376761,0.048785696489375585,0.9795918367346939,4809,0.0024035361819910216,0.0024161126938904718,246102,0.12300167632779256,51.17529631940112,0.12096385107563003,0.12020032852888107,0.9999983310699463,
Removal_e8439b9e91077c3e2a1a549dd0fdaa07,STFD,CAFTB-Net,Light,Removal,1080,2340,961,2082,0.8896008544727063,2283.371700000316,0.0,1470.7626953125,False,0.002950606471788819,0.17401906450897806,0.005802822315363064,0.002909853840080364,0.0035654491174269293,0.00313867543552155,0.6368579081780359,0.009912261217236784,0.4081632653061224,4511,0.0022545959070412766,0.002275245330800886,266047,0.13297017895823773,58.97738860563068,0.1328774211775738,0.1296115666627884,0.9999994039535522,
Replacement_ecb29b04a90aff6346aff0f4e6eded08,STFD,CAFTB-Net,Light,Replacement,1080,2340,961,2082,0.8896008544727063,2291.7772999999215,0.0,1470.7626953125,False,0.019051139736126876,0.993213897937025,0.03738518283898522,0.019048660242494287,0.30467053091410806,0.044853889800496774,0.974720320420923,0.08079948968743356,1.0,3684,0.0018412616540767152,0.0018625356125356125,192062,0.09599250700469111,52.13409337676438,0.09433744025140227,0.09681665152311325,0.999998927116394,
Splicing_e59f0997dd6beb00e0188e9628192721,STFD,CAFTB-Net,Dark,Splicing,1080,2340,961,2082,0.8896008544727063,2288.921599999412,0.0,1470.7626953125,False,0.26339577000811626,0.5114173593300992,0.34771008403361353,0.21044132792533918,0.2753553893211729,0.18522676216005504,0.833815258963928,0.37111074644826675,0.26530612244897955,64726,0.03235002763891679,0.03208926875593542,125674,0.06281181246320225,1.9416308747643913,0.047814238697241225,0.0632619708776474,0.9999998807907104,
Copy-move_f6d36c4d3198bf6eccc8858a260fdf13,STFD,CAFTB-Net,Light,Copy-move,1080,2340,961,2082,0.8896008544727063,2295.2078999996957,0.0,1470.7626953125,False,0.22747364841890513,0.2827108974697586,0.2521020278386208,0.14423154660845663,0.23196729662909754,0.20913557224561044,0.8385945206008951,0.25826568055212273,0.32653061224489793,18931,0.009461705855951763,0.00930911680911681,23528,0.011759284526904711,1.242829221911151,0.009171131723507735,0.014074262231588364,0.5634515881538391,
Insertion_f8baebe097debc7aae21e97b850fd0e1,STFD,CAFTB-Net,Dark,Insertion,2340,1080,2082,961,0.8896008544727063,2290.349299999434,0.0,1470.7626953125,False,0.03847935686060771,0.4089197799015349,0.07033974295108099,0.036451879388682364,0.041798499041032146,0.03487606039636418,0.6436938035971796,0.12918981622809694,0.9795918367346939,6906,0.003451615902023289,0.0032446976891421335,73390,0.03668029120322751,10.62699102229945,0.03539101337281383,0.044312700629234314,0.997411847114563,
Removal_ea7e71324474ee7ba2bf946828125711,STFD,CAFTB-Net,Light,Removal,1080,2340,961,2082,0.8896008544727063,2287.8115000003163,0.0,1470.7626953125,False,0.002171241294551413,0.06554770318021201,0.004203251571970769,0.00210605191900499,0.0034105053899872824,0.0029201604610418603,0.5394145033321273,0.006771665151477924,0.02040816326530612,5660,0.0028288656248844214,0.0028644349477682813,170870,0.0854007542975267,30.18904593639576,0.08545707523574764,0.08543894439935684,0.9999997019767761,
Replacement_f0af52df304eab982dadd6c72c258653,STFD,CAFTB-Net,Light,Replacement,1080,2340,961,2082,0.8896008544727063,2283.533900000293,0.0,1470.7626953125,False,0.13708641537848254,0.9965654180530213,0.24101858581663382,0.13702167849711494,0.5341263107435741,0.29659108197159256,0.9918093855966683,0.36486621906002603,0.9795918367346939,9317,0.004656632690291193,0.004688192465970244,67731,0.033851925377923454,7.269614682837823,0.029347948892409433,0.03788955137133598,0.9999488592147827,
Splicing_e74d27a2c1ff882a82ac77276ca705a8,STFD,CAFTB-Net,Light,Splicing,1080,2340,961,2082,0.8896008544727063,2292.8031000001283,0.0,1470.7626953125,False,0.1063274258641867,0.30017635286424793,0.15703164681614165,0.08520582925087039,0.12738811278848663,0.1051626963643727,0.8836890260259879,0.20173740478807747,0.02040816326530612,50467,0.0252233854224456,0.025311807534029757,142475,0.0712089452129696,2.823131947609329,0.0652841691299187,0.07805987447500229,0.9999983310699463,
Copy-move_f7fce7642151761539a7b4ff73669229,STFD,CAFTB-Net,Light,Copy-move,1080,2316,966,2071,0.8941983055272923,2284.0784999998505,0.0,1470.7626953125,False,0.036882484270347064,0.1922962962962963,0.06189373297002724,0.031935159605502715,0.05374032094398319,0.040474452367673504,0.8515360389134914,0.08110924100344634,0.04081632653061224,23625,0.011809039951294271,0.011685616964114373,123175,0.06156946014817658,5.213756613756614,0.06000725355735394,0.0728636384010315,0.9999848008155823,
Insertion_f8ddd17e67c497719f3e8b0c48b59a3c,STFD,CAFTB-Net,Light,Insertion,1080,2340,961,2082,0.8896008544727063,2288.282400000753,0.0,1470.7626953125,False,0.029025976966385415,0.9951699154735207,0.05640674651674408,0.029021888409858084,0.48969908137389917,0.13906205258708326,0.9875899800133792,0.4294590089407486,1.0,5797,0.0028973381673948746,0.002900047483380817,198753,0.09933666599693523,34.285492496118685,0.09673359214638559,0.10016649961471558,0.999997615814209,
Removal_ec1682e5f64f48a86294867f483d7db6,STFD,CAFTB-Net,Light,Removal,1080,2340,961,2082,0.8896008544727063,2289.7544000006747,0.0,1470.7626953125,False,0.00045451862345788325,0.01599501454092231,0.0008839195518413077,0.0004421551907296709,0.0031098357533970353,0.0028594184363487925,0.5972995178972974,0.0048005201394484285,0.0,4814,0.002406035179892863,0.0024335232668566,169410,0.08467104691018901,35.19110926464479,0.08483668238486404,0.09104473888874054,0.9999954700469971,
Replacement_f4f4c83dedd7d589f222981a0c8f6c41,STFD,CAFTB-Net,Light,Replacement,1080,2400,949,2108,0.8784104611578831,2286.357799999678,0.0,1470.7626953125,False,0.10526162565018243,0.9998156512120933,0.19047033723451892,0.10525958272683164,0.5239398267962245,0.2464268930774919,0.9911982252681001,0.2636963776765487,0.9795918367346939,10849,0.005423165901188308,0.005447530864197531,103048,0.05151132821325954,9.498386948105816,0.04634047414536176,0.05351444333791733,0.9999980926513672,
Splicing_f0e4eff52a0b41e96f68b87875d0ea9e,STFD,CAFTB-Net,Light,Splicing,1080,2340,961,2082,0.8896008544727063,2320.830300000125,0.0,1470.7626953125,False,0.06718775985365043,0.5653882801333968,0.12010310093454989,0.06388813184077091,0.14422636112752665,0.07003488503678526,0.8565239906017976,0.131707112371671,0.02040816326530612,33584,0.01678526910708806,0.016756489395378285,282611,0.1412488592074578,8.415048832777513,0.13400802554673655,0.14238792657852173,0.9999995827674866,
Copy-move_f8e5bf605610efcbf4b3b998ad7fb37c,STFD,CAFTB-Net,Light,Copy-move,750,1334,750,1334,1.0,993.4749999993073,0.0,1470.7626953125,False,0.2706210334541232,0.1965923841312434,0.22774189336326703,0.12850379553092275,0.32955847544143796,0.30131258344732503,0.5287471818650847,0.43124157703732796,0.0,275031,0.2748935532233883,0.2748935532233883,199796,0.19969615192403797,0.7264490184742811,0.2008728146895319,0.19820214807987213,0.9999995231628418,
Insertion_fc760c8df9cc74c11de494109d4f73d1,STFD,CAFTB-Net,Light,Insertion,1080,2340,961,2082,0.8896008544727063,2295.919600000161,0.0,1470.7626953125,False,0.01212774966227796,1.0,0.023964859507754215,0.01212774966227796,0.1679795577242348,0.023369185704641908,0.9605794397995915,0.03765092017348494,0.9795918367346939,3609,0.001803776685549095,0.0017679645457423234,297582,0.14873135872515122,82.45552784704904,0.14719308549549293,0.14305007457733154,0.9999995231628418,
Removal_fc4cb83384bb0bae05f480797f13ce09,STFD,CAFTB-Net,Light,Removal,1080,2340,961,2082,0.8896008544727063,2300.05650000021,0.0,1470.7626953125,False,0.0004059013546957713,0.015126050420168067,0.0007905876152253999,0.00039545012659896416,0.002556701579211373,0.0022042829914154394,0.4986045733771839,0.004746799151559513,0.0,4760,0.002379046002552976,0.0024188825577714465,177383,0.08865594896446526,37.26533613445378,0.08883129713703419,0.09232558310031891,1.0,
Replacement_fabd143aba79c0bc969a036bc15401e4,STFD,CAFTB-Net,Light,Replacement,1080,2340,961,2082,0.8896008544727063,2288.7252000000444,0.0,1470.7626953125,False,0.03680196512491634,0.6040560115886046,0.06937714463970053,0.03593510998125687,0.1685674106556618,0.05072866775240577,0.9518350041214952,0.09550393779284219,0.9795918367346939,8284,0.004140339723770768,0.004130658436213992,135971,0.06795824874225435,16.41368903911154,0.06572939366168838,0.07166267186403275,0.9999987483024597,
Splicing_f6d19aa671cfe7861d87fc9009c9f741,STFD,CAFTB-Net,Light,Splicing,1080,2340,961,2082,0.8896008544727063,2287.0023999994373,0.0,1470.7626953125,False,0.12756550146725035,0.8576595119082623,0.2220970118285751,0.12492077087794433,0.2577904289155998,0.12179608122952221,0.91008727875301,0.23060440338637683,0.9795918367346939,34010,0.016998183728324942,0.017119341563786007,228659,0.11428367224742877,6.723287268450456,0.10142912926227074,0.11587951332330704,0.9999998807907104,
Copy-move_fb1bc387a45b448ab6765e2840b69511,STFD,CAFTB-Net,Light,Copy-move,1080,2340,961,2082,0.8896008544727063,2285.469700000249,0.0,1470.7626953125,False,0.043138788395153164,0.5340471915875865,0.07982920441557383,0.041574012373871615,0.04066934418098332,0.032452951253327804,0.7620141659938123,0.08766838070601596,0.02040816326530612,31192,0.01558974851084715,0.015778727445394113,386149,0.19299710815962798,12.379744806360605,0.18759602154741295,0.1818172186613083,0.999998927116394,
Insertion_fe85c1527cd534de74488f75039d3701,STFD,CAFTB-Net,Light,Insertion,1080,2340,961,2082,0.8896008544727063,2284.323900000345,0.0,1470.7626953125,False,0.1641645096347426,0.9996497373029772,0.2820158102766798,0.16415506729552515,0.575253564737763,0.22561201935177533,0.9950486999474994,0.416490331995622,1.0,5710,0.002853855603902835,0.0028474200696422917,34770,0.017378031409404828,6.089316987740806,0.014566746796638951,0.01737467758357525,0.9999979734420776,
Removal_fd6f0ef8ab0160ae3f329cafcabe1e5d,STFD,CAFTB-Net,Light,Removal,1080,2340,961,2082,0.8896008544727063,2285.83400000025,0.0,1470.7626953125,False,1.069604513731048e-05,0.0008962581223392337,2.1139805460940247e-05,1.0570014454494766e-05,0.0017989601618941442,0.0018183799203512778,0.4391773343996618,0.004451282000134646,0.0,4463,0.0022306055271835994,0.002263770180436847,373970,0.1869100490703228,83.7934125028008,0.18732590006005995,0.18051129579544067,0.999996542930603,
Replacement_fafb1bcffb7f13b78e2792ccb383ca44,STFD,CAFTB-Net,Light,Replacement,1080,2340,961,2082,0.8896008544727063,2286.630399999922,0.0,1470.7626953125,False,0.03167163297629594,0.993766846361186,0.061386849540301054,0.03166534258046508,0.2986744298804669,0.039647335370459974,0.9636508330293568,0.07005326183225556,0.9795918367346939,5936,0.0029668103090660647,0.002943573915796138,186255,0.09309017084149256,31.377190026954178,0.09041008268224532,0.09375462681055069,0.9999998807907104,
Splicing_f8dc40e9843cbbc64f7dde7606730bee,STFD,CAFTB-Net,Light,Splicing,1080,2340,961,2082,0.8896008544727063,2285.0902000000133,0.0,1470.7626953125,False,0.15723464088511196,0.5036270792697627,0.23964959849827927,0.13613744075829384,0.17370374154939644,0.12889887126305327,0.7327788507656482,0.26564174741514646,0.9795918367346939,91258,0.045610710105247795,0.045622032288698953,292302,0.14609241694080674,3.203028775559403,0.1290056683689928,0.1552819460630417,0.999999463558197,
Copy-move_fe591d44ebe6f6fb7d5558cd2b655e49,STFD,CAFTB-Net,Light,Copy-move,1080,2376,953,2098,0.8828357307829559,2286.4419999996244,0.0,1470.7626953125,False,0.07085837047782119,0.3150461262143848,0.11569523195634822,0.06139942641893693,0.11369309962061855,0.07470345767005959,0.8032611543669633,0.14814296492807943,0.02040816326530612,48996,0.024505425143818576,0.024367517770295548,217843,0.1089545132175049,4.446138460282472,0.1037772803294507,0.10789403319358826,0.9999977946281433,
Insertion_fef7659a07a083e5c08b06485a729921,STFD,CAFTB-Net,Light,Insertion,1080,2340,961,2082,0.8896008544727063,2286.160099999506,0.0,1470.7626953125,False,0.017137067310971036,0.9979198184568835,0.03369548906987807,0.017136455153601352,0.16679738614098705,0.03307945143645929,0.9566428616538939,0.05202080832332933,0.9795918367346939,5288,0.002642940180987424,0.0026634219689775245,307929,0.15390278498322174,58.23165658093797,0.15166618725801972,0.1520553082227707,0.9999979734420776,
Removal_ff1a6192576fe9705824e49685e3d4c2,STFD,CAFTB-Net,Light,Removal,1080,2340,961,2082,0.8896008544727063,2287.062600000354,0.0,1470.7626953125,False,0.0034420613401308633,0.2828929810515079,0.0068013679732565075,0.003412288100128122,0.004085092916349321,0.003894902643407341,0.7680043400202502,0.009345228434880132,0.02040816326530612,3747,0.0018727490276399163,0.001910414688192466,307955,0.1539157797723113,82.18708299973312,0.15367378464789402,0.14604662358760834,0.9999994039535522,
Replacement_fff4187a73a62199b2978c7c4ff05f99,STFD,CAFTB-Net,Dark,Replacement,1080,2340,961,2082,0.8896008544727063,2287.912000000688,0.0,1470.7626953125,False,0.02639406261552023,0.6113818996179686,0.050603513133361686,0.025958553569930362,0.04510852657024873,0.022341081706190258,0.9032445762949207,0.0564818312692076,0.9183673469387754,7591,0.0037939786145755553,0.003726654004431782,175835,0.08788225921405517,23.1636148070083,0.08588854867848913,0.09496985375881195,0.9999883770942688,
Splicing_fe87539c7c08f22c6bcc0fefc6687f4d,STFD,CAFTB-Net,Light,Splicing,1080,2340,961,2082,0.8896008544727063,2292.053600000145,0.0,1470.7626953125,False,0.051024312770273327,0.5893171125790049,0.09391708698747368,0.0492722988839135,0.09749715320974826,0.048342494257633095,0.8988746244105233,0.12810018107755777,0.1020408163265306,21043,0.010517282569689555,0.010608974358974359,243041,0.12147178981228528,11.549731502162238,0.11649902841709521,0.12238870561122894,0.9999994039535522,
Copy-move_009ce58b310b8bfbbbfca687d63bf2a8,STFD,ADCD-Net,Light,Copy-move,828,1792,828,1792,1.0,18884.758000000147,5974.974600000678,3067.55224609375,False,0.0,0.0,0.0,0.0,0.06335370982342464,0.0633363598348059,0.8342076746283892,0.14842992962230822,0.08163265306122448,21220,0.014301350069013112,0.014301350069013112,1986,0.001338476966873706,0.0935909519321395,0.001357896723270767,0.073240727186203,0.26772430539131165,
Insertion_01601bc6e402249be85408e27c8f9fc5,STFD,ADCD-Net,Light,Insertion,1080,2340,961,2082,0.8896008544727063,23987.155699999676,6352.9642999992575,3067.55224609375,False,0.0,0.0,0.0,0.0,0.004306078835799705,0.004315260468903974,0.9152764728363173,0.01576928165101204,0.3061224489795918,874,0.00043682483324187,0.00044199113643558085,13607,0.006800772890071081,15.568649885583524,0.006803744934817653,0.07927919179201126,0.4282791018486023,
Removal_00e160c33fdcf098c6a98a1b89ee99e9,STFD,ADCD-Net,Light,Removal,1080,2340,961,2082,0.8896008544727063,23263.985100000355,6196.892399999342,3067.55224609375,False,0.0,0.0,0.0,0.0,0.0026249367495573767,0.00264635091662921,0.5726971880639711,0.010453526146605161,0.08163265306122448,4189,0.002093660442162693,0.002157723963279519,21191,0.010591252907584059,5.058725232752447,0.01061347391808027,0.07472270727157593,0.5181460976600647,
Replacement_0086660a792bf62730c1bb8cce734cda,STFD,ADCD-Net,Light,Replacement,1080,2340,961,2082,0.8896008544727063,23074.614400000428,6196.600199999921,3067.55224609375,False,0.08841245533435427,0.636452719255267,0.15525741775480326,0.08416210437655901,0.4054394849012887,0.4055503240397615,0.9415420240689095,0.4972016609496299,0.8775510204081632,4082,0.0020401818870632877,0.002031101614434948,29385,0.014686610669121683,7.198677119059285,0.013415501422332625,0.1005813404917717,0.5560911297798157,
Splicing_03bb93c9e2cf0a8523ddd6520a89ccf8,STFD,ADCD-Net,Light,Splicing,1080,2340,961,2082,0.8896008544727063,22866.204099999777,5847.213000000011,3067.55224609375,False,0.2894774568131317,0.5505794137695978,0.3794512825331203,0.23414987679373822,0.25879553427880475,0.25882887992632153,0.9887383347899844,0.41046765204749214,0.36734693877551017,14670,0.007332059844002555,0.007460826210826211,27902,0.013945407891435535,1.901976823449216,0.009981713199324114,0.0817188024520874,0.6022260785102844,
Copy-move_024b8babee5808ee8791179652fe09b2,STFD,ADCD-Net,Light,Copy-move,1080,2340,961,2082,0.8896008544727063,23928.707600000052,6105.193100000179,3067.55224609375,False,0.10946882217090069,0.35412775494957044,0.1672400105848108,0.09125036095870633,0.18042851321133568,0.18069952709643822,0.7351776959371581,0.39793014230271667,0.8979591836734693,2677,0.001337963476645865,0.0013433839822728712,8660,0.004328264365989238,3.2349645125140083,0.0038596183922427274,0.07699290663003922,0.3252079486846924,
Insertion_055f2a90df87c256c6d21b22514b09b4,STFD,ADCD-Net,Dark,Insertion,2340,1080,2082,961,0.8896008544727063,22941.44950000009,5915.288700000019,3067.55224609375,False,0.23463496001026474,0.36536796536796534,0.28575893322221063,0.16669705256760864,0.14995994303695004,0.15000537673452996,0.8315364520582905,0.30744081855058425,0.5510204081632653,15015,0.007504490699229609,0.007243194048749605,23381,0.011685813988590575,1.557176157176157,0.00901154051265317,0.09627404063940048,0.5138794779777527,
Removal_01019babbd0e0d81bb5fe89a4c627434,STFD,ADCD-Net,Light,Removal,1080,2400,949,2108,0.8784104611578831,23121.081799999956,5964.342999999644,3067.55224609375,False,0.0,0.0,0.0,0.0,0.002181321231435958,0.0023584014202328984,0.38911917965986687,0.005794621839510651,0.08163265306122448,5475,0.002736826740621807,0.002758101851851852,13180,0.006588379258702359,2.4073059360730595,0.006606459995077736,0.09042106568813324,0.4495151937007904,
Replacement_01f8d846db305c95b3ba1d7016cad44f,STFD,ADCD-Net,Light,Replacement,1080,2400,949,2108,0.8784104611578831,22936.056699999426,5908.20259999964,3067.55224609375,False,0.18804552754695902,0.33091668714671907,0.23981477358742598,0.13624405544875037,0.1922988040203772,0.19245282481644488,0.9809364882826872,0.29067827111212907,0.4081632653061224,8138,0.004067999272179044,0.0040578703703703705,14321,0.0071587389502182465,1.7597689850086016,0.0058363122216232655,0.07689826190471649,0.44081059098243713,
Splicing_067cfe272d30598edf0fd675e8c6b87b,STFD,ADCD-Net,Light,Splicing,1080,2340,961,2082,0.8896008544727063,22907.85330000017,5783.506199999465,3067.55224609375,False,0.23859720251368335,0.0981582104297509,0.1390936775601109,0.07474512600813839,0.1175914702304997,0.11760132120203466,0.5761874903284387,0.2214655678397479,0.26530612244897955,155881,0.07790925838738666,0.07775522317188983,64129,0.032051647289436935,0.4113971555224819,0.026466173890372542,0.10843846946954727,0.8698188662528992,
Copy-move_02eb0cb9da173f7d40e5281738d85826,STFD,ADCD-Net,Light,Copy-move,828,1792,828,1792,1.0,19006.849700000203,6019.350999999915,3067.55224609375,False,0.0,0.0,0.0,0.0,0.014299744072141447,0.014302624514613787,0.7880245557960446,0.042554920340114336,0.08163265306122448,6559,0.004420478562801932,0.004420478562801932,461,0.0003106937974465148,0.07028510443665192,0.0003120733108270484,0.07274804264307022,0.21887055039405823,
Insertion_05b7cf2bf0691d2a0d182bb8e0cb1342,STFD,ADCD-Net,Light,Insertion,1080,2340,961,2082,0.8896008544727063,22871.264800000063,5851.466799999798,3067.55224609375,False,0.001671599254631152,0.011412535079513564,0.0029160790687668813,0.0014601685178092685,0.0062554987622686145,0.006261629129634655,0.7683269313786023,0.024225626812431032,0.32653061224489793,5345,0.0026714287570684158,0.0027093225704336817,36492,0.018238686286798995,6.827315247895229,0.018256970708965415,0.10510601103305817,0.6020789742469788,
Removal_03d151197ba22ae5b1e7db33d7199858,STFD,ADCD-Net,Light,Removal,1125,2436,961,2081,0.8542797160427661,22877.80819999989,5827.66410000022,3067.55224609375,False,0.0,0.0,0.0,0.0,0.0022466514205307683,0.0024223638104011215,0.44148015047234856,0.004759028060805812,0.0,4770,0.002385189622574995,0.0023933588761174966,11109,0.00555494161785862,2.328930817610063,0.005568222885300824,0.0800880491733551,0.4381706118583679,
Replacement_02d75e90a1f072a7e4b76dd2a80b953f,STFD,ADCD-Net,Light,Replacement,1080,2340,961,2082,0.8896008544727063,23199.018899999828,6030.222299999878,3067.55224609375,False,0.1446974989520749,0.6078178189928395,0.23374864572047668,0.13234166538874406,0.1406415696092957,0.14067418768281778,0.8942618817043555,0.25767006638420026,0.6530612244897959,17038,0.008515585250314624,0.008525641025641026,71570,0.03577065596695725,4.2006104002817235,0.030857501194698562,0.10068058222532272,0.8429186940193176,
Splicing_0a91a7d79de0bff44f90ad13f31d6c26,STFD,ADCD-Net,Dark,Splicing,1080,2340,961,2082,0.8896008544727063,22716.656300000068,5777.861499999744,3067.55224609375,False,0.010365895517265052,0.014173745717369879,0.011974385916218949,0.006023255350126648,0.03202487410441822,0.032026718856680125,0.8173756957948306,0.07435422045793191,0.1020408163265306,21307,0.010649229658906778,0.010745884773662551,29134,0.014561160974449245,1.3673440653306426,0.01456533105665839,0.10201165825128555,0.5457508563995361,
Copy-move_03f1afccc57a6c41a901a3ff937ffd92,STFD,ADCD-Net,Light,Copy-move,1125,2436,961,2081,0.8542797160427661,23064.287300000615,5994.224799999756,3067.55224609375,False,0.0,0.0,0.0,0.0,0.0012945362204069054,0.001296053071819185,0.7334066743948664,0.0035879372534086463,0.1020408163265306,1454,0.0007270578010951871,0.0007283342455756249,23656,0.01182894040076186,16.269601100412654,0.011837546981640693,0.09979161620140076,0.5251496434211731,
Insertion_06ed95162505f40cded6380200e747be,STFD,ADCD-Net,Dark,Insertion,1080,2340,961,2082,0.8896008544727063,22821.90630000059,5812.180400000216,3067.55224609375,False,0.06746499921346547,0.5207953855494839,0.11945546967481371,0.06352174476514913,0.05752747298650546,0.057549764960632445,0.9539735723587379,0.11954566966398486,0.4693877551020408,6588,0.003292679635466178,0.003291389680278569,50856,0.025417807459208856,7.719489981785064,0.023781299298871635,0.09619898349046707,0.6367204189300537,
Removal_0688f1f7ea3d5001a6e53f7f471d9567,STFD,ADCD-Net,Light,Removal,1668,2224,1225,1633,0.7342595152227752,26437.231500000053,9320.712599999752,3067.55224609375,False,0.0,0.0,0.0,0.0,0.002733511258851818,0.0028445448039324797,0.42084260046339966,0.006373267158987852,0.0,6395,0.0031968206756064336,0.003170664906923382,4705,0.0023520001999575092,0.7357310398749023,0.002359543236561135,0.06961958110332489,0.2546598017215729,
Replacement_038acd37ab42f2c765f383d057a4449a,STFD,ADCD-Net,Dark,Replacement,1080,2340,961,2082,0.8896008544727063,22798.400499999843,5867.18269999983,3067.55224609375,False,0.02280081270223493,0.13531316288936027,0.03902564680501666,0.01990115104842285,0.033123065699887856,0.033135318062578106,0.9290071453131431,0.08377161809997631,0.673469387755102,8957,0.004476704841358615,0.004487179487179487,53156,0.026567346494055885,5.934576309032042,0.026078334408550865,0.10426745563745499,0.6199849247932434,
Splicing_0b77b1d80fc44728edca27fbee61150b,STFD,ADCD-Net,Light,Splicing,1080,2340,961,2082,0.8896008544727063,22744.264199999634,5830.02149999993,3067.55224609375,False,0.15280365296803652,0.5253705099221301,0.2367490166114837,0.1342684727482827,0.18216287292521366,0.18219152682329215,0.8776122577606273,0.38053037248310756,0.8163265306122448,23886,0.011938212776676553,0.012060383032605254,82125,0.04104604053774436,3.4382064807837227,0.03519421159017379,0.12106091529130936,0.8849195241928101,
Copy-move_061049b1fcaef43bf293c09a411c6f83,STFD,ADCD-Net,Light,Copy-move,1536,2048,1225,1633,0.7973599423122324,26302.451599999586,9220.800699999927,3067.55224609375,False,0.0925776289968833,0.37371854613233924,0.1483948561384032,0.08014389927051065,0.05081443078984956,0.05085988871001609,0.9785302049944267,0.16415123696903688,0.4081632653061224,2146,0.0010727720359423622,0.0010738372802734375,8663,0.004330579751802742,4.036812674743709,0.003933885108135551,0.07000383734703064,0.22835762798786163,
Insertion_0a5357af2274e960c481e52e335737ab,STFD,ADCD-Net,Dark,Insertion,2340,1080,2082,961,0.8896008544727063,23101.98330000003,5818.734600000425,3067.55224609375,False,0.06341149285957802,0.21580507928322806,0.09802084553226373,0.051536235453481925,0.030325163671735232,0.030338832953998446,0.6905138757388624,0.10846382556987116,0.6122448979591836,7757,0.0038769453449166882,0.003695789806900918,26399,0.01319420912214202,3.403248678612866,0.012405640615239496,0.09114685654640198,0.5479320287704468,
Removal_0741e6e6937021173915d0ae99da3e7d,STFD,ADCD-Net,Light,Removal,750,1334,750,1334,1.0,15011.553499999536,7571.654700000181,3067.55224609375,False,0.0,0.0,0.0,0.0,0.010946052675265775,0.01121820505226212,0.4442620870791111,0.026796517458561247,0.0,13587,0.013580209895052474,0.013580209895052474,4094,0.004091954022988506,0.3013174357842055,0.004148288653609791,0.07262052595615387,0.3189519941806793,
Replacement_043dca008c5bdbc60f836dee1b09255a,STFD,ADCD-Net,Light,Replacement,1080,2340,961,2082,0.8896008544727063,23582.24220000011,6205.135399999563,3067.55224609375,False,0.0,0.0,0.0,0.0,0.006643665219647172,0.006648779935649509,0.7689538770337635,0.025822404457103508,0.2040816326530612,4098,0.00204817868034918,0.002034267173156062,24144,0.012067161068411566,5.891654465592972,0.012091927496514256,0.0816718265414238,0.5585502982139587,
Splicing_0d8f792dbe16eec04d5c6dbf01999b6d,STFD,ADCD-Net,Light,Splicing,1080,2376,953,2098,0.8828357307829559,23082.51830000063,6072.6878000004945,3067.55224609375,False,0.2630057803468208,0.024915579081865473,0.045518966235931636,0.02328954103395325,0.08539628537286308,0.08541889710764494,0.666785922945181,0.16681562318704235,0.1020408163265306,65742,0.03288096293176833,0.032634991894251154,6228,0.003114943827979878,0.09473396002555444,0.002373746672100254,0.06948286294937134,0.22840312123298645,
Copy-move_0ba51385ddc8ade89a53f4b5881abf9b,STFD,ADCD-Net,Light,Copy-move,1080,2340,961,2082,0.8896008544727063,23345.211999999265,6178.931100000227,3067.55224609375,False,0.0833255313172924,0.2362121131694888,0.12319362161563589,0.06564002714104493,0.04144602484753158,0.04146092051699628,0.7168813238170179,0.12285412322545632,0.5102040816326531,18839,0.009415724294557882,0.009589268755935423,53405,0.026691796589567583,2.8348107649025955,0.024700259288392368,0.09419050067663193,0.6433900594711304,
Insertion_0b4b08e91979a49462dba53b2b4b6de3,STFD,ADCD-Net,Light,Insertion,1080,2340,961,2082,0.8896008544727063,22712.60009999969,5744.639799999277,3067.55224609375,False,0.10480862235733039,0.4476246680436707,0.16984828976095842,0.09280557934662914,0.12213183872111727,0.12235127849159655,0.985907914998112,0.25321049692908987,0.673469387755102,3389,0.0016938207778680748,0.0016619183285849952,14474,0.007234099126250374,4.270876364709354,0.006486890793241057,0.07771525532007217,0.4570324420928955,
Removal_0c26649b813da6323a630ce7db42fa86,STFD,ADCD-Net,Light,Removal,1080,2316,966,2071,0.8941983055272923,22702.468499999668,5746.839200000068,3067.55224609375,False,0.0,0.0,0.0,0.0,0.015759565584241356,0.0160103119489677,0.4031345090640681,0.039940196497223406,0.0,40766,0.020377029530347607,0.020127294825049574,17505,0.008749936268673278,0.42940195260756514,0.008931942729434336,0.0758778303861618,0.46551382541656494,
Replacement_0540354a04e76f790be8fb4a8c5e73a2,STFD,ADCD-Net,Light,Replacement,1080,2400,949,2108,0.8784104611578831,22793.72400000011,5787.726100000327,3067.55224609375,False,0.13267259826557046,0.7842876165113183,0.22695308737115888,0.1280017385635119,0.1013781606887302,0.10155798243516673,0.9842609019552211,0.2320792079207921,0.5102040816326531,1502,0.0007508152994363386,0.0007565586419753087,8879,0.004438408151594708,5.911451398135819,0.0038524454849699096,0.07300766557455063,0.31613650918006897,
Splicing_1220a547730c899ed1300b1435b0b30f,STFD,ADCD-Net,Light,Splicing,1080,2340,961,2082,0.8896008544727063,22910.108000000037,5875.047900000027,3067.55224609375,False,0.0,0.0,0.0,0.0,0.02467101664770723,0.024690176168189665,0.7282064880278524,0.06167733208469903,0.08163265306122448,17089,0.008541075028913405,0.008605175688509022,3261,0.001629846431580936,0.1908245069928024,0.0016438869937334686,0.07328587770462036,0.2646123766899109,
Copy-move_0c06e9cb158605d473729a990b782ccf,STFD,ADCD-Net,Light,Copy-move,1080,2340,961,2082,0.8896008544727063,22714.73480000077,5770.797900000616,3067.55224609375,False,0.0004222972972972973,0.00016267216137078408,0.00023487042981288651,0.00011744900755588615,0.08696135097427178,0.08696635118944489,0.9306305827489554,0.16794243993848004,0.24489795918367346,18442,0.009217303861151677,0.009309908198797087,7104,0.0035505762189362066,0.3852076781260167,0.003582094069694707,0.07545719295740128,0.3735111951828003,
Insertion_0d2b0a54f62c0462cd0b5b0f20dd1725,STFD,ADCD-Net,Light,Insertion,1080,2340,961,2082,0.8896008544727063,22748.31650000033,5773.819600000024,3067.55224609375,False,0.0341808698891683,0.062256149279050044,0.04413179413179413,0.022563787273286198,0.0300661709060676,0.030081840422154303,0.9447532590001677,0.06831156265118529,0.7346938775510203,5895,0.0029463185262709655,0.0029736467236467236,10737,0.00536634809441414,1.8213740458015266,0.0051982373113132595,0.08093035966157913,0.4041786193847656,
Removal_0e970b2e3b06582210767d2d22500d59,STFD,ADCD-Net,Light,Removal,1080,2340,961,2082,0.8896008544727063,22691.45329999992,5750.3991000003225,3067.55224609375,False,0.0,0.0,0.0,0.0,0.0018606621586547418,0.0018773239310727707,0.4639650325955826,0.004861352808805107,0.061224489795918366,4414,0.002206115347745554,0.002225783475783476,48358,0.02416930810744891,10.9555958314454,0.024222746279781285,0.09502533078193665,0.8989274501800537,
Replacement_09793c415afe9bbc8785ca970d756ca6,STFD,ADCD-Net,Light,Replacement,750,1334,750,1334,1.0,14437.674800000423,7072.438299999703,3067.55224609375,False,0.3065285539048658,0.8593809705769966,0.4518786417520595,0.2918883841661259,0.48466551074340264,0.4848299135051151,0.9978642005224412,0.536639526276832,0.836734693877551,2617,0.0026156921539230386,0.0026156921539230386,7337,0.007333333333333333,2.8035918991211313,0.005098794147209643,0.07244659215211868,0.3678048253059387,
Splicing_17e7285d95837f602c43dd7eb1fb45a9,STFD,ADCD-Net,Light,Splicing,1080,2340,961,2082,0.8896008544727063,22799.06949999986,5794.0097999999125,3067.55224609375,False,0.009116910976045764,0.004661791590493601,0.00616910608443208,0.003094096948371049,0.025940997275049824,0.02594834697804529,0.753817840659899,0.09720777329283009,0.3469387755102041,10940,0.005467807409228899,0.005435660018993352,5594,0.0027958788525801154,0.5113345521023765,0.0027856203093480853,0.07444246858358383,0.2901172637939453,
Copy-move_0ddc6c5014b28a85ff2ebef599189d41,STFD,ADCD-Net,Dark,Copy-move,2340,1080,2082,961,0.8896008544727063,22969.28190000017,5757.820799999536,3067.55224609375,False,0.5079624893435635,0.5911814898599039,0.5464216279666922,0.37591480341190125,0.6396320586621351,0.6396287022136921,0.9390968139151742,0.6056626821394294,0.673469387755102,25197,0.012593450026539358,0.01256568534346312,29325,0.014656622694299586,1.1638290272651506,0.007303585483940362,0.0842878594994545,0.6731107234954834,
Insertion_0e1a56122f005291210707b0a315caea,STFD,ADCD-Net,Light,Insertion,1080,2340,961,2082,0.8896008544727063,23010.194099999353,5931.510200000048,3067.55224609375,False,0.0,0.0,0.0,0.0,0.013844060470908017,0.013850966643216157,0.8903034208695166,0.03396529813004124,0.1020408163265306,4424,0.0022111133435492366,0.002204811649256094,492,0.00024590139354119,0.1112115732368897,0.0002464463142751523,0.07784362882375717,0.2813967168331146,
Removal_1218890d5ba96516f106fb82866a8181,STFD,ADCD-Net,Light,Removal,1080,2400,949,2108,0.8784104611578831,22786.81290000077,5810.051900000872,3067.55224609375,False,0.0002111359112022682,0.00273224043715847,0.00039198118490312467,0.0001960290122938195,0.0013139207229279004,0.0013325776562151705,0.5110298206262529,0.0038275124732715608,0.08163265306122448,2562,0.0012806849515019304,0.0012665895061728396,33154,0.016572923060927013,12.940671350507417,0.01659067134484191,0.08795704692602158,0.5921033620834351,
Replacement_0b24d2381574ad95eee0abcc9c934979,STFD,ADCD-Net,Light,Replacement,1080,2400,949,2108,0.8784104611578831,22762.730700000247,5716.595900000357,3067.55224609375,False,0.23963797774831383,0.9983189241114313,0.38649993026823487,0.23954131612308402,0.39154359361663044,0.39173843836728045,0.9980322699926633,0.47814382771439556,0.6326530612244897,4164,0.002081487953963325,0.0020729166666666665,17347,0.008671366843756436,4.165946205571566,0.006607130691950421,0.08015947043895721,0.4478013217449188,
Splicing_196442f74f580afa369ec9654d14bc88,STFD,ADCD-Net,Light,Splicing,1080,2340,961,2082,0.8896008544727063,23126.39239999953,5951.862400000209,3067.55224609375,False,0.0,0.0,0.0,0.0,0.009240400837480935,0.00924478240639029,0.9183153451037315,0.027845464015580416,0.16326530612244897,3191,0.0015948604609551569,0.001621161760050649,41479,0.02073118679409557,12.998746474459416,0.020764302959885583,0.10413389652967453,0.5903783440589905,
Copy-move_0e05d3c134edaf046c427c46481c3761,STFD,ADCD-Net,Light,Copy-move,1080,2340,961,2082,0.8896008544727063,22561.786799999936,5715.827100000752,3067.55224609375,False,0.029706592522133608,0.040888262248854425,0.03441188311825906,0.01750716888381018,0.049622977991561325,0.049634870192257284,0.7929453919655207,0.1503059975520196,0.2857142857142857,19859,0.00992551986653352,0.010007913896802785,27334,0.013661521729786356,1.3764036457022004,0.013388573018002033,0.09077108651399612,0.5396372675895691,
Insertion_10717e9f26a13147bd089a8e7a20ebd4,STFD,ADCD-Net,Light,Insertion,1080,2340,961,2082,0.8896008544727063,23148.029800000586,5852.212100000543,3067.55224609375,False,0.05772199810747547,0.32510518934081345,0.09803755709693791,0.05154547476095175,0.04843846530963876,0.048480609385981525,0.8972296687902387,0.14757493188010898,0.7346938775510203,3565,0.0017817855040128908,0.0017473884140550807,20079,0.01003547577421454,5.632258064516129,0.00947308706978691,0.08627135306596756,0.5086454749107361,
Removal_1229665d47d3baac058dce459e995a77,STFD,ADCD-Net,Light,Removal,1080,2400,949,2108,0.8784104611578831,22571.11580000037,5761.613500000749,3067.55224609375,False,0.00024258106250505377,0.004676539360872954,0.0004612368835761233,0.00023067163892199455,0.0012842709101664837,0.0013241745780361801,0.5924414273031267,0.0021386562110140795,0.7959183673469387,1283,0.0006413422298114663,0.0006350308641975309,24734,0.01236395846621731,19.27825409197194,0.012368891896745162,0.07775149494409561,0.5447297096252441,
Replacement_0e4d3a9d7972fcbd4b1985f571275940,STFD,ADCD-Net,Light,Replacement,1080,2340,961,2082,0.8896008544727063,22787.055099999634,5776.757900000121,3067.55224609375,False,0.1355251736111111,0.17759135504052326,0.1537325373869161,0.08326666666666667,0.16765122751006428,0.16775261893932303,0.9536640096946907,0.2761618187897024,0.6938775510204082,7033,0.0035150904487300594,0.003513770180436847,9216,0.004606152932673998,1.3103938575287928,0.003995949380294307,0.07536287605762482,0.31896737217903137,
Splicing_1fe527c20071cb904644c57dc12ed10a,STFD,ADCD-Net,Light,Splicing,1080,2400,949,2108,0.8784104611578831,23022.589100000005,5838.924199999383,3067.55224609375,False,0.04072000878059488,0.010500396241367598,0.016695542605134665,0.008418043202033036,0.046821700630307876,0.04682233569710191,0.7184724714716597,0.11372500757346259,0.08163265306122448,35332,0.01766165523281273,0.01747337962962963,9111,0.004554379622612837,0.2578682214423186,0.004447475014757068,0.07414229959249496,0.2752186357975006,
Copy-move_10e0a02dffa95540e3cb2f8403a9a772,STFD,ADCD-Net,Light,Copy-move,750,1334,750,1334,1.0,14295.438799999829,7032.070600000225,3067.55224609375,False,0.0,0.0,0.0,0.0,0.03951904574458493,0.03949334333158104,0.7283069177027384,0.09653503406135724,0.08163265306122448,16197,0.016188905547226386,0.016188905547226386,1102,0.0011014492753623189,0.06803729085633142,0.0011195739523297196,0.07382015138864517,0.2100362479686737,
Insertion_111a8679564aa499f0e4433c1f2dc703,STFD,ADCD-Net,Dark,Insertion,1080,2340,961,2082,0.8896008544727063,22954.094100000475,5842.72030000011,3067.55224609375,False,0.007871662016739736,0.01240772734411811,0.009632384319941473,0.004839500122518991,0.018335031804528456,0.018340714577022563,0.9049369888205214,0.04515989027192753,0.18367346938775508,6367,0.00318222392820479,0.0031568534346312124,10036,0.005015988588575981,1.5762525522223967,0.004992391328872588,0.09453463554382324,0.4310563802719116,
Removal_13f7d43481802597496e580c07b1b01d,STFD,ADCD-Net,Light,Removal,1080,2340,961,2082,0.8896008544727063,22922.616999999263,5809.506900000088,3067.55224609375,False,0.0,0.0,0.0,0.0,0.0031656477078131798,0.0032436903246512274,0.4665162502136433,0.007176269803840325,0.0,7205,0.003601055976553402,0.0036237733459955684,11715,0.00585515208401431,1.6259541984732824,0.005876313016121112,0.07979242503643036,0.40949133038520813,
Replacement_0e6636a652a089eab7ea4684b7dd656d,STFD,ADCD-Net,Light,Replacement,1080,2400,949,2108,0.8784104611578831,22906.122599999435,5807.486400000016,3067.55224609375,False,0.29320504214216453,0.9146114471847371,0.4440553515955944,0.2853927689850443,0.4079250962003698,0.40817684308863555,0.9982433211863321,0.5453764672201546,0.7142857142857142,4298,0.0021484714760169,0.0021454475308641976,13407,0.006701851344569236,3.119357840856212,0.0047470336049502205,0.07352902740240097,0.32182377576828003,
Splicing_20bc94ca66f9537bc397a58f1e21795d,STFD,ADCD-Net,Light,Splicing,1080,2340,961,2082,0.8896008544727063,22897.310999999718,5822.246599999744,3067.55224609375,False,0.1688148293119356,0.11412047099737285,0.1361811538635031,0.07306565986592124,0.11372198853727712,0.11372772903804244,0.8150880541729297,0.22121982740651186,0.3061224489795918,52909,0.02644389599770492,0.02657684393795505,35767,0.017876331591031996,0.6760097525940766,0.015262131954886638,0.09993887692689896,0.6539363265037537,
Copy-move_12c86e02e6837ec4743391be11037c27,STFD,ADCD-Net,Light,Copy-move,1080,2340,961,2082,0.8896008544727063,22824.371100000462,5715.223499999411,3067.55224609375,False,0.19317819572840295,0.05056573545609292,0.08015130874125412,0.04174876338233876,0.13819868349492548,0.13819754025175765,0.7832577345130164,0.27532427622059746,0.2857142857142857,59922,0.029948990454827615,0.030145615701171257,15685,0.007839356418076352,0.26175695070258004,0.006520238242446725,0.09057925641536713,0.4569268822669983,
Insertion_113f1c92b3288b661abeb7a3f28675a2,STFD,ADCD-Net,Light,Insertion,1080,2340,961,2082,0.8896008544727063,22598.321000000396,5740.364600000248,3067.55224609375,False,0.0,0.0,0.0,0.0,0.04726171001036647,0.04727258563032082,0.9642531829658939,0.10014942488793134,0.08163265306122448,7438,0.0037175092787792097,0.0037385248496359606,6260,0.0031287453731053847,0.8416240924979833,0.003140419913272237,0.07187396287918091,0.26564159989356995,
Removal_186c8e94ee42eb0fd7e71f5438445743,STFD,ADCD-Net,Light,Removal,1080,2400,949,2108,0.8784104611578831,22850.3297999996,5823.485300000357,3067.55224609375,False,0.0,0.0,0.0,0.0,0.0008820622702162305,0.0009717859920519953,0.44239751163931784,0.0019755601831737803,0.0,1978,0.0009887567658356045,0.0009918981481481482,5519,0.0027588213299528314,2.790192113245703,0.0027615518330119278,0.07299070805311203,0.2445150762796402,
Replacement_1050dfe933b6e454daae1a9085b16fb7,STFD,ADCD-Net,Light,Replacement,1080,2340,961,2082,0.8896008544727063,22874.087999999574,5801.046499999757,3067.55224609375,False,0.01023049426845803,0.04838239580297289,0.01688965762832579,0.008516751321122569,0.02589849129338286,0.025912052055399787,0.9653532550904821,0.07304355850867479,0.2040816326530612,3431,0.0017148123602435423,0.0017240424184868629,16226,0.008109747991055587,4.72923345963276,0.00804056932838216,0.0857229083776474,0.48272058367729187,
Splicing_243350c2f6f4f1a2afaeefb3d4f6bc63,STFD,ADCD-Net,Light,Splicing,1080,2340,961,2082,0.8896008544727063,22614.5276999996,5734.288900000138,3067.55224609375,False,0.1671301900991395,0.08937100866065961,0.1164641236690303,0.06183270790461203,0.1743664114314019,0.17436594625827515,0.8490670450617199,0.34635265217249706,0.1020408163265306,57155,0.028566045015948605,0.028759100981323203,30563,0.015275374574795508,0.534738867990552,0.01309651392459639,0.08324796706438065,0.5759098529815674,
Copy-move_18ae91d871a2faaf89cb94f195f8ee1c,STFD,ADCD-Net,Light,Copy-move,1080,2400,949,2108,0.8784104611578831,23107.397700000547,5818.192299999282,3067.55224609375,False,0.0,0.0,0.0,0.0,0.0018923762817527254,0.0018959492118460998,0.820760041028032,0.005790651511511764,0.18367346938775508,955,0.00047738256388928324,0.0004814814814814815,10715,0.005356182379134733,11.219895287958115,0.005358740548436963,0.0801011398434639,0.40673545002937317,
Insertion_135c6ae8c915334783f2abd38edf4887,STFD,ADCD-Net,Dark,Insertion,1080,2340,961,2082,0.8896008544727063,22926.224299999376,5879.502899999352,3067.55224609375,False,0.09225377212783652,0.3375353184090415,0.14490319570795426,0.07811085403882909,0.0605132425347819,0.060543565115721315,0.9755775531614477,0.172009060333585,0.5510204081632653,4601,0.002299577869274421,0.0023171889838556506,16834,0.008413626135919497,3.6587698326450773,0.007655040749904443,0.08432751893997192,0.48076963424682617,
Removal_1a1ed027e3bd93fde05f97995915dda9,STFD,ADCD-Net,Light,Removal,1080,2376,953,2098,0.8828357307829559,22864.792899999884,5828.7695999997595,3067.55224609375,False,0.0,0.0,0.0,0.0,0.0013456496208599288,0.0014017607940468354,0.45919916029592095,0.003158961268018838,0.0,3163,0.001581979339739941,0.0015798416261379223,12858,0.006430948577418958,4.065128042997155,0.00644113832517379,0.07713130861520767,0.4149484634399414,
Replacement_107cf9e9d3be616086d6b47f7e3c5077,STFD,ADCD-Net,Light,Replacement,1080,2340,961,2082,0.8896008544727063,22873.38120000004,5776.369399999567,3067.55224609375,False,0.013113011119479023,0.07621009268795056,0.022375930755565637,0.011314552196016972,0.03279037444767385,0.03280653426599655,0.887847959300029,0.11431168437682603,0.3877551020408163,3884,0.0019412215701503698,0.0019321779044001266,22573,0.011281975927653011,5.811791967044284,0.01115569091970727,0.0927792638540268,0.5240682363510132,
Splicing_2ceae21aa971b8c26829ce672a8f7a44,STFD,ADCD-Net,Light,Splicing,1080,2340,961,2082,0.8896008544727063,22664.58860000057,5738.592999999128,3067.55224609375,False,0.14555797792614797,0.21322355289421158,0.17300996032067373,0.09469671786007136,0.18639755916518574,0.1864297815286673,0.9758550163181319,0.32962458131253897,0.22448979591836732,20040,0.010015983590580178,0.01010446343779677,29356,0.014672116481291003,1.4648702594810379,0.012663308363145092,0.08274472504854202,0.6190409064292908,
Copy-move_1be9b907ab51516c6f61d0f735fcc22b,STFD,ADCD-Net,Light,Copy-move,1080,2340,961,2082,0.8896008544727063,22819.052200000442,5815.807400000267,3067.55224609375,False,0.11748195669607057,0.30333225493367844,0.16936722122870718,0.0925184030313197,0.10765090011941406,0.10764972558850376,0.816399312829763,0.21967671366067087,0.8775510204081632,15455,0.007724402514591649,0.007769072491294713,39904,0.019944002455015538,2.5819475897767714,0.01773795714300825,0.08281627297401428,0.8665409088134766,
Insertion_165c9b4142ea4501f78b94a43c92c5ff,STFD,ADCD-Net,Light,Insertion,1080,2340,961,2082,0.8896008544727063,22819.130899999436,5824.08630000009,3067.55224609375,False,0.04012031162683673,0.43863432165318955,0.07351634616832563,0.03816089797705031,0.03050633924012048,0.030516307322705796,0.9378384575697212,0.09091207313205979,0.42857142857142855,5565,0.0027813846647494356,0.0027441437163659385,60842,0.030408806068766423,10.9329739442947,0.029270206997965655,0.12405561655759811,0.7402705550193787,
Removal_1b14181bbb0000ee22b064d9ef40393a,STFD,ADCD-Net,Light,Removal,1080,2340,961,2082,0.8896008544727063,22793.601299999864,5811.3220999994155,3067.55224609375,False,0.0,0.0,0.0,0.0,0.001797751312620753,0.001807621203956102,0.5272654332672799,0.0044886429594087375,0.061224489795918366,3646,0.0018222692700227208,0.0018190091801202912,24647,0.012318560257336807,6.760010970927043,0.012341048971637668,0.08694414794445038,0.5320446491241455,
Replacement_12b4b3511b85556659c76dea6463b2b0,STFD,ADCD-Net,Light,Replacement,1080,2340,961,2082,0.8896008544727063,22961.60080000027,5790.307400000529,3067.55224609375,False,0.0,0.0,0.0,0.0,0.01984077942431263,0.019846101388776276,0.8063181721619723,0.07001176909607601,0.24489795918367346,7965,0.003980903657633289,0.004019863880974992,13521,0.00675779012615941,1.6975517890772127,0.006784799760341664,0.08624396473169327,0.41297709941864014,
Splicing_319013e0aa0e47d42d2d25a4d435d1b1,STFD,ADCD-Net,Light,Splicing,1080,2340,961,2082,0.8896008544727063,22666.802699999607,5767.593799999304,3067.55224609375,False,0.32588660955046594,0.06995376713583376,0.11518277234889612,0.061110844414574435,0.24717152559700933,0.24722968630879508,0.5951796117330661,0.24878066430720944,0.061224489795918366,272966,0.13642829225480582,0.13683998100664768,58594,0.029285256612098548,0.21465677044027462,0.022860387212675276,0.09012509882450104,0.8195063471794128,
Copy-move_1d7789707297e2e28fbac34c2db0cb99,STFD,ADCD-Net,Light,Copy-move,1080,2340,961,2082,0.8896008544727063,22714.847600000212,5824.4032000002335,3067.55224609375,False,0.04861866026914571,0.04029451969678141,0.04406693281236728,0.0225298777098388,0.08251392549734125,0.08251490480574894,0.839344012174328,0.2119378382188676,0.1020408163265306,32188,0.01608754889289395,0.016051756885090217,26677,0.0133331534054844,0.8287871256368833,0.012892319164650867,0.0854157954454422,0.5739778876304626,
Insertion_186113238b1e1a29b72d99836e01e2cc,STFD,ADCD-Net,Light,Insertion,1080,2340,961,2082,0.8896008544727063,22738.139000000047,5780.953299999965,3067.55224609375,False,0.09112862653027,0.5971428571428572,0.15812600029099375,0.08585060667340748,0.06975801436140971,0.06978993511817119,0.9756583519383458,0.17972057578323455,0.7551020408163265,4550,0.002274088090675639,0.0022340930674264008,29815,0.014901524488680038,6.552747252747253,0.013574438497744774,0.08364232629537582,0.6370342373847961,
Removal_1dcdf7442e458478c64dced4ce999159,STFD,ADCD-Net,Light,Removal,828,1792,828,1792,1.0,18583.506700000726,5790.226099999927,3067.55224609375,False,0.0,0.0,0.0,0.0,0.00205860987479469,0.002244612193106925,0.40893375849138885,0.005283301942722554,0.0,3930,0.002648647774327122,0.002648647774327122,4634,0.003123112922705314,1.1791348600508906,0.003131406916665653,0.07536451518535614,0.3527568578720093,
Replacement_13bf7d2e3905bdd56116343721157289,STFD,ADCD-Net,Light,Replacement,1080,2340,961,2082,0.8896008544727063,22859.123199999885,5860.5171999997765,3067.55224609375,False,0.0385113141691831,0.20348114380439286,0.06476504534212696,0.0334662440786559,0.0414963050013155,0.04150938756044163,0.9639188916521093,0.10993700989844453,0.44897959183673464,4826,0.0024120327748572822,0.0023967236467236468,25499,0.012744389499810577,5.283671777869872,0.012283213826218352,0.08323398232460022,0.5435810089111328,
Splicing_35780335c3eb83674a31437003347615,STFD,ADCD-Net,Light,Splicing,1080,2340,961,2082,0.8896008544727063,22913.077999999587,5864.249899999777,3067.55224609375,False,0.06086519114688129,0.0219089498189343,0.03222002434570907,0.016373794196678844,0.051563742559547494,0.05155315606820139,0.7032908816265027,0.11143241785212654,0.08163265306122448,38660,0.01932225177703741,0.019250553972776197,13916,0.006955210960404878,0.35995861355406106,0.006660578082524099,0.07614514976739883,0.42405450344085693,
Copy-move_1e708a4aac7585ce6aa81e45f2a9e7f7,STFD,ADCD-Net,Light,Copy-move,1080,2340,961,2082,0.8896008544727063,22872.142799999892,5773.139200000514,3067.55224609375,False,0.22127478149648264,0.4195917267398774,0.289748540324269,0.16941867740268218,0.141835339842081,0.1418863702606661,0.8380890466908635,0.28978690043475164,0.5102040816326531,14843,0.007418525171406266,0.00743391896169674,28146,0.014067358989045393,1.8962473893417773,0.011036481619207648,0.08413507789373398,0.5762098431587219,
Insertion_19cb18df5b19793b86f2a129384bd597,STFD,ADCD-Net,Light,Insertion,1080,2340,961,2082,0.8896008544727063,22930.755399999725,5815.945499999543,3067.55224609375,False,0.1139551505405164,0.9648260211800302,0.20383539752297242,0.11348369589394545,0.3503106739844363,0.35067188125843407,0.9980312373558378,0.41748821260180025,0.8979591836734693,2644,0.001321470090493712,0.0013524849635960746,22386,0.011188513406124144,8.466717095310136,0.009926642437685108,0.0804562196135521,0.5172814726829529,
Removal_2285cf28a2ee96e7bc1a5f39f1f78e13,STFD,ADCD-Net,Light,Removal,1080,2340,961,2082,0.8896008544727063,22906.70510000018,5828.552299999501,3067.55224609375,False,0.0,0.0,0.0,0.0,0.0032642801798057806,0.003271153293489084,0.5429638635623325,0.006856214390197413,0.061224489795918366,6398,0.003197717715196206,0.003190487496043052,12205,0.006100053878394763,1.9076273835573616,0.006119622704326706,0.079316645860672,0.39020082354545593,
Replacement_1bb423db103d5ffb4e83eda7809b6bca,STFD,ADCD-Net,Dark,Replacement,1080,2340,961,2082,0.8896008544727063,22785.401500000262,5828.20189999984,3067.55224609375,False,0.025727657231523888,0.3734108245550309,0.04813860922500586,0.024662924043951824,0.022728835898413867,0.022747669282607925,0.963327905630933,0.06565430995980348,0.6530612244897959,2753,0.0013759482447538538,0.0013782051282051281,39957,0.019970491832775057,14.513984743915728,0.019483506160259335,0.0947766825556755,0.6028124094009399,
Splicing_3c286f1f8a1549b76581cb94bacef48c,STFD,ADCD-Net,Light,Splicing,1080,2340,961,2082,0.8896008544727063,22934.852700000192,5855.85809999975,3067.55224609375,False,0.12989078570671192,0.04619503733313221,0.06815210437007983,0.03527819375647967,0.05833546523275692,0.05834167648503981,0.7331644007626607,0.16336714215978737,0.24489795918367346,26518,0.013253685272205846,0.01327397910731244,9431,0.004713609842453176,0.35564522211328153,0.004156443551181086,0.07374792546033859,0.3357484042644501,
Copy-move_27c60798e94c9a40ee8950c4621143c1,STFD,ADCD-Net,Light,Copy-move,1080,2340,961,2082,0.8896008544727063,22635.772699999507,5775.574000000233,3067.55224609375,False,0.0,0.0,0.0,0.0,0.09650199388309436,0.09650858848754854,0.9066662742198462,0.23275658697366558,0.16326530612244897,25087,0.012538472072698847,0.0125664767331434,18940,0.009466204052175077,0.7549726950213258,0.009586402897178995,0.08329693973064423,0.47311246395111084,
Insertion_1c0c908ea34f79f33a84ca8de2acbacb,STFD,ADCD-Net,Light,Insertion,1080,2340,961,2082,0.8896008544727063,22814.253200000167,5782.430100000056,3067.55224609375,False,0.04865607219933294,0.09205642167780252,0.0636632011295084,0.032878165186265414,0.03737893849917531,0.03739595924985547,0.8482729019612582,0.10696941572597181,0.26530612244897955,8082,0.004039380208536377,0.003945473251028807,15291,0.007642435383411252,1.8919821826280623,0.007300072263037457,0.08345061540603638,0.3960514962673187,
Removal_32d1ea24572bd1a17881ef0ef960fa41,STFD,ADCD-Net,Light,Removal,1080,2340,961,2082,0.8896008544727063,22930.865999999696,5841.011499999695,3067.55224609375,False,0.0,0.0,0.0,0.0,0.001726157911426963,0.0017476256317813762,0.5152706909231651,0.004488406582996322,0.08163265306122448,3237,0.0016178512416520974,0.0016508388730610954,32053,0.016020075949544233,9.902069817732468,0.016046036048889524,0.0866113007068634,0.5947927236557007,
Replacement_1f01e64b8436911b1ef600ae888c3937,STFD,ADCD-Net,Light,Replacement,1080,2340,961,2082,0.8896008544727063,23173.011200000474,5909.083599999576,3067.55224609375,False,0.047522198521752074,0.20130279470476992,0.07689220643711374,0.03998330550918197,0.02482617398698775,0.02483398095308665,0.7812048654622261,0.09037840091733555,0.5510204081632653,9518,0.004757092405945216,0.004744381133270022,40318,0.020150919481288002,4.235973944105905,0.019285044222722626,0.10650625824928284,0.6122779846191406,
Splicing_3cf875336d623c6a903ec2e8fedaff86,STFD,ADCD-Net,Light,Splicing,1080,2340,961,2082,0.8896008544727063,22842.45699999974,5802.984500000093,3067.55224609375,False,0.07256368881717276,0.09035007610350076,0.08048595292331057,0.041930379746835444,0.04394665157123085,0.04395223250363419,0.7900037742696172,0.15758080177555833,0.24489795918367346,16425,0.008209208107548873,0.008297720797720797,20451,0.010221401218111537,1.2451141552511416,0.009558163594921731,0.08047425746917725,0.4876357913017273,
Copy-move_2becda72bf85d5f83f8cfb69f1727a11,STFD,ADCD-Net,Dark,Copy-move,2340,1080,2082,961,0.8896008544727063,22987.98540000007,5865.188300000227,3067.55224609375,False,0.4175787728026534,0.016494602242951472,0.03173562885194661,0.01612366169765893,0.16251084694749246,0.16250774104741716,0.824707259847206,0.26822886531661844,0.1020408163265306,76328,0.03814870237034949,0.038172681228236784,3015,0.0015068957348103411,0.03950057645949062,0.0009124571181528044,0.07909980416297913,0.26482483744621277,
Insertion_21125b5b515ef775a9e4782ac11a5345,STFD,ADCD-Net,Light,Insertion,1080,2340,961,2082,0.8896008544727063,22898.67900000081,5789.497099999608,3067.55224609375,False,0.0,0.0,0.0,0.0,0.0175477055279214,0.01755701726960261,0.8618440005751424,0.06556976708690741,0.32653061224489793,4332,0.0021651317821553555,0.002147040202595758,2304,0.0011515382331684994,0.5318559556786704,0.0011540368750845242,0.08236976712942123,0.36177268624305725,
Removal_33ffd2e329b341693c8890afbe0d587e,STFD,ADCD-Net,Light,Removal,1080,2340,961,2082,0.8896008544727063,23053.388900000755,5814.672500000597,3067.55224609375,False,0.0,0.0,0.0,0.0,0.00325939426568497,0.003348033615654861,0.4535195919575696,0.007518602316725355,0.0,7550,0.003773486831780456,0.0037591009813232037,17975,0.008983897457119696,2.380794701986755,0.00901792648395687,0.07454086095094681,0.4763222336769104,
Replacement_273961d709077c1a33020f1e8656d0ef,STFD,ADCD-Net,Light,Replacement,1080,2340,961,2082,0.8896008544727063,24155.332599999383,6287.511200000154,3067.55224609375,False,0.020752541662299548,0.05963855421686747,0.030790762771168653,0.015636105188343994,0.029669437092517473,0.029706002221708997,0.9687573329520662,0.07441004821111392,0.32653061224489793,3320,0.001659334606822664,0.0016441120607787274,9541,0.004768587796293686,2.8737951807228916,0.004677388832540168,0.07881215959787369,0.3887622356414795,
Splicing_3d8c57f9259ac46733cb1257810cc478,STFD,ADCD-Net,Light,Splicing,1080,2340,961,2082,0.8896008544727063,23095.267099999546,5968.493299999864,3067.55224609375,False,0.16194057916509966,0.045099394624939775,0.07055084051512271,0.036565275725616075,0.10103996748357884,0.10106416699906137,0.6691709610125641,0.2454572374619754,0.2040816326530612,47739,0.02385993216720095,0.02374446027223805,13295,0.006644835420996181,0.2784934749366346,0.005704885095872483,0.08062958717346191,0.3886317312717438,
Copy-move_2ed1db0bf7a1dac0cb11df858b4844d0,STFD,ADCD-Net,Light,Copy-move,1080,2340,961,2082,0.8896008544727063,23076.458499999717,5922.792399999707,3067.55224609375,False,0.24059385804352248,0.04275543026491742,0.0726078684097465,0.0376715600420342,0.13020146853906536,0.130205433892516,0.8958271197891913,0.22144123606889565,0.18367346938775508,27669,0.013828954589209727,0.013952200063311174,4917,0.002457514536670795,0.17770790415266183,0.0018924218489072963,0.08220881223678589,0.26721933484077454,
Insertion_2e940bf898d59b6cfaf732c16e66d1af,STFD,ADCD-Net,Dark,Insertion,1080,2340,961,2082,0.8896008544727063,22985.908999999992,5927.510000000439,3067.55224609375,False,0.02705726782626386,0.1592337623466028,0.04625483632569665,0.02367495883583285,0.025044386210472933,0.02513151362896468,0.9396856220075847,0.07175043327556326,0.673469387755102,3341,0.0016698303980103978,0.0016888255777144667,19662,0.009827059349200971,5.885064351990422,0.009577158202337867,0.08857223391532898,0.49794989824295044,
Removal_344807aaed9e1ff806320ccb80c0da74,STFD,ADCD-Net,Light,Removal,1080,2340,961,2082,0.8896008544727063,22791.47219999959,5779.901400000199,3067.55224609375,False,0.0,0.0,0.0,0.0,0.001991299271740041,0.002023686966484291,0.37059453765733963,0.005534417156693186,0.0,5552,0.002774887270204648,0.0028304051915163026,24024,0.012007185118767374,4.327089337175792,0.012040596416489161,0.09681269526481628,0.5411033034324646,
Replacement_30c6045b2e094d8c96d16a2859947a65,STFD,ADCD-Net,Light,Replacement,1080,2376,953,2098,0.8828357307829559,23132.311300000765,5881.497900000795,3067.55224609375,False,0.09842141386410433,0.7975528364849833,0.17521994134897362,0.09602249899558056,0.3365408354033451,0.3369646493330784,0.9223094584328851,0.4582371942778034,0.9183673469387754,1798,0.0008992724795613071,0.0008877353784761192,14570,0.007287208024031281,8.10344827586207,0.0065759042368927455,0.08226441591978073,0.3585836589336395,
Splicing_41a5a0299fd7aae6015e98f76f2b2726,STFD,ADCD-Net,Light,Splicing,1080,2340,961,2082,0.8896008544727063,22918.614299999717,5800.5439000007755,3067.55224609375,False,0.2184813753581662,0.03422159887798037,0.059174467672309265,0.03048932873494277,0.06816637037131971,0.06817682052707155,0.6588664282959983,0.18316831683168316,0.2040816326530612,35650,0.017817855040128908,0.01780508072174739,5584,0.0027908808567764327,0.15663394109396914,0.0022206933611242288,0.07435764372348785,0.30243638157844543,
Copy-move_32f588215a860b8771c8e4fd3307c667,STFD,ADCD-Net,Light,Copy-move,1080,2340,961,2082,0.8896008544727063,22897.472000000562,5848.618400000305,3067.55224609375,False,0.07071968908321188,0.23664653971202973,0.10889660699973285,0.05758363471971067,0.057191911214611105,0.05721702322762776,0.961782925710927,0.14344889689329132,0.42857142857142855,4306,0.0021521369930657805,0.002148622981956315,14409,0.007201612153526436,3.346261031119368,0.006706750226396647,0.07589870691299438,0.4016021192073822,
Insertion_362d7336a54745078320d0ec5a77b1a6,STFD,ADCD-Net,Light,Insertion,1080,2340,961,2082,0.8896008544727063,22848.5455,5799.285599999166,3067.55224609375,False,0.3069156991418476,0.7344359784426686,0.4329179789127756,0.2762573835238195,0.2966730283504784,0.2967416568923715,0.9763561962238553,0.4416476616831376,0.5510204081632653,10762,0.005378843083923347,0.005364039252928142,25753,0.012871338593224117,2.3929566994982343,0.0089691664489156,0.07975444197654724,0.6501359343528748,
Removal_3c3641bcc680fc2a3d47412ef0a92efb,STFD,ADCD-Net,Light,Removal,1080,2400,949,2108,0.8784104611578831,22804.752000000008,5819.612799999959,3067.55224609375,False,0.0,0.0,0.0,0.0,0.009160516458759078,0.009451153938837015,0.41321504100081535,0.02313743820118128,0.0,23414,0.011704120786286574,0.01169212962962963,19995,0.009995041219859915,0.8539762535235329,0.01011340978959859,0.08362838625907898,0.49935898184776306,
Replacement_3347e39afe7ec929d9f3d18fd2b70dd7,STFD,ADCD-Net,Light,Replacement,1080,2340,961,2082,0.8896008544727063,22787.80360000019,5782.801700000164,3067.55224609375,False,0.04434527959838237,0.055828651685393256,0.049428771275355554,0.02534066459478843,0.02511560829106756,0.025133277583679836,0.9228760972446487,0.07172464239271782,0.3061224489795918,5696,0.002846858409777679,0.002850585628363406,7171,0.003584062790820881,1.2589536516853932,0.003434905213056349,0.08504623919725418,0.4276977777481079,
Splicing_43bb172f9e960c96039da62e14bf7213,STFD,ADCD-Net,Light,Splicing,1080,2400,949,2108,0.8784104611578831,22845.158500000252,5775.065800000448,3067.55224609375,False,0.28641873844257243,0.07132258889741622,0.11420612813370475,0.060561299852289516,0.0907007758065043,0.09071490295012596,0.7077671463676067,0.16459645271246173,0.4081632653061224,19545,0.009770096556247164,0.009707175925925926,4867,0.0024329015062294675,0.24901509337426453,0.0017532018776877927,0.07692836225032806,0.3547952175140381,
Copy-move_3a206914dbb7b3a1679c74e85cec8125,STFD,ADCD-Net,Light,Copy-move,1080,1920,1061,1886,0.9820927516479826,26872.567100000197,6974.050599999828,3067.55224609375,False,0.08206535295584934,0.054000820681165365,0.06513884076622284,0.033665899206958304,0.06416434699331265,0.06417782460174105,0.9497981435178111,0.12273493599750235,0.22448979591836732,12185,0.006089315288104321,0.006195987654320988,8018,0.00400690438900455,0.6580221583914649,0.0037006105504607915,0.08091399818658829,0.4300590753555298,
Insertion_3645aebd52bac144e5842037bb41e233,STFD,ADCD-Net,Light,Insertion,1080,2400,949,2108,0.8784104611578831,22941.391399999702,5772.491599999739,3067.55224609375,False,0.047967108268615805,0.819672131147541,0.09063052954123689,0.04746620858008228,0.11293312677680492,0.11329680039869956,0.9875008858441963,0.15566037735849056,0.8775510204081632,1281,0.0006403424757509652,0.0006354166666666666,21890,0.010942308192184723,17.088212334113972,0.010424112312307205,0.08028513938188553,0.5132200717926025,
Removal_3e5cf4b29e3d31e24de7c21fbac1cfcd,STFD,ADCD-Net,Light,Removal,1080,2340,961,2082,0.8896008544727063,22748.836400000073,5781.5105999998195,3067.55224609375,False,0.0,0.0,0.0,0.0,0.002601884670695071,0.0026364587319338854,0.607076040572748,0.006283525837346793,0.08163265306122448,3376,0.0016873233833232873,0.0017276036720481165,26224,0.013106744195577573,7.767772511848341,0.013128896890297814,0.08146069198846817,0.5885944962501526,
Replacement_39ed87e88326905cde6cf173e92edf4e,STFD,ADCD-Net,Light,Replacement,1080,2340,961,2082,0.8896008544727063,22784.157900000537,5744.779499999822,3067.55224609375,False,0.0,0.0,0.0,0.0,0.0021747793118879846,0.0021772721408447994,0.8041026220115547,0.006419796861951039,0.08163265306122448,1329,0.0006642336423094339,0.0007027540360873694,21756,0.010873639670492133,16.37020316027088,0.010880867108483086,0.08102144300937653,0.5115466117858887,
Splicing_469e61730a5401ed634e7b89bed03e7f,STFD,ADCD-Net,Light,Splicing,1080,2340,961,2082,0.8896008544727063,22976.612000000387,5908.166700000038,3067.55224609375,False,0.8114817091915155,0.2577125842038465,0.39118998221695317,0.24315486470926886,0.35517318671765885,0.3552380439260543,0.7694155191941798,0.4050429559265209,0.42857142857142855,40972,0.020477788406848853,0.020370370370370372,13012,0.006503392139751959,0.3175827394318071,0.0012516391727853946,0.07716477662324905,0.3708786070346832,
Copy-move_3a34f6008034ae09e4fda26795eb768e,STFD,ADCD-Net,Light,Copy-move,1080,2340,961,2082,0.8896008544727063,22988.492000000406,5897.668300000078,3067.55224609375,False,0.2600495931268117,0.22468316234158117,0.24107619833908017,0.13705892097851896,0.14107698505458183,0.14109334437857696,0.7548747341433525,0.2828160547682161,0.5714285714285714,33140,0.016563358093404545,0.016646090534979424,28633,0.01431076138468474,0.8640012070006035,0.01076760134616616,0.11577463150024414,0.5376583933830261,
Insertion_3b33e341ecbfd853ee0c2c0b56a0dd2c,STFD,ADCD-Net,Light,Insertion,1080,2340,961,2082,0.8896008544727063,22934.988400000293,5797.08970000047,3067.55224609375,False,0.12398547629218283,0.15993938559030169,0.1396859772604223,0.07508731082654249,0.11090466995004021,0.11095740486766731,0.9430694557303865,0.2729983733959877,0.44897959183673464,7259,0.0036280451538932886,0.0036186293130737574,9364,0.004680123270568502,1.2899848463975754,0.0041147845820230615,0.08432600647211075,0.42122021317481995,
Removal_3ee85beb1a2e286eebac275c402afe14,STFD,ADCD-Net,Light,Removal,1080,2376,953,2098,0.8828357307829559,22819.450199999665,5821.116900000561,3067.55224609375,False,0.0,0.0,0.0,0.0,0.01011443961995895,0.010332033072136313,0.45413410795863257,0.02356330048323696,0.0,23837,0.011922112400057217,0.011906098017209129,23320,0.011663534050817397,0.9783110290724504,0.011804265834901245,0.08100984245538712,0.5688048601150513,
Replacement_3a1697a39157c794f673960e22c5f0ff,STFD,ADCD-Net,Light,Replacement,1080,2340,961,2082,0.8896008544727063,22637.551499999972,5760.322499999347,3067.55224609375,False,0.03808155829596412,0.26999503229011423,0.06674854160270188,0.0345265698948639,0.028090443661869982,0.028105577639718465,0.9543183742595447,0.08371751458528824,0.6326530612244897,4026,0.0020121931105626643,0.0020322886989553655,28544,0.014266279222031965,7.089915548931942,0.013750666073710822,0.08239893615245819,0.6219533085823059,
Splicing_46cb84cee11284c9197a42bd71ad5370,STFD,ADCD-Net,Dark,Splicing,1080,2340,961,2082,0.8896008544727063,23008.209000000534,5844.555600000604,3067.55224609375,False,0.0,0.0,0.0,0.0,0.06010838910621852,0.06011129621025474,0.8833271483616428,0.1291915472912348,0.22448979591836732,27069,0.013529074840988763,0.01339031339031339,14335,0.007164626984579184,0.5295725737928997,0.00726288712809686,0.10291378200054169,0.4604897201061249,
Copy-move_3d05464b25b364292a5b1f0db14017ca,STFD,ADCD-Net,Light,Copy-move,1080,2340,961,2082,0.8896008544727063,22814.559099999315,5827.13319999948,3067.55224609375,False,0.19607209768072872,0.09567492591892063,0.12859897036079745,0.06871801838518317,0.13888762996287013,0.13889209909212852,0.9272556068419173,0.24052253683203942,0.18367346938775508,31722,0.015854642288442335,0.015925134536245646,15479,0.007736397704520487,0.48795788411827756,0.006319702602230483,0.08150345087051392,0.46352893114089966,
Insertion_3eb9b916d3a717a74bcaf828f27c6f20,STFD,ADCD-Net,Light,Insertion,1080,2340,961,2082,0.8896008544727063,22895.069500000318,5837.421999999606,3067.55224609375,False,0.0,0.0,0.0,0.0,0.006139909728615177,0.006143354308729417,0.8727427666754923,0.01809637371115943,0.1020408163265306,2842,0.00142043040740663,0.0014248971193415638,6012,0.0030047950771740534,2.115411681914145,0.003009069250635648,0.07919591665267944,0.36004698276519775,
Removal_3fe0571b313f1c99760b4931e4ebe403,STFD,ADCD-Net,Light,Removal,750,1334,750,1334,1.0,14409.933599999931,7071.717199999512,3067.55224609375,False,0.0,0.0,0.0,0.0,0.001305587968595985,0.001309324514207483,0.471799710629215,0.0030777153053464824,0.0,1542,0.0015412293853073462,0.0015412293853073462,675,0.0006746626686656671,0.4377431906614786,0.0006757040836551687,0.07654605805873871,0.3023355007171631,
Replacement_3fe03d38bd08a491194a4cc86ddf0dd2,STFD,ADCD-Net,Light,Replacement,1080,2340,961,2082,0.8896008544727063,22720.647200000712,5796.299100000397,3067.55224609375,False,0.023452110184483194,0.07820664082251812,0.03608367680223968,0.018373326997703335,0.034474671847449546,0.034486927675328204,0.9216919247945301,0.14176855274381575,0.4081632653061224,5933,0.0029653109103249596,0.0029388255777144665,19785,0.009888534697586267,3.3347379066239675,0.009685347759677453,0.08227995783090591,0.4976060092449188,
Splicing_4782cf0d10fc1c2909e52a8ad085c573,STFD,ADCD-Net,Light,Splicing,1080,2340,961,2082,0.8896008544727063,22685.87370000023,5732.646100000238,3067.55224609375,False,0.7323560767590618,0.27629409162208907,0.40122068743976874,0.2509543901948965,0.41868097284078065,0.41867017306846355,0.8774927387836384,0.4672665539188474,0.36734693877551017,49726,0.02485303393339271,0.024914925609370055,18760,0.009376240127708789,0.3772674254916945,0.002573451777378226,0.07909434288740158,0.4732425808906555,
Copy-move_3d6b07b73af1b86b01f2909b93dd5248,STFD,ADCD-Net,Light,Copy-move,1080,2340,961,2082,0.8896008544727063,22749.987400000464,5798.431100000016,3067.55224609375,False,0.1853980191727133,0.2348146905919839,0.20720067478579993,0.11557382461701003,0.10315089058104943,0.1031647028745482,0.7380751992735325,0.2067269746827758,0.5102040816326531,29815,0.014901524488680038,0.014996834441278886,37762,0.018873431753866698,1.2665436860640618,0.015606901516854246,0.09233361482620239,0.6095539331436157,
Insertion_43200379c29550fc0a8c81f8902ad9c2,STFD,ADCD-Net,Light,Insertion,1080,2340,961,2082,0.8896008544727063,22909.828100000595,5826.3153999996575,3067.55224609375,False,0.0,0.0,0.0,0.0,0.00824993584250837,0.008253993052159077,0.8216431212054701,0.029007055258298216,0.08163265306122448,4750,0.0023740480067492935,0.0023547799936688824,3195,0.00159685965927663,0.6726315789473685,0.0016006597022522459,0.07361146807670593,0.2482750117778778,
Removal_4196a3dc95c72c98d0c751ab58351bc1,STFD,ADCD-Net,Light,Removal,1080,2340,961,2082,0.8896008544727063,22972.66579999996,5847.08640000008,3067.55224609375,False,0.0,0.0,0.0,0.0,0.004816017713187298,0.004927143928200909,0.38207354779395863,0.012897087478920323,0.0,12986,0.006490397350662385,0.006462883823994935,19751,0.009871541511853746,1.5209456337594331,0.009936030296566685,0.08782319724559784,0.5016041398048401,
Replacement_448ac13a43c9470e5968e78d5fda5b02,STFD,ADCD-Net,Light,Replacement,1080,2340,961,2082,0.8896008544727063,23038.719299999684,5863.2589999997435,3067.55224609375,False,0.0032068167762329064,0.015247222827270748,0.005299116183122315,0.0026565968993719044,0.020046209639922537,0.020049861237044508,0.8418364325581035,0.05635295091465938,0.1020408163265306,9182,0.004589159746941476,0.004480848369737259,43657,0.021819750280137665,4.754628621215422,0.021850051716692943,0.09665334969758987,0.6091591715812683,
Splicing_4784889127df8da6b92455aedffb8447,STFD,ADCD-Net,Light,Splicing,1080,2400,949,2108,0.8784104611578831,22790.07679999995,5807.485799999995,3067.55224609375,False,0.0,0.0,0.0,0.0,0.05778924376445349,0.05778359602624948,0.8178216232132131,0.16230645075468686,0.14285714285714285,24075,0.012034539503282192,0.011969135802469135,9097,0.0045473813441893295,0.3778608515057113,0.00460277360496292,0.07647743076086044,0.3549005091190338,
Copy-move_406b73ae3f78d460a5ff481bcce3259d,STFD,ADCD-Net,Dark,Copy-move,2340,1080,2082,961,0.8896008544727063,23354.304800000136,6224.859900000411,3067.55224609375,False,0.33397301349325337,0.20897202574157114,0.2570831746471396,0.14750168849571585,0.2733089072324573,0.2733111564380578,0.9249883805186712,0.401255338016742,0.24489795918367346,53299,0.026638817834048548,0.02661047799936689,33350,0.01666831600528188,0.6257153042270962,0.011405373958345635,0.09181707352399826,0.6434485912322998,
Insertion_4901951a082616a741962369fbf7c3e3,STFD,ADCD-Net,Light,Insertion,1080,2340,961,2082,0.8896008544727063,23568.772599999647,6255.613399999675,3067.55224609375,False,0.0,0.0,0.0,0.0,0.021746951449187667,0.021754854259281378,0.8693129382921132,0.06531739606647935,0.14285714285714285,5794,0.00289583876865377,0.0029071699905033237,12923,0.006458909977099183,2.2304107697618227,0.006477668259976903,0.08321257680654526,0.3803609013557434,
Removal_41c86d92b81e2266cf95e08d27760d5b,STFD,ADCD-Net,Light,Removal,1080,2400,949,2108,0.8784104611578831,22865.737799999806,5908.791099999689,3067.55224609375,False,0.00033536789858474745,0.002204585537918871,0.0005821738371077603,0.0002911716748194736,0.0009999152851258753,0.001179709200107215,0.4556806434192928,0.002264874473226947,0.0,2268,0.0011337211046082664,0.0011084104938271606,14909,0.007452666644005575,6.5736331569664905,0.0074586232574526175,0.07580322027206421,0.34149834513664246,
Replacement_48efaffe794b7a48d7eaf6f93bdc5430,STFD,ADCD-Net,Light,Replacement,1080,2340,961,2082,0.8896008544727063,22961.62060000006,5844.469599999684,3067.55224609375,False,0.025653908674449534,0.3309818875119161,0.047617088390591776,0.024389215920425967,0.040951459296825116,0.04099525279278882,0.7651164380068798,0.14467995360118105,0.8979591836734693,5245,0.0026214487990315885,0.0026096074707185816,67670,0.033821437603520986,12.90181124880839,0.033040399246927046,0.11151517927646637,0.7892573475837708,
Splicing_47d1a49e9244e96495f2f5722ec10b72,STFD,ADCD-Net,Light,Splicing,1080,2400,949,2108,0.8784104611578831,22866.70520000007,5759.917700000187,3067.55224609375,False,0.0,0.0,0.0,0.0,0.08268360980157123,0.08271081702675497,0.5888947687460976,0.1975887064133541,0.08163265306122448,112218,0.05609520058065716,0.05586342592592593,17447,0.008721354546781492,0.15547416635477374,0.009239654838227926,0.07559014111757278,0.4744875729084015,
Copy-move_432601168d1badabf5b368b6879a75a8,STFD,ADCD-Net,Light,Copy-move,1080,2316,966,2071,0.8941983055272923,22851.89210000044,5823.461699999825,3067.55224609375,False,0.4249053428691628,0.011226421735538108,0.021874887196332526,0.011058394160583941,0.2727903716944061,0.27332996523439157,0.48400527207761274,0.42497354730623405,0.0,539798,0.2698199427567723,0.2692457461779569,14262,0.0071289112290099,0.02642099452017236,0.005614777777473528,0.07658441364765167,0.40717509388923645,
Insertion_4a189cecc589437f29c4880d58bdcb27,STFD,ADCD-Net,Light,Insertion,1536,2048,1225,1633,0.7973599423122324,26114.12560000008,9043.933999999354,3067.55224609375,False,0.04309268048963277,0.23613963039014374,0.07288475757895847,0.03782065336549002,0.017888516324199483,0.017917998621376042,0.9743066169055858,0.07950340217261549,0.5510204081632653,1461,0.0007303448017296324,0.0007406870524088541,8006,0.004002149543222065,5.479808350444901,0.003832485227347766,0.07660515606403351,0.38782307505607605,
Removal_42a63471bc930300c4511623e637dc2c,STFD,ADCD-Net,Light,Removal,1080,2340,961,2082,0.8896008544727063,22915.261400000418,5870.000099999743,3067.55224609375,False,0.0,0.0,0.0,0.0,0.0014843621349161366,0.001494338554602606,0.4379206823829232,0.0036638040702947506,0.0,3672,0.0018352640591122959,0.0018431465653687875,43918,0.021950197970613785,11.960239651416122,0.021990556448503604,0.09494039416313171,0.6517524123191833,
Replacement_4b46476bd4013dc3c0f7b973e265603d,STFD,ADCD-Net,Light,Replacement,1080,2340,961,2082,0.8896008544727063,22798.296599999958,5860.682900000029,3067.55224609375,False,0.0,0.0,0.0,0.0,0.019543067864850105,0.019547834096835803,0.8763762978196404,0.052863822326125076,0.1020408163265306,7524,0.003760492042690881,0.003774137385248496,17818,0.008905428923001876,2.368155236576289,0.008939044127311896,0.08350902795791626,0.4557584226131439,
Splicing_49923f62157539754915e7d76b0cdfc8,STFD,ADCD-Net,Light,Splicing,1080,2400,949,2108,0.8784104611578831,22623.66740000016,5776.908899999398,3067.55224609375,False,0.06938148290434114,0.07694929697486153,0.07296969696969696,0.03786639828909297,0.10340924906302319,0.10341749177289969,0.9245349630047998,0.2277293515224954,0.14285714285714285,11735,0.005866056949990302,0.005792824074074074,13015,0.0065058995487110175,1.1090754154239455,0.006090236263153317,0.07337237894535065,0.4196861982345581,
Copy-move_43a86e81f1b9fb7146931efbb0950e2a,STFD,ADCD-Net,Light,Copy-move,1080,2316,966,2071,0.8941983055272923,22797.216099999787,5827.007299999423,3067.55224609375,False,0.07621428363805482,0.14437530972964044,0.09976409710067727,0.05250090104521245,0.1177076907245781,0.11772155809408608,0.9363399748146259,0.2518373883855115,0.2857142857142857,18161,0.009077840192823502,0.009125727627454743,34403,0.017196461436799017,1.8943340124442487,0.016031375714087543,0.08661335706710815,0.6670092940330505,
Insertion_4a2cd434b49b43d5fb1ad32365137fbe,STFD,ADCD-Net,Light,Insertion,1080,2340,961,2082,0.8896008544727063,22814.992900000107,5808.000600000014,3067.55224609375,False,0.16554444016929587,0.28418097754293264,0.20921468514466326,0.11682845699545177,0.12185300226502316,0.12189283452673975,0.986618391345637,0.24074074074074073,0.3877551020408163,6056,0.0030267862587102573,0.0030037195314973095,10396,0.005195916437508559,1.7166446499339498,0.004348924624989849,0.07530553638935089,0.33378422260284424,
Removal_432be66d42e290756d9d9c7a70f32933,STFD,ADCD-Net,Light,Removal,1080,2340,961,2082,0.8896008544727063,23074.905899999976,5841.697099999692,3067.55224609375,False,0.0,0.0,0.0,0.0,0.01614470469295862,0.016438769037552196,0.3504196272116433,0.04529865389716237,0.0,46367,0.023174207142935683,0.02321897752453308,12778,0.0063864390379457835,0.2755839282248151,0.006537950865595428,0.08317036926746368,0.4012020528316498,
Replacement_4d4af9af572060eaccee07e1e59ed4b4,STFD,ADCD-Net,Dark,Replacement,1080,2340,961,2082,0.8896008544727063,22745.358199999828,5769.483100000798,3067.55224609375,False,0.18286731733051964,0.6887729756582216,0.28900468994267847,0.1689102759334836,0.1404339025610674,0.14046004216913688,0.9847279744762795,0.3102013944998055,0.5306122448979591,8052,0.004024386221125329,0.00399335232668566,30328,0.015157921673408964,3.766517635370094,0.01243608079287417,0.084964819252491,0.5922670364379883,
Splicing_4c5a5a8443deff15f0daf7621bdc4255,STFD,ADCD-Net,Light,Splicing,1080,2340,961,2082,0.8896008544727063,22897.289900000033,5847.263499999826,3067.55224609375,False,0.8170654513229523,0.31824457593688366,0.45807161361297427,0.2970771001150748,0.48918999097561733,0.4891793779645568,0.8402599493540781,0.4955264969029594,0.4081632653061224,60840,0.030407806469605687,0.030330009496676164,23697,0.011843750655986949,0.3894970414201183,0.002234579852595051,0.08735407888889313,0.6094547510147095,
Copy-move_441db7c454301c287cb688a79d845dcf,STFD,ADCD-Net,Light,Copy-move,1080,2376,953,2098,0.8828357307829559,22799.406899999667,5811.910200000057,3067.55224609375,False,0.19938650306748465,0.30018257974438833,0.23961592867246773,0.13611571052887894,0.13566825579957978,0.13572200118178687,0.9562168046344147,0.24107544285585827,0.5102040816326531,9311,0.004656911044046346,0.004628850230702083,14018,0.007011124370684317,1.5055310922564709,0.0056394632786672715,0.08272312581539154,0.4366416931152344,
Insertion_4c512461a6e33a0b3a17f20b36e9f49e,STFD,ADCD-Net,Light,Insertion,1080,2400,949,2108,0.8784104611578831,23051.543499999752,5836.416000000099,3067.55224609375,False,0.25366160481624583,0.7996034556011896,0.38514274020259903,0.23849955645672286,0.338138092673244,0.33833489602562244,0.9120542063375575,0.46747614917606245,0.7346938775510203,7061,0.0035296317105991924,0.00351195987654321,22258,0.011126262939316928,3.152244724543266,0.008333370956907964,0.07917816191911697,0.6115235686302185,
Removal_4923f85c8c858108c191ede620a5fdbd,STFD,ADCD-Net,Light,Removal,1080,2340,961,2082,0.8896008544727063,22752.838299999894,5837.305199999719,3067.55224609375,False,0.0,0.0,0.0,0.0,0.01684732720306422,0.017528067853130047,0.41090178566286023,0.040956002332286155,0.0,41829,0.020906116647224464,0.02086182336182336,8231,0.00411385034601125,0.19677735542327093,0.004201691396461309,0.07723937183618546,0.31614425778388977,
Replacement_4e025cbb292adbd3278b1a29431a685b,STFD,ADCD-Net,Light,Replacement,1080,2340,961,2082,0.8896008544727063,22962.689400000272,5809.533499999816,3067.55224609375,False,0.0422916537001307,0.25949971357647506,0.07273019185999839,0.037737420859713426,0.025583799775187117,0.025593479042572472,0.9346622573881047,0.07256513863731365,0.5102040816326531,5237,0.0026174504023886423,0.0026230610952833176,32134,0.016060559715554062,6.135955699828146,0.015421697614460066,0.085968978703022,0.5832089185714722,
Splicing_4cbf6ceef4d60514ebcbc277805a8256,STFD,ADCD-Net,Light,Splicing,1080,2340,961,2082,0.8896008544727063,22711.211699999694,5772.406099999898,3067.55224609375,False,0.26678430728824687,0.052020068655928176,0.08706366053073879,0.045513098755233204,0.19894649267322684,0.19893779505047887,0.7872700386581636,0.3340873766985212,0.1020408163265306,124971,0.06246045335820336,0.06231718898385565,24368,0.01217911617441406,0.1949892375031007,0.00952484525524954,0.08957226574420929,0.5375697612762451,
Copy-move_44f21890a407323bc8aee0b0523552a3,STFD,ADCD-Net,Light,Copy-move,1080,2340,961,2082,0.8896008544727063,22735.934899999847,5772.491300000183,3067.55224609375,False,0.0045351473922902496,0.008408071748878924,0.00589217322989296,0.0029547916871860533,0.05153512201778301,0.051542922869768,0.9540228842092867,0.12908108940231683,0.12244897959183673,10704,0.005349854708261987,0.0054051915163026275,19845,0.009918522672408364,1.8539798206278026,0.009926646828447645,0.08354014158248901,0.4842594861984253,
Insertion_5013885c6d44e791b00a07e44068cbc6,STFD,ADCD-Net,Light,Insertion,1080,2340,961,2082,0.8896008544727063,22961.07310000025,5846.992499999942,3067.55224609375,False,0.08471893947179118,0.6000873489590915,0.14847633455802894,0.08019143223999066,0.09359276350401632,0.09364643918744862,0.9645389152238475,0.1674882154882155,0.6122448979591836,6869,0.0034331233175496625,0.003404954099398544,48655,0.02431774858281829,7.083272674333964,0.022334250950257605,0.09464917331933975,0.6695843935012817,
Removal_496e938dc7787a5150f7c6ed80b3342b,STFD,ADCD-Net,Light,Removal,1080,2400,949,2108,0.8784104611578831,22988.736499999504,5813.779899999645,3067.55224609375,False,0.0,0.0,0.0,0.0,0.0011890842617991299,0.001203662893049848,0.5355779415276825,0.0031034897296468083,0.061224489795918366,2405,0.0012022042577525928,0.0012029320987654321,8678,0.004337932868514346,3.608316008316008,0.004343154227018143,0.07564670592546463,0.36191508173942566,
Replacement_4e544d2a00d29c00f1e5a000dbfaf3ce,STFD,ADCD-Net,Light,Replacement,1080,2340,961,2082,0.8896008544727063,22813.931099999536,5775.688900000205,3067.55224609375,False,0.0004476275738585497,0.00015686274509803922,0.0002323150191659891,0.00011617100371747211,0.052548874561365,0.052562514288368556,0.9187002888787026,0.12130801687763713,0.4081632653061224,12750,0.0063724446496954724,0.0063841405508072175,4468,0.002233104525085441,0.3504313725490196,0.0022464201137595997,0.07842797040939331,0.3666266202926636,
Splicing_4d142e5e0ab05eea9af9fcd51ecb235c,STFD,ADCD-Net,Light,Splicing,1080,2340,961,2082,0.8896008544727063,22947.58399999955,5827.3645999997825,3067.55224609375,False,0.004557211479246212,0.0009770524703583406,0.0016091154214142819,0.0008052055450371048,0.03583225409342264,0.03589685010165814,0.5779927659299238,0.12191515351904407,0.2040816326530612,37869,0.018926910308966104,0.018819642291864513,8119,0.004057872793010003,0.21439700018484775,0.0041173081302316485,0.0827907994389534,0.36630910634994507,
Copy-move_48d4415c8cc9514c6daed69230ea61af,STFD,ADCD-Net,Light,Copy-move,1080,1920,1061,1886,0.9820927516479826,27006.882399999995,7077.932700000019,3067.55224609375,False,0.03625484876910985,0.09596671364337964,0.05262770499043132,0.02702498393619836,0.04775629685927625,0.047760960817663164,0.8991380194356265,0.10992189324154346,0.16326530612244897,14901,0.007446605425362535,0.007554494598765432,39443,0.019711191047082376,2.6470035568082677,0.019139086018392412,0.09248535335063934,0.654787003993988,
Insertion_5022394306e4c731eb5ff791cd442d3f,STFD,ADCD-Net,Light,Insertion,1080,2340,961,2082,0.8896008544727063,22868.127100000493,5794.9248000004445,3067.55224609375,False,0.07301392519874086,0.36251655629139073,0.12154720667910116,0.06470602141894607,0.06333476654529252,0.0633576045157104,0.9663087687327241,0.15397407679139155,0.836734693877551,7550,0.003773486831780456,0.0038160810383032606,37486,0.018735487069685055,4.965033112582781,0.017433320021753396,0.09212826192378998,0.7398955821990967,
Removal_4afb05000af277dfb58dec5372f7e546,STFD,ADCD-Net,Light,Removal,1080,2400,949,2108,0.8784104611578831,23045.108899999832,5860.410500000398,3067.55224609375,False,0.0,0.0,0.0,0.0,0.007337514547688591,0.0075030833415809135,0.3389805823825818,0.020977426389810146,0.0,21205,0.01059989242646309,0.010582561728395062,12668,0.006332442219214074,0.5974062721056355,0.0064002845469100745,0.09492453932762146,0.4202207922935486,
Replacement_506ee37ba3f40529761565a3d348cc97,STFD,ADCD-Net,Light,Replacement,1080,2340,961,2082,0.8896008544727063,22871.14460000066,5875.215600000047,3067.55224609375,False,0.01855642277154232,0.12271307452030343,0.032237896135360086,0.01638302520007149,0.029074961262025186,0.029083091964088453,0.9446375454595803,0.07832399996183971,0.2857142857142857,6723,0.003360152578815895,0.003364988920544476,44459,0.02222058954359302,6.612970400118995,0.021881781012688062,0.10643577575683594,0.640873908996582,
Splicing_4ebc8faf0a26650c099ef8d0cb5365be,STFD,ADCD-Net,Light,Splicing,1080,2340,961,2082,0.8896008544727063,23043.049699999756,5822.853499999837,3067.55224609375,False,0.46329974604734986,0.2201654501216545,0.29848658776339576,0.1754241756878315,0.28226191520667454,0.28222315720976143,0.8122629371595109,0.3253445113963846,0.2857142857142857,51375,0.02567720344141999,0.025612139917695474,24414,0.012202106955111,0.4752116788321168,0.006721462255319127,0.08157844096422195,0.5794844627380371,
Copy-move_4ff08203b1daeb2eb4cb803ac18fa5e4,STFD,ADCD-Net,Light,Copy-move,1080,2340,961,2082,0.8896008544727063,22870.40220000017,5792.887900000096,3067.55224609375,False,0.023635340461451885,0.004046632623566818,0.006910167818361302,0.003467062902426944,0.035973522449437176,0.03596732004577552,0.7724851461587351,0.0943138846200335,0.12244897959183673,20758,0.010374839689284597,0.01062005381449826,3554,0.00177628770862884,0.17121109933519607,0.0017524863083850661,0.07365323603153229,0.20772811770439148,
Insertion_511abe199fc43baaa2a92c2c50672593,STFD,ADCD-Net,Light,Insertion,1080,2376,953,2098,0.8828357307829559,22776.993099999345,5784.150400000726,3067.55224609375,False,0.06597293069441611,0.7359635811836115,0.12109106797328506,0.06444754501362036,0.08227903087375464,0.08238113625388527,0.9927502366533054,0.21438154011269117,0.7142857142857142,1318,0.0006591997375204687,0.0006714521760818057,14703,0.00735372817963843,11.155538694992412,0.0068731119336802,0.0770806074142456,0.4238601624965668,
Removal_4e73770b258cb1f4b64bd6b19329978c,STFD,ADCD-Net,Light,Removal,1080,2400,949,2108,0.8784104611578831,23008.06879999982,5899.436300000161,3067.55224609375,False,0.0,0.0,0.0,0.0,0.0011885634235829564,0.0012458947153941166,0.48750585822159825,0.0037144192012257583,0.08163265306122448,2219,0.001109227130125989,0.001091435185185185,7252,0.003625108223377049,3.2681388012618298,0.0036291337569991687,0.07896492630243301,0.36486008763313293,
Replacement_51da752871aa14f7ff2fcf840411b52b,STFD,ADCD-Net,Light,Replacement,1080,2340,961,2082,0.8896008544727063,22855.35339999933,5830.151199999818,3067.55224609375,False,0.03932071764403172,0.41629519564140666,0.07185449571480476,0.037266116875055426,0.02775742260171435,0.027769552155767558,0.955698431379456,0.0793930494371023,0.44897959183673464,4038,0.002018190705527084,0.002034267173156062,42751,0.02136693186032401,10.58717186726102,0.02056827947619248,0.10445894300937653,0.591909646987915,
Splicing_4f652945819c05f7ba18b41d28b292da,STFD,ADCD-Net,Light,Splicing,1080,2340,961,2082,0.8896008544727063,22783.272399999987,5725.235099999736,3067.55224609375,False,0.06986059926293864,0.11415853898016626,0.086677766457096,0.04530223134270203,0.05988696477099597,0.05990094373093264,0.8950768168813711,0.14263122223058966,0.26530612244897955,15277,0.007635438189286096,0.007587052864830642,24964,0.01247699672431355,1.6340904627871964,0.011694639956686518,0.08543366938829422,0.5521844029426575,
Copy-move_544ed96963da389b64307d99ba85fa8d,STFD,ADCD-Net,Light,Copy-move,1080,2340,961,2082,0.8896008544727063,22983.983699999953,5943.56500000049,3067.55224609375,False,0.0024011120940224946,0.002586793737236215,0.0024904967885699303,0.0012468009711923355,0.03220839340711665,0.032219410588341664,0.9258689749738189,0.08611026189748293,0.3469387755102041,7345,0.0036710279178049604,0.00375,7913,0.003954914079454139,1.0773315180394827,0.003959954992758811,0.07829105108976364,0.4029540419578552,
Insertion_609c806fac312ca3e59a7deaff5e2ba8,STFD,ADCD-Net,Light,Insertion,1080,2340,961,2082,0.8896008544727063,22814.54809999923,5810.458599999947,3067.55224609375,False,0.042849974912192675,0.166699199687683,0.06817546800782341,0.035290714492334396,0.021328052648688294,0.02134047858395709,0.9264097544192599,0.0669831223628692,0.5102040816326531,5123,0.002560473250226659,0.0025838873061095283,19930,0.009961005636739668,3.89029865313293,0.00955865146649336,0.08309970051050186,0.4993671178817749,
Removal_4ffe6af3b3562988063d2d30ed86750d,STFD,ADCD-Net,Light,Removal,1080,2340,961,2082,0.8896008544727063,22601.667300000372,5695.685099999537,3067.55224609375,False,0.015364086923370187,0.05381944444444445,0.023904146153389882,0.01209665315923758,0.004332247744855418,0.004359423226036322,0.5496814606236662,0.023971418693096692,0.4897959183673469,7488,0.0037424992577976234,0.003795900601456157,26230,0.013109742993059783,3.502938034188034,0.012956814631312477,0.08055920153856277,0.5194254517555237,
Replacement_54c3068c1efc454c31927d43f799c788,STFD,ADCD-Net,Light,Replacement,1080,2340,961,2082,0.8896008544727063,22793.071600000076,5777.229199999965,3067.55224609375,False,0.0,0.0,0.0,0.0,0.009992006131592311,0.009997493914690181,0.8862280801227053,0.024213754743463118,0.1020408163265306,3830,0.001914232392810483,0.0019305951250395694,6642,0.0033196688128060647,1.7342036553524804,0.003326035617925539,0.07969602942466736,0.3543230891227722,
Splicing_4fd11085cecfd7a9a1578e245da8f776,STFD,ADCD-Net,Light,Splicing,1080,2340,961,2082,0.8896008544727063,22714.587700000266,5801.492300000064,3067.55224609375,False,0.0,0.0,0.0,0.0,0.09469095363240124,0.09467973480153741,0.6952546079894838,0.20857211299268458,0.08163265306122448,108428,0.05419226890017103,0.054041231402342516,19581,0.00978657558319114,0.1805898845316708,0.01034732034999424,0.07966841012239456,0.4908215403556824,
Copy-move_545bdd84b792924e7c584b37c1ffcf23,STFD,ADCD-Net,Dark,Copy-move,1080,2340,961,2082,0.8896008544727063,22936.075800000253,5817.254399999911,3067.55224609375,False,0.345170902716915,0.15459741238537872,0.2135490657499485,0.11953816455619362,0.21391265678257104,0.21391999523657773,0.857831361614571,0.29416197726524035,0.12244897959183673,63688,0.03183123567449453,0.03217276036720481,28525,0.014256783030004968,0.4478865720386886,0.00964269526728938,0.0884428396821022,0.5617263317108154,
Insertion_6c6e79521e1517d824ee67fcd4d048f8,STFD,ADCD-Net,Light,Insertion,750,1334,750,1334,1.0,14365.287599999647,7017.063999999664,3067.55224609375,False,0.0,0.0,0.0,0.0,0.044029399889677794,0.04405169637628957,0.9658866261988633,0.10145858178148794,0.16326530612244897,3095,0.0030934532733633184,0.0030934532733633184,4242,0.004239880059970015,1.3705977382875605,0.0042530366300549925,0.07272156327962875,0.2852526903152466,
Removal_510cf356b6ffb4d686cc6d4ff90d3bd6,STFD,ADCD-Net,Dark,Removal,1080,2340,961,2082,0.8896008544727063,22704.703399998834,5810.212500000489,3067.55224609375,False,0.0,0.0,0.0,0.0,0.01477829342649867,0.014812215166837221,0.6639651948251533,0.07493374760120625,0.18367346938775508,13663,0.006828761666571705,0.006862931307375752,44203,0.022092640851018742,3.2352338432262315,0.02224454353721607,0.0868368148803711,0.7176006436347961,
Replacement_54d7e9659cd4fd6ca4fa3101fd247c9e,STFD,ADCD-Net,Light,Replacement,1080,2400,949,2108,0.8784104611578831,22846.711599999253,5774.6317000001,3067.55224609375,False,0.031079234972677595,0.7930283224400871,0.05981431271054145,0.030829169136952654,0.02634787768207088,0.0264267064023744,0.9956251696792537,0.07745398773006135,0.5918367346938775,459,0.00022944355688500628,0.00022569444444444443,11712,0.0058545597782945396,25.516339869281047,0.005673906380544721,0.0774398073554039,0.41775792837142944,
Splicing_525370d505ca8add6239c9e115f8b768,STFD,ADCD-Net,Light,Splicing,1080,2340,961,2082,0.8896008544727063,23020.53789999991,5890.471799999432,3067.55224609375,False,0.0,0.0,0.0,0.0,0.011152224239359387,0.011161336527870715,0.6126136017272475,0.028978799720204694,0.1020408163265306,16085,0.008039276250223661,0.00806386514719848,16287,0.008140235765458052,1.0125582841156358,0.008206207736417837,0.08283515274524689,0.46236205101013184,
Copy-move_549b1c0417cda57ceb4571b66f7a5a79,STFD,ADCD-Net,Light,Copy-move,1080,2340,961,2082,0.8896008544727063,22975.58790000039,5891.192299999602,3067.55224609375,False,0.03008401842984913,0.029801324503311258,0.029942004226048643,0.01519853947968964,0.041860945875182895,0.04186943986502473,0.9157448071789434,0.09378524729887668,0.14285714285714285,11174,0.005584760511035075,0.005664371636593859,11069,0.005532281555096406,0.9906031859674244,0.00539598357079816,0.08910448849201202,0.3885212242603302,
Insertion_6d02e36bcb8183bbb30f2aff78a80e09,STFD,ADCD-Net,Light,Insertion,1080,2340,961,2082,0.8896008544727063,22851.45990000092,5794.640500000241,3067.55224609375,False,0.1589976371098122,0.47607521876745484,0.23838157833403256,0.13531964436917865,0.25213138771012233,0.2522623343030701,0.9868839372576628,0.339671666469824,0.7959183673469387,5371,0.002684423546157991,0.0027081354859132636,16082,0.008037776851482556,2.994228262893316,0.006777984305145104,0.08808986097574234,0.42855313420295715,
Removal_57bc1ac08e52d3c719ee8badf5fce8de,STFD,ADCD-Net,Light,Removal,1080,2340,961,2082,0.8896008544727063,22836.406599999464,5749.424100000397,3067.55224609375,False,0.0,0.0,0.0,0.0,0.005036198336489307,0.0051114765223193755,0.3474797794822532,0.014456898733235088,0.0,14568,0.007281080286804991,0.007196502057613169,13163,0.0065788618763875685,0.903555738605162,0.006627114428612137,0.09309360384941101,0.37105610966682434,
Replacement_55efc3ad133fa223cfe331906c00286e,STFD,ADCD-Net,Light,Replacement,1080,2340,961,2082,0.8896008544727063,22918.402100000094,5869.8525999989215,3067.55224609375,False,0.049982240814554636,0.5130646141381405,0.09109053312955138,0.047718624015673866,0.08543200825542764,0.0854834555743032,0.9560016679938476,0.2080263881253436,0.7959183673469387,4937,0.0024675105282781604,0.0024683444127888573,50678,0.025328843133903305,10.26493822159206,0.024122373006190297,0.09834723174571991,0.6358792185783386,
Splicing_53fe41bdb1c86d71da19dd7ff245f960,STFD,ADCD-Net,Light,Splicing,1080,2340,961,2082,0.8896008544727063,22583.15539999967,5707.691900001009,3067.55224609375,False,0.7100477666973938,0.09349053012540066,0.1652260816575259,0.09005255634263122,0.325006016447517,0.3250495932334144,0.6352926342051547,0.32493031797376787,0.061224489795918366,362518,0.18118634427594535,0.18064616967394745,47732,0.023856433570138374,0.13166794476412205,0.008447863740352711,0.08824796229600906,0.6225935220718384,
Copy-move_54bb4fc640283ebae5f5ff63bfb315d4,STFD,ADCD-Net,Light,Copy-move,1080,2340,961,2082,0.8896008544727063,22883.077200000116,5736.7265000011685,3067.55224609375,False,0.3858102714209686,0.31044911942615494,0.3440512561919734,0.2077668511652068,0.2865666419178674,0.2865614241831012,0.9363663929132438,0.48688224527150703,0.4081632653061224,37362,0.018673511921719392,0.01854661285216841,30064,0.01502597458419174,0.8046678443338151,0.00940441266348857,0.08198986947536469,0.7085042595863342,
Insertion_6eab1d7b96a18c0a27239c7d888c4a96,STFD,ADCD-Net,Light,Insertion,1080,2340,961,2082,0.8896008544727063,22943.492800000968,5878.220699998565,3067.55224609375,False,0.008097456108921533,0.01765349164193095,0.01110237767734329,0.005582176554858469,0.017922916907932622,0.017931293130746036,0.8502472822251897,0.050207838479809974,0.24489795918367346,6401,0.0031992171139373113,0.00324667616334283,13955,0.00697470314403924,2.1801281049835963,0.006940429733037639,0.0817233994603157,0.46829402446746826,
Removal_5f17d9cf9862d9918f01279cb4b6739d,STFD,ADCD-Net,Light,Removal,1080,2400,949,2108,0.8784104611578831,22887.270200000785,5825.402399999803,3067.55224609375,False,0.0,0.0,0.0,0.0,0.0008823599901577737,0.0009612858149492422,0.439713830397385,0.0020523862860646965,0.0,2055,0.0010272472971648975,0.0010401234567901235,4208,0.0021034825432943494,2.0476885644768856,0.0021056455620067083,0.08045120537281036,0.3672339618206024,
Replacement_571b35555326852dacdce150bea2c734,STFD,ADCD-Net,Light,Replacement,1080,2340,961,2082,0.8896008544727063,22900.158200000078,5836.9779999993625,3067.55224609375,False,0.06912149829378621,0.9965675057208238,0.12927643784786644,0.06910504601713742,0.15389073381253224,0.15444436994876184,0.9984917663557629,0.3374340949033392,0.8163265306122448,874,0.00043682483324187,0.00044317822095599874,12601,0.0062979745122206,14.417620137299771,0.0058652111476013135,0.07784301042556763,0.3694649338722229,
Splicing_5a810153725d5405657002ac0f3ee2ee,STFD,ADCD-Net,Light,Splicing,1080,2340,961,2082,0.8896008544727063,22822.843300000386,5892.586699999811,3067.55224609375,False,0.12070986104135276,0.014348544249636809,0.025648322720643164,0.01299075692329868,0.09639794423594245,0.09639932197409992,0.7920943071391425,0.19605835288363813,0.1020408163265306,50249,0.025114429113925314,0.025225546058879392,5973,0.0029853028935396906,0.11886803717486916,0.0026925697481688525,0.08161289244890213,0.3872354328632355,
Copy-move_5c5b4b735e963d93fc9d3246db41ace8,STFD,ADCD-Net,Dark,Copy-move,2340,1080,2082,961,0.8896008544727063,22940.237299999353,5845.303800000693,3067.55224609375,False,0.5089512537732748,0.29505839137817513,0.3735535739747513,0.22967468709538197,0.4768729993619905,0.47685701335450126,0.9635512374009537,0.5517146792765609,0.2040816326530612,57714,0.02884543298137447,0.028860794555239,33459,0.016722794159542025,0.5797380185050421,0.008455612921288177,0.08559054881334305,0.6518800258636475,
Insertion_710fdd88645c290ac9a9a00c66e1cc7a,STFD,ADCD-Net,Light,Insertion,1080,2400,949,2108,0.8784104611578831,22918.029500000557,5845.804700000372,3067.55224609375,False,0.2917197452229299,0.7510744175525899,0.42022336824121237,0.26600176239685974,0.38200978923954265,0.3821386727785332,0.9848923167081648,0.4936362779296691,0.7142857142857142,8842,0.004419912701475437,0.004449074074074074,22765,0.01137970059365396,2.574643745758878,0.008095799964853262,0.07852853089570999,0.5342162847518921,
Removal_60031ea926e9cb6d8f2cd0cbfa2dda63,STFD,ADCD-Net,Light,Removal,1080,2340,961,2082,0.8896008544727063,22850.63579999951,5713.690599999609,3067.55224609375,False,0.0,0.0,0.0,0.0,0.003200839309548343,0.0033110745687696336,0.4417211627804817,0.007821146168808314,0.0,7855,0.0039259257037927795,0.003947847420069642,19261,0.009626639717473294,2.4520687460216424,0.009664582148948267,0.07735272496938705,0.49937984347343445,
Replacement_5b2cf75fbbe22503877b57823b6fdcf8,STFD,ADCD-Net,Light,Replacement,1080,2340,961,2082,0.8896008544727063,22849.0843999989,5794.199500000104,3067.55224609375,False,0.3067442936039394,0.9994681322577785,0.46942004246638086,0.3066942306123004,0.4639798010130099,0.4640832157858897,0.996548473322819,0.5970880784200663,0.836734693877551,11281,0.0056382390661344805,0.005643399810066477,36757,0.018371133175596587,3.25831043347221,0.012808108082297195,0.08451743423938751,0.8947470188140869,
Splicing_5cb37a62e77012cb57d6e59b8b043ecb,STFD,ADCD-Net,Dark,Splicing,1080,2340,961,2082,0.8896008544727063,23035.006100000828,5829.00619999964,3067.55224609375,False,0.3789631667813145,0.04107889724174863,0.07412300014677821,0.03848792012803902,0.19319486324689872,0.19319402964038426,0.689775642800372,0.2983881689967988,0.1020408163265306,147521,0.0737309338955079,0.07332621082621082,15991,0.007992295089669043,0.10839812636844924,0.005358604550524179,0.09179025143384933,0.47413986921310425,
Copy-move_5d74e099a7d99e576d77c57e37700c43,STFD,ADCD-Net,Light,Copy-move,1080,1920,1061,1886,0.9820927516479826,26816.396799998984,6940.017800001442,3067.55224609375,False,0.05857273373261598,0.04087270666572218,0.048147530040053406,0.024667607199350176,0.04735191324927557,0.04736377574291218,0.8725095702625913,0.12844959645151702,0.32653061224489793,14117,0.007054810334195216,0.007145543981481482,9851,0.004922925310062837,0.6978111496776935,0.004667504475499628,0.08790800720453262,0.37642645835876465,
Insertion_74ea626da18896f7800d4b36b265c06a,STFD,ADCD-Net,Light,Insertion,1080,2340,961,2082,0.8896008544727063,22842.379399999118,5798.18030000024,3067.55224609375,False,0.10153886623701171,0.3341991341991342,0.15575506910118028,0.08445465485176676,0.13359486247497931,0.13393920378944937,0.9806720593084762,0.2470173080154596,0.7142857142857142,2310,0.0011545370306507092,0.0011301044634377969,7603,0.0037999762095399744,3.2913419913419912,0.0034180772302315945,0.07452041655778885,0.29765620827674866,
Removal_62f16bd2cb2c4ec72d9760277e326aa9,STFD,ADCD-Net,Light,Removal,750,1334,750,1334,1.0,14397.678399998767,6986.190499999793,3067.55224609375,False,0.0,0.0,0.0,0.0,0.019464868653138397,0.019852772112387538,0.3610286220414458,0.05333530496774043,0.0,27412,0.027398300849575213,0.027398300849575213,6001,0.00599800099950025,0.21891872172771049,0.006166965372093788,0.07504056394100189,0.3358937203884125,
Replacement_5e22cb87cff4a53db58c0e2ce138799d,STFD,ADCD-Net,Light,Replacement,1080,2340,961,2082,0.8896008544727063,22969.626199999766,5840.505599999233,3067.55224609375,False,0.11784450694003447,0.14494532470430707,0.12999749812359268,0.06951728566841485,0.05289037118957306,0.05290583562351965,0.9502505369474965,0.13146973238563184,0.4897959183673469,8962,0.0044792038392604564,0.004472934472934473,11023,0.005509290774399466,1.2299709886186119,0.004881918226363563,0.08763255178928375,0.4196934700012207,
Splicing_5d4b88a39d95e548f24502de826809a4,STFD,ADCD-Net,Light,Splicing,1170,2532,961,2080,0.8216563506305302,22899.248100000477,5760.228600000119,3067.55224609375,False,0.007811870822259805,0.01523480446049945,0.01032793867120954,0.0051907743350992665,0.04199742363086735,0.042010882371500254,0.9541340806545049,0.11300324835121567,0.42857142857142855,6367,0.0031852837589049867,0.0031551693873968756,12417,0.006211978708076523,1.9502120307837285,0.006183146609332034,0.08825332671403885,0.45978274941444397,
Copy-move_5da962250f823c968d0e263955d6ab1c,STFD,ADCD-Net,Light,Copy-move,1080,2340,961,2082,0.8896008544727063,22834.040900001128,5764.120599998932,3067.55224609375,False,0.11418908036720889,0.02750834173973772,0.04433605352843698,0.02267058898765748,0.09977650758588116,0.09978576203305839,0.9158798426274386,0.168229884294228,0.3469387755102041,25774,0.012881834384411851,0.013032605254827478,6209,0.003103255594506603,0.24090168386746333,0.0027847706462895716,0.09157252311706543,0.38771721720695496,
Insertion_76ce3144f7e75e89d0e9e20ddf63541c,STFD,ADCD-Net,Dark,Insertion,1080,2340,961,2082,0.8896008544727063,22987.56619999949,5770.038200000272,3067.55224609375,False,0.1982575197652803,0.9940482874789444,0.330582216080965,0.1980224598451971,0.5000566966714501,0.5002270727384083,0.9964595530718591,0.6178681572860447,0.9183673469387754,8905,0.004450715263179465,0.00444681861348528,44649,0.022315551463862993,5.013924761370017,0.017971310765566694,0.09391564130783081,0.844407320022583,
Removal_63764f7f68707338d48d5a04f52d8e22,STFD,ADCD-Net,Light,Removal,1080,2340,961,2082,0.8896008544727063,22717.614799999865,5761.3418999990245,3067.55224609375,False,0.0,0.0,0.0,0.0,0.004084206225539646,0.004103617375758282,0.5582212570881713,0.014965633354051884,0.1020408163265306,6537,0.0032671898568673963,0.0032763532763532763,40818,0.02040081927147214,6.244148692060579,0.020467691104241414,0.08936265110969543,0.6707316637039185,
Replacement_5e65399c55884886e1c7fbe2c3d3afa2,STFD,ADCD-Net,Light,Replacement,1080,2400,949,2108,0.8784104611578831,22710.236900000382,5826.339999999618,3067.55224609375,False,0.33488372093023255,0.679403541472507,0.44863263971691225,0.28918530272226906,0.40644313984199126,0.4065298117859155,0.994832561585414,0.47351254077156674,0.8775510204081632,8584,0.004290944427670793,0.004235725308641975,17415,0.008705358481813474,2.0287744641192917,0.005815027601676383,0.07880301028490067,0.46275779604911804,
Splicing_5e6318dccb7d3319c33164bbbbede6df,STFD,ADCD-Net,Dark,Splicing,1080,2340,961,2082,0.8896008544727063,23020.758900000146,5815.351400000509,3067.55224609375,False,0.30368526766221293,0.16847536456567028,0.21672067805060452,0.12152929458840797,0.15138117999783027,0.15138604091048719,0.8294132688285676,0.2984395918932644,0.32653061224489793,41282,0.02063272627676302,0.020781497309275088,22902,0.011446409989594173,0.5547696332542028,0.00813821752265861,0.08709576725959778,0.5523982048034668,
Copy-move_5e161d67746f4e744e1ed55a0a5f04af,STFD,ADCD-Net,Light,Copy-move,1080,2340,961,2082,0.8896008544727063,22723.903599999176,5766.151200001332,3067.55224609375,False,0.13831715900607872,0.11169239380826283,0.12358707433567183,0.0658634742093971,0.058320703495438345,0.05831684617865007,0.651875609970755,0.16537534995767952,0.1020408163265306,46449,0.02321519070852588,0.023280310224754668,37508,0.01874648266045316,0.8075093112876488,0.016537442314668846,0.08180201053619385,0.6990218758583069,
Insertion_76ea8baa213f12d1701f7b5d726953b0,STFD,ADCD-Net,Dark,Insertion,1080,2340,961,2082,0.8896008544727063,23036.942000000636,5883.73060000049,3067.55224609375,False,0.002591612094189773,0.07203718048024788,0.005003227888960619,0.0025078877113502143,0.003730729241742923,0.0037388901967254856,0.9133194101976524,0.01306440522576209,0.673469387755102,1291,0.0006452412582554396,0.0006390471668249446,35885,0.017935307941515453,27.796281951975214,0.017900376642088992,0.10691500455141068,0.589059591293335,
Removal_63b8cf8fd2871945f18d2ec40f8ff780,STFD,ADCD-Net,Light,Removal,1080,2340,961,2082,0.8896008544727063,22693.4624000005,5748.868199998469,3067.55224609375,False,7.877116975187081e-05,0.0002703433360367667,0.0001219958521410272,6.10016470444702e-05,0.0015078839493383597,0.001538554329471345,0.44910467735466975,0.004206982332621186,0.061224489795918366,3699,0.0018487586477822393,0.001910414688192466,12695,0.006344955672775217,3.432008650986753,0.006356206965789947,0.07454323023557663,0.30710646510124207,
Replacement_5e8216d206d3222e2953d887b057b628,STFD,ADCD-Net,Light,Replacement,750,1334,750,1334,1.0,14338.798099999622,7007.943100001285,3067.55224609375,False,0.03975623911781776,0.045259332672613145,0.042329677120346056,0.021622474747474748,0.0631933961195809,0.06321341706061995,0.9594154448009731,0.1512199889239991,0.16326530612244897,6054,0.006050974512743629,0.006050974512743629,6892,0.0068885557221389304,1.138420878757846,0.006654961657043218,0.08088749647140503,0.42985349893569946,
Splicing_5f0dc12158329d43d3009f7f4200709c,STFD,ADCD-Net,Light,Splicing,1080,2340,961,2082,0.8896008544727063,22705.85519999986,5738.9057999989745,3067.55224609375,False,0.0956641431520991,0.04458224194151922,0.06082041932543301,0.03136399533676808,0.0489731354042658,0.04898298695888713,0.7871691691520663,0.12770594693803974,0.2040816326530612,18707,0.00934975074994927,0.009375593542260209,8718,0.004357252741650598,0.46602875928796705,0.003977609549491825,0.08152858912944794,0.4180476665496826,
Copy-move_5f431c56fbf2b133a1712fb8d268e13a,STFD,ADCD-Net,Light,Copy-move,1080,1920,1061,1886,0.9820927516479826,26763.631699999678,6867.783899999267,3067.55224609375,False,0.0,0.0,0.0,0.0,0.12865030222836185,0.12865533124526704,0.9158364551489805,0.25565826944140196,0.22448979591836732,47308,0.023641635424672895,0.02382667824074074,22093,0.01104072570045866,0.4670034666441194,0.01130806689535649,0.10218963027000427,0.5085384249687195,
Insertion_782208fa47aeabe182edc75b77d57d65,STFD,ADCD-Net,Light,Insertion,1080,2340,961,2082,0.8896008544727063,22908.388200001355,5915.021999999226,3067.55224609375,False,0.06523630037692085,0.11940140097643813,0.08437394532568343,0.044045102184637065,0.07835280449277267,0.07838289902683562,0.9710494012253734,0.1597382557343574,0.22448979591836732,9422,0.0047091116462298615,0.004649018676796454,17245,0.008619043763450856,1.8302908087454892,0.008094888971467023,0.08245430141687393,0.47482824325561523,
Removal_6490baa1e967bd958a51e958477de28d,STFD,ADCD-Net,Light,Removal,1080,2400,949,2108,0.8784104611578831,22771.584399999483,5789.364700000078,3067.55224609375,False,0.0,0.0,0.0,0.0,0.007572294794222225,0.007661805347190924,0.43959813879230825,0.017385237315129476,0.0,17542,0.008768842864655294,0.00874537037037037,4466,0.0022324508170989935,0.25458898643256184,0.0022522000050429914,0.08098778128623962,0.34801679849624634,
Replacement_6037ab4d1d9f7cc109573b87627df9f0,STFD,ADCD-Net,Light,Replacement,1080,2340,961,2082,0.8896008544727063,22754.45310000032,5793.128000001161,3067.55224609375,False,0.01902166198222752,0.15300296871431834,0.03383667491540831,0.017209493475803965,0.02909906474915859,0.02914202130054179,0.8101997039654727,0.16884783166538364,0.8163265306122448,4379,0.0021886223624326645,0.0021640550807217472,35223,0.017604440619311656,8.043617264215575,0.017307454382162496,0.09113357961177826,0.5745587944984436,
Splicing_6a26e079180fab0152ae5bd7f179e86e,STFD,ADCD-Net,Light,Splicing,1080,2340,961,2082,0.8896008544727063,22884.18139999885,5810.210499999812,3067.55224609375,False,0.03941351021120614,0.06943419434194342,0.05028393274691014,0.025790387426900586,0.03741288867919538,0.03741488765053177,0.8479566782919798,0.09073733595384517,0.14285714285714285,16260,0.008126741176788108,0.008131528964862298,28645,0.014316758979649161,1.7616851168511685,0.01386516385140753,0.08776755630970001,0.5987535715103149,
Copy-move_6252c691fb2e531488a4f2e48afd5d3e,STFD,ADCD-Net,Light,Copy-move,1080,2340,961,2082,0.8896008544727063,22914.933400001246,5780.625499999587,3067.55224609375,False,0.05727533960292581,0.06370305803733566,0.060318442862546846,0.031097085313098363,0.038274281179406684,0.03827930918939337,0.8843650264685818,0.08709606395230675,0.08163265306122448,13767,0.006880740822930005,0.006993906299461855,15312,0.007652931174598985,1.1122248855959904,0.007264592722322456,0.07937031239271164,0.4543774127960205,
Insertion_7b5922fcde67dcc050daff3bcdb380ac,STFD,ADCD-Net,Light,Insertion,1080,2340,961,2082,0.8896008544727063,22934.83550000019,5821.274599999015,3067.55224609375,False,0.05620461004104831,0.3683121489801951,0.09752661239824673,0.051263062618283554,0.10754837232035969,0.10762691296152901,0.9497214003939233,0.19735849056603774,0.6326530612244897,6766,0.0033816439607717306,0.0033752769863880975,44338,0.02216011379436846,6.5530594147206624,0.020985578996567764,0.09797980636358261,0.5291545391082764,
Removal_64cf6f426dace19aa6e0ad289c902d6a,STFD,ADCD-Net,Light,Removal,1080,2400,949,2108,0.8784104611578831,22745.25530000028,5776.512099999309,3067.55224609375,False,0.0,0.0,0.0,0.0,0.010864469234972396,0.010995185249874504,0.4215505200039503,0.025505185968939952,0.0,25841,0.012917322338704679,0.012771219135802469,18281,0.009138251990010457,0.7074416624743625,0.009257838473735359,0.07881589233875275,0.47898122668266296,
Replacement_6236d5a8dff3c940fb257d87f596cbf2,STFD,ADCD-Net,Light,Replacement,1080,2340,961,2082,0.8896008544727063,22696.467600000688,5787.24019999936,3067.55224609375,False,0.36900930126466785,0.9012689569792633,0.5236279939581385,0.35467212316086916,0.4746283338673608,0.4747159016288136,0.9944032689909114,0.5762580143773072,0.7142857142857142,16155,0.00807426222084944,0.008024691358024692,39457,0.019720592042590922,2.4424017332095325,0.01254480015841608,0.08184142410755157,0.8463922739028931,
Splicing_6b6f96b30904e126431d1f2a41393950,STFD,ADCD-Net,Light,Splicing,1080,2316,966,2071,0.8941983055272923,22901.34659999967,5819.502199999988,3067.55224609375,False,0.1690162584894011,0.11009820022120187,0.133338745357498,0.07143167782899887,0.07523109140094716,0.07522786910417334,0.7386447559873162,0.2230722525804493,0.32653061224489793,29837,0.01491413015986316,0.014894773875775603,19436,0.00971515346003621,0.6514059724503134,0.008195361256050365,0.0791332870721817,0.47316089272499084,
Copy-move_68a8e77b6b3ac237fcbb275f6af39f3c,STFD,ADCD-Net,Light,Copy-move,1080,2376,953,2098,0.8828357307829559,22938.537400001223,5797.2742000001745,3067.55224609375,False,0.2226610377230015,0.027074168317979347,0.0482780342326204,0.024736122808167713,0.12317395113986285,0.12370442306782592,0.5786569164397399,0.17365919113315145,0.061224489795918366,181169,0.09061195542249302,0.09058174335952114,22029,0.011017838405036727,0.12159365012778124,0.009417976323062327,0.08007898181676865,0.5124884247779846,
Insertion_7d62428163b0a458f0c574a33fda0898,STFD,ADCD-Net,Light,Insertion,1080,2340,961,2082,0.8896008544727063,22911.871000000247,5879.931699999361,3067.55224609375,False,0.0,0.0,0.0,0.0,0.005480603535815846,0.005483593652176597,0.87845407139495,0.016950793042936677,0.1020408163265306,2621,0.0013099747001452417,0.0013481323203545425,49366,0.02467310608446013,18.83479587943533,0.024705469624623597,0.09720198810100555,0.6172026991844177,
Removal_68cd0b9e9d5803cc60b7d82ed0b5ca9f,STFD,ADCD-Net,Light,Removal,1080,2400,949,2108,0.8784104611578831,22852.768100001413,5861.794099999315,3067.55224609375,False,0.0,0.0,0.0,0.0,0.0004303248874775632,0.0004444837315867522,0.37846214177794546,0.0015863295125977267,0.061224489795918366,1138,0.0005688600604251354,0.0005752314814814815,10935,0.0054661553257898555,9.60896309314587,0.005469266573103112,0.07834324985742569,0.3301484286785126,
Replacement_63f80179ef664e15746e3b55c9d1280e,STFD,ADCD-Net,Light,Replacement,1080,2340,961,2082,0.8896008544727063,22812.924199999543,5794.611799999984,3067.55224609375,False,0.06351757965458966,0.25704753961634697,0.10186409307244844,0.05366533170816647,0.04412864716074162,0.04414467210693798,0.9635872123703977,0.11596669300431532,0.4081632653061224,5995,0.0029962984843077928,0.00298116492560937,24261,0.012125637619314655,4.046872393661385,0.011389573026362952,0.07872573286294937,0.6239092350006104,
Splicing_70cc38bf94d4ca82c15e3cb3deb84e9d,STFD,ADCD-Net,Light,Splicing,1080,2340,961,2082,0.8896008544727063,22962.955100001636,5813.5144999996555,3067.55224609375,False,0.0,0.0,0.0,0.0,0.019997077418150693,0.020008429641054662,0.6815790057659041,0.05852577030438209,0.14285714285714285,18934,0.009463205254692868,0.009445631528964863,10159,0.0050774639369612785,0.536548008872927,0.005125972062720625,0.0827954113483429,0.41293519735336304,
Copy-move_6bce2a7948ceeb634630d384b494f6e0,STFD,ADCD-Net,Light,Copy-move,1080,2340,961,2082,0.8896008544727063,22853.85690000112,5784.199100000478,3067.55224609375,False,0.0,0.0,0.0,0.0,0.009228664893850637,0.009235100004969967,0.7716161707278999,0.027992055060279922,0.4693877551020408,5881,0.0029393213321458095,0.0029562361506805953,10375,0.0051854206463208255,1.7641557558238394,0.005200707195924049,0.08993963897228241,0.44348299503326416,
Insertion_7ede3fca301dace2ff35dfb4e367efb8,STFD,ADCD-Net,Dark,Insertion,2340,1080,2082,961,0.8896008544727063,22992.441899999903,5840.195300001142,3067.55224609375,False,0.04585223590408295,0.04178972238629652,0.04372682323856614,0.022352104889029303,0.011565328837729606,0.011575698900739784,0.7050674408043035,0.06683673469387755,0.32653061224489793,6772,0.0033846427582539403,0.0033792339347894903,6172,0.003084763010032977,0.9113998818665091,0.002953315647206913,0.07318699359893799,0.24444304406642914,
Removal_6c538efb92dac4d302dd11ba3ec851c8,STFD,ADCD-Net,Light,Removal,1080,2400,949,2108,0.8784104611578831,23045.78010000114,5866.918899999291,3067.55224609375,False,0.0,0.0,0.0,0.0,0.001254426697569182,0.0012873760321487245,0.4893982382581278,0.0025780375562760036,0.0,2582,0.0012906824921069416,0.0012893518518518519,3714,0.0018565432903505737,1.4384198295894655,0.0018589425950117874,0.07191741466522217,0.26153749227523804,
Replacement_6b3e9b75651da17af47fdac507dc1dd9,STFD,ADCD-Net,Dark,Replacement,1080,2340,961,2082,0.8896008544727063,23073.345299999346,5971.265399999538,3067.55224609375,False,0.02891380826737027,0.20164845696760592,0.050575707314728005,0.02594391970208883,0.020479759649392863,0.02048769588782225,0.9254735044689933,0.06197022127686593,0.4081632653061224,5217,0.0026074544107812766,0.0025664767331434,36384,0.01818470793211922,6.974123059229442,0.01770508397287011,0.10665781795978546,0.579329788684845,
Splicing_7245a07cb5532e54f2a0f920d9808cb5,STFD,ADCD-Net,Light,Splicing,1080,2316,966,2071,0.8941983055272923,22894.1018000005,5812.1030000002065,3067.55224609375,False,0.0,0.0,0.0,0.0,0.012475171060655639,0.012496931726529749,0.5649428395210951,0.027786271212352852,0.24489795918367346,21305,0.0106493797317386,0.010623760634555108,9287,0.0046421398530230645,0.4359070640694673,0.004692107891704109,0.07825718075037003,0.3054802417755127,
Copy-move_6c6dca251b0eb9ef10adc03c7522a7b7,STFD,ADCD-Net,Light,Copy-move,1080,2340,961,2082,0.8896008544727063,22775.89799999987,5747.236799999882,3067.55224609375,False,0.0,0.0,0.0,0.0,0.029429355267904092,0.029428097185263465,0.6777464830962189,0.09376175784483408,0.08163265306122448,31100,0.01554376694945327,0.015515590376701487,43719,0.0218507378541205,1.4057556270096463,0.0221957433154863,0.08434252440929413,0.6122024059295654,
Insertion_7fe2f216c91fd84d02a556bde2cc0c89,STFD,ADCD-Net,Dark,Insertion,1080,2340,961,2082,0.8896008544727063,22809.7228000006,5878.6114000013185,3067.55224609375,False,0.04153577661431065,0.20932277924362358,0.06931702344546382,0.03590285110876452,0.03459367295102978,0.03465776864390575,0.954020786385847,0.09149957639085005,0.7959183673469387,4548,0.0022730884915149025,0.002308088002532447,22920,0.011455406382040801,5.03957783641161,0.011004611637597219,0.08283408731222153,0.5235628485679626,
Removal_6ea38204bd1c632372a385492bbfbdf8,STFD,ADCD-Net,Light,Removal,1080,2340,961,2082,0.8896008544727063,22735.75770000025,5803.3420000010665,3067.55224609375,False,0.0,0.0,0.0,0.0,0.012089235767124536,0.01223365147882556,0.46921886358109166,0.027830936547731756,0.0,28235,0.01411184115169817,0.01405982905982906,15674,0.0078338586226923,0.555126615902249,0.007945991188132013,0.07858670502901077,0.3996017873287201,
Replacement_6dbc5b8ce504ad9a74ba774d89999774,STFD,ADCD-Net,Light,Replacement,1080,2340,961,2082,0.8896008544727063,22682.050499999605,5743.090899999515,3067.55224609375,False,0.18808611029194927,0.5382732720060764,0.27876483314757755,0.16195627332977833,0.3205460369125912,0.3206521580162267,0.9795118926146947,0.4504579517069109,0.8979591836734693,11849,0.0059221252277836586,0.005964308325419437,33910,0.016948203770288113,2.861844881424593,0.013842458821299447,0.08177975565195084,0.7302831411361694,
Splicing_72f4266e8f47c87c5a314484803b91f3,STFD,ADCD-Net,Light,Splicing,1080,2340,961,2082,0.8896008544727063,22929.225399999268,5843.6148000000685,3067.55224609375,False,0.428309064672701,0.42526864213611204,0.4267834384497239,0.2712807943168128,0.368098708167122,0.36813529861543726,0.9805243404729421,0.5467550733373518,0.36734693877551017,30710,0.015348845113109643,0.015339901867679645,30492,0.01523988880458936,0.9929013350700098,0.00884831774353685,0.08547617495059967,0.7122052907943726,
Copy-move_73352a9082788f4fb297b3ce27075751,STFD,ADCD-Net,Light,Copy-move,750,1334,750,1334,1.0,14390.212399999655,7094.744699999865,3067.55224609375,False,0.0,0.0,0.0,0.0,0.04399520788894474,0.04399645962611862,0.7919743995192942,0.12355141892508441,0.12244897959183673,10998,0.010992503748125937,0.010992503748125937,6585,0.006581709145427286,0.5987452264048009,0.006654862749140476,0.07884236425161362,0.39572808146476746,
Insertion_8010077f80eda1e94a252724b025e3b8,STFD,ADCD-Net,Dark,Insertion,1080,2340,961,2082,0.8896008544727063,22869.579399999566,5834.2446999995445,3067.55224609375,False,0.008655126498002663,0.017364203027604632,0.011552132701421802,0.005809623119320721,0.024504631256690154,0.024514617222065594,0.9578352714698957,0.05582489087892795,0.16326530612244897,4492,0.002245099715014279,0.002246755302310858,9012,0.00450419381827887,2.006233303650935,0.004475256848886195,0.0857016071677208,0.4144153296947479,
Removal_70c09f3121dcb98453cdf7fc76f256dd,STFD,ADCD-Net,Light,Removal,1080,2340,961,2082,0.8896008544727063,22888.813300000038,5847.549000000072,3067.55224609375,False,0.0,0.0,0.0,0.0,0.0015932175776763203,0.0016053603418778204,0.2583199955036333,0.005163558378668592,0.0,5179,0.0025884620267272824,0.0026377018043684712,41402,0.02069270222640721,7.9942073759413015,0.020746403504068655,0.11350454390048981,0.6026266813278198,
Replacement_70fe43d3af71f6519f505fb4b201138d,STFD,ADCD-Net,Light,Replacement,1080,2340,961,2082,0.8896008544727063,22855.45640000055,5855.547999999544,3067.55224609375,False,0.17091595845136923,0.32548634951773747,0.2241359900934369,0.1262123613312203,0.12960566561249087,0.12966435776907342,0.957943822597551,0.2896804609743321,0.42857142857142855,6117,0.0030572740331127218,0.0030353751187084522,11649,0.005822165311710004,1.9043648847474253,0.004841867262249428,0.08317724615335464,0.40028640627861023,
Splicing_73fc51eac5faf7f9a0edfa29aaeb429a,STFD,ADCD-Net,Light,Splicing,1080,2400,949,2108,0.8784104611578831,22835.422899999685,5799.3994999997085,3067.55224609375,False,0.20975124378109453,0.0345607764698167,0.059343505433252626,0.030579087849599628,0.03175270964914567,0.03176563633590603,0.6141596167673173,0.09447325410117234,0.3469387755102041,30497,0.015244749791551278,0.015080632716049383,5025,0.002511882077009056,0.16477030527592879,0.0020157411567034433,0.07862572371959686,0.34172287583351135,
Copy-move_775ddb1566de77b235270f00178e961d,STFD,ADCD-Net,Light,Copy-move,1080,2340,961,2082,0.8896008544727063,22977.507499999774,5787.452699998539,3067.55224609375,False,0.17001675041876047,0.003747876818551067,0.007334079988438888,0.003680536669386275,0.14084388150541202,0.14092913848568947,0.6643271275000125,0.26660538896338026,0.08163265306122448,162492,0.08121343341320131,0.08113247863247863,3582,0.0017902820968791514,0.022044162174137804,0.0016172462751113796,0.07662370800971985,0.2910718619823456,
Insertion_83b35389544227aa4fe2bb4a5dc88669,STFD,ADCD-Net,Light,Insertion,1080,2340,961,2082,0.8896008544727063,22782.78180000052,5756.562799999301,3067.55224609375,False,0.017010176714794812,0.1722470238095238,0.030962650884408333,0.015724765656840105,0.014878553518471258,0.014889260658882231,0.9496907660747002,0.04125578815084855,0.2040816326530612,2688,0.001343461272029916,0.001329138968027857,27219,0.013604044778044005,10.126116071428571,0.01339062736160199,0.086972177028656,0.598391056060791,
Removal_71d6e7541509bbaee6d3d5a260ac1723,STFD,ADCD-Net,Light,Removal,1080,2376,953,2098,0.8828357307829559,22864.707400000043,5789.700500001345,3067.55224609375,False,0.0031116297160637884,0.012257405515832482,0.0049632923172371005,0.0024878200476832176,0.0010747124844188046,0.0010960537664922636,0.5139379938912125,0.006404391582799634,0.6326530612244897,1958,0.0009792967269082532,0.00097814565407158,7713,0.0038576688736687214,3.939223697650664,0.003849434975638769,0.0752483680844307,0.3720485270023346,
Replacement_725493ba4f6fe6eee2b26d220a40124f,STFD,ADCD-Net,Light,Replacement,1080,2340,961,2082,0.8896008544727063,22881.347299999106,5780.841800000417,3067.55224609375,False,0.0793967736850402,0.4832107451231212,0.1363841501940608,0.07318254467961448,0.07786956959166061,0.07789598619665368,0.97339063664428,0.22767650402054476,0.7346938775510203,6254,0.003125746575623175,0.0031501266223488444,38062,0.01902337162797718,6.086024944035817,0.017567890068326257,0.08456871658563614,0.6731739640235901,
Splicing_74bf77325e5599b4d647bad6e9c97031,STFD,ADCD-Net,Light,Splicing,1080,2340,961,2082,0.8896008544727063,23013.194299999668,5788.118700000268,3067.55224609375,False,0.7091778727408162,0.278497967730016,0.3999380935009231,0.24995163741881996,0.39878774287227,0.39872901081209366,0.7843152152185208,0.46184644765717925,0.2040816326530612,64952,0.03246298234408002,0.03259734093067426,25507,0.012748387896453522,0.39270538243626063,0.00383190846398223,0.07735159248113632,0.5856353044509888,
Copy-move_79463acc140a9e3c661ea2c43d6ce6b4,STFD,ADCD-Net,Light,Copy-move,1080,2340,961,2082,0.8896008544727063,22827.769699999408,5825.448599998708,3067.55224609375,False,0.10994578710036987,0.08267926541187229,0.09438270665245853,0.04952867870266816,0.052023720353583554,0.05202966065716551,0.7507483578793828,0.1362305124630712,0.3877551020408163,26246,0.013117739786345676,0.013171889838556505,19737,0.009864544317728591,0.7520003048083518,0.00889668360887207,0.08846418559551239,0.5060777068138123,
Insertion_84ad51f3ca53ad764870c4fa5a3635af,STFD,ADCD-Net,Light,Insertion,1080,2340,961,2082,0.8896008544727063,22954.330700000355,5796.393399999943,3067.55224609375,False,0.03627697603601218,0.1487109905020353,0.05832579426321111,0.030038919037439018,0.039973074861957926,0.03998484829956543,0.8880695291192451,0.10900512486781094,0.3061224489795918,7370,0.003683522907314167,0.0037143874643874642,30212,0.015099944922086243,4.09932157394844,0.014605965992318774,0.08640910685062408,0.5841609239578247,
Removal_73006ceee9bd9155ee288c1d5e1fdbac,STFD,ADCD-Net,Light,Removal,1080,2340,961,2082,0.8896008544727063,22890.15550000113,5682.433500000116,3067.55224609375,False,0.0,0.0,0.0,0.0,0.002221840687378699,0.002246664273408256,0.32502868140361973,0.006574670432066139,0.0,6599,0.003298177430850229,0.0033554922443811332,5703,0.002850357006840257,0.8642218517957266,0.0028597890987025897,0.09006902575492859,0.36715447902679443,
Replacement_76e359f1261fd5cd1e08dbf5fc3429a8,STFD,ADCD-Net,Light,Replacement,1080,2400,949,2108,0.8784104611578831,22787.9795000008,5835.258999999496,3067.55224609375,False,0.25443362378267553,0.414703425229741,0.31537484116899617,0.18720772363855784,0.2778884911637902,0.27798356451842765,0.9896890802652977,0.35375291375291373,0.6326530612244897,5985,0.002991764026049592,0.00299266975308642,9755,0.0048763004300941964,1.6299081035923142,0.003646515153870104,0.07535605877637863,0.3354663550853729,
Splicing_78b4f49fb0d4af9f199ca840ac0e9b5c,STFD,ADCD-Net,Dark,Splicing,1080,2340,961,2082,0.8896008544727063,22959.018300000025,5864.394000000175,3067.55224609375,False,0.5093536317894465,0.07512844909609895,0.13094310210444268,0.07005838198498748,0.15936193134671298,0.15935808971334492,0.736008311526265,0.17039546340071227,0.3469387755102041,52550,0.026264467948352712,0.026165321304210194,7751,0.003873946547434479,0.1474976213130352,0.0019520062086424137,0.08782336115837097,0.3810821771621704,
Copy-move_7c14d59662c8a8494a43046b1407a0c9,STFD,ADCD-Net,Light,Copy-move,1080,1920,1061,1886,0.9820927516479826,26930.853699999716,7140.066699999807,3067.55224609375,False,0.0007308297728805936,0.0005014271387796035,0.0005947751292492107,0.00029747603029678957,0.07502515167436753,0.07502458429252362,0.887113896303011,0.16687201091636528,0.26530612244897955,25926,0.012956223894902965,0.013158275462962964,17788,0.008889350869495254,0.6861066111239682,0.008999453197780389,0.0828053206205368,0.4810740649700165,
Insertion_84b5f0206c5860dc4e65fb9ff923eef4,STFD,ADCD-Net,Light,Insertion,1080,2340,961,2082,0.8896008544727063,22669.93139999977,5756.986399999732,3067.55224609375,False,0.09837864627584254,0.41739261039351155,0.159227639947287,0.0865004513337691,0.07691282524781173,0.07693366942091215,0.9407771622929842,0.17045596346302627,0.44897959183673464,6658,0.003327665606091957,0.003306426084203862,28248,0.014118338546242956,4.242715530189246,0.012771896111815395,0.07808171957731247,0.5601814389228821,
Removal_7675d2ab3d36eb4f8d23f6ddd51a862a,STFD,ADCD-Net,Light,Removal,1080,2340,961,2082,0.8896008544727063,22780.361200000698,5792.817900000955,3067.55224609375,False,0.0,0.0,0.0,0.0,0.001114502369812646,0.0011216189732789358,0.4301171057278542,0.0027939694579908873,0.0,2799,0.0013989390254507943,0.0014074865463754352,12136,0.006065567707349353,4.335834226509467,0.006074064953856426,0.08882484585046768,0.38711100816726685,
Replacement_772358d9e0b92c5216a9b071f90530bc,STFD,ADCD-Net,Light,Replacement,1080,2400,949,2108,0.8784104611578831,22811.389899999995,5780.0569999999425,3067.55224609375,False,0.14398070469798657,0.9308474576271186,0.2493869766597039,0.14245694127412326,0.2390588273202825,0.23929204569518372,0.9984148960061329,0.42732123799359656,0.7142857142857142,1475,0.0007373186196195736,0.0007334104938271605,9536,0.004766827360469325,6.465084745762712,0.004083507043711985,0.07492481172084808,0.3970542252063751,
Splicing_7b9f2bab88dd9c096fe3e7d48e078949,STFD,ADCD-Net,Dark,Splicing,1080,2340,961,2082,0.8896008544727063,22895.754099999976,5868.752000000313,3067.55224609375,False,0.42844821120528015,0.12617338487023744,0.1949392574392574,0.1079959542872267,0.32969947437920744,0.3297257379422883,0.7952023845109948,0.5142619730302269,0.2040816326530612,90550,0.04525685200234706,0.045073203545425766,26666,0.01332765561010035,0.2944892324682496,0.007978528487340937,0.09374745935201645,0.5431352853775024,
Copy-move_7d8c8e02fac15d7b8884a39fd1578d66,STFD,ADCD-Net,Light,Copy-move,1080,2340,961,2082,0.8896008544727063,22879.139799999393,5823.903500000597,3067.55224609375,False,0.4868327227126312,0.19020125846582447,0.27353485673233674,0.1584363621814108,0.2250865195128411,0.22510614635099624,0.7370626640400728,0.32856497515434424,0.3877551020408163,104095,0.052026637318435306,0.05243471035137702,40669,0.02032634913399727,0.3906911955425333,0.011003280949561529,0.09717831015586853,0.6000511646270752,
Insertion_84b6a2d361363fdf609f74455f019d5b,STFD,ADCD-Net,Light,Insertion,1080,2400,949,2108,0.8784104611578831,22678.091399999175,5736.141999999745,3067.55224609375,False,0.30629086809470124,0.848575712143928,0.4501143179031777,0.29041775345277293,0.3923531210432519,0.39247231086138845,0.9950258927153074,0.5337660605521718,0.6530612244897959,8004,0.004001015750125469,0.00398533950617284,22175,0.011084773145806132,2.770489755122439,0.007720498191206171,0.07775174081325531,0.5157681107521057,
Removal_77ca386f278bf28a390ac7b68227afa6,STFD,ADCD-Net,Light,Removal,1080,2340,961,2082,0.8896008544727063,22932.244800000262,5794.078200000513,3067.55224609375,False,0.0,0.0,0.0,0.0,0.0016314540780153126,0.0016619751767604257,0.44117393337581745,0.00438083859293698,0.061224489795918366,4035,0.0020166913067859787,0.0020303102247546693,26306,0.013147727761167773,6.519454770755886,0.013174296249887944,0.08225247263908386,0.5653210282325745,
Replacement_791d787a709da2015ed5a9b0b2511dfc,STFD,ADCD-Net,Light,Replacement,1080,2340,961,2082,0.8896008544727063,22959.051799998633,5846.137900000031,3067.55224609375,False,0.04988193624557261,0.29673149648838465,0.08540662416420464,0.04460823130494812,0.06390270968918191,0.0639545801804473,0.8376271483227724,0.17202910266774454,0.7551020408163265,7404,0.0037005160930466885,0.003653846153846154,44044,0.022013172717740188,5.948676391139925,0.02099279722363522,0.09505491703748703,0.6157678961753845,
Splicing_7c313f4fb02d436de0fc8761bc90381b,STFD,ADCD-Net,Light,Splicing,1080,2340,961,2082,0.8896008544727063,22739.273200000753,5752.246600000944,3067.55224609375,False,0.006678982520960637,0.0005445297927311065,0.0010069630423138725,0.0005037351424927387,0.09850617690272052,0.09845138411294448,0.6871154620289018,0.21983420597230274,0.1020408163265306,86313,0.043139201180326686,0.04298314339981007,7037,0.0035170896470515323,0.08152885428614462,0.0036511048117800625,0.07617148756980896,0.3609675168991089,
Copy-move_7daaaeebd301210b949472337be7d6ac,STFD,ADCD-Net,Light,Copy-move,1125,2436,961,2081,0.8542797160427661,22838.974000000235,5795.495399999709,3067.55224609375,False,0.0,0.0,0.0,0.0,0.010148808963112122,0.010151944503999026,0.7564776287365942,0.03648415888094368,0.24489795918367346,7153,0.0035767843543561715,0.003586571793468345,6018,0.0030092392345191445,0.8413253180483713,0.0030200412708863604,0.07572689652442932,0.31146112084388733,
Insertion_86a0362691b2e0c99550f38022237efb,STFD,ADCD-Net,Light,Insertion,1080,2400,949,2108,0.8784104611578831,22768.033999998806,5766.653799999403,3067.55224609375,False,0.2531464968152866,0.8278620229961673,0.3877312104893468,0.2404879465582341,0.300026148724228,0.3002017920243075,0.9953409960103041,0.43558413719185424,0.7142857142857142,6001,0.0029997620585336007,0.0029621913580246914,19625,0.009810086718667208,3.2702882852857855,0.0073487421101423875,0.07577138394117355,0.5093590021133423,
Removal_785a4e769c98bfbd2311daa4835350bf,STFD,ADCD-Net,Light,Removal,1080,2340,961,2082,0.8896008544727063,22703.80280000063,5752.184299999499,3067.55224609375,False,0.0,0.0,0.0,0.0,0.0029182453592647636,0.003015446963004845,0.4052043759965329,0.007597966971249213,0.0,7630,0.0038134707982099177,0.003840614118391896,31564,0.01577567395474415,4.136828309305374,0.01583606432360077,0.08950731158256531,0.7137747406959534,
Replacement_7c9774ca28549afd6d7cc953ef9eee2f,STFD,ADCD-Net,Light,Replacement,1080,2340,961,2082,0.8896008544727063,22874.112999999852,5880.042699998739,3067.55224609375,False,0.0977740037605386,0.42066805845511485,0.15866922584772872,0.08617095205003475,0.04377354619393921,0.043797747698203576,0.9575233022261503,0.1689753320683112,0.4897959183673469,3832,0.0019152319919712195,0.0019274295663184553,16487,0.008240195681531707,4.302453027139875,0.0074487849091373435,0.07657898217439651,0.4139787256717682,
Splicing_8472c9325f2c14a1d8e8860d39b85b4b,STFD,ADCD-Net,Light,Splicing,828,1792,828,1792,1.0,18528.25020000091,5787.129599999389,3067.55224609375,False,0.06631299734748011,0.039174719247845394,0.04925299622393696,0.02524827470122875,0.045540942319645006,0.04556114877459995,0.9377714325412406,0.09699083042748288,0.1020408163265306,7658,0.005161156400966184,0.005161156400966184,4524,0.0030489777432712215,0.5907547662575084,0.002861559848196418,0.07381802052259445,0.30012235045433044,
Copy-move_7f9b26494d53aeb09702bb526c7da461,STFD,ADCD-Net,Light,Copy-move,1080,2400,949,2108,0.8784104611578831,22826.590399999986,5801.9521000005625,3067.55224609375,False,0.16941797140912185,0.2715864138589551,0.20866740030393544,0.1164872454949684,0.160524788311235,0.16055430213019356,0.9348819957762634,0.21603429994006731,0.44897959183673464,7331,0.0036645985087668436,0.0036709104938271605,11752,0.005874554859504562,1.6030555176647114,0.004897246133152315,0.0744159072637558,0.3613775968551636,
Insertion_87c5bbce06a32a13ad39dd6dbab23130,STFD,ADCD-Net,Light,Insertion,1080,2340,961,2082,0.8896008544727063,22871.635600000445,5768.23449999938,3067.55224609375,False,0.01683599419448476,0.07388535031847134,0.027423167848699765,0.013902205177372963,0.029468634151854575,0.029482825681636196,0.9609735248086703,0.08295946226430156,0.2040816326530612,3925,0.0019617133529454688,0.0019871794871794872,17225,0.00860904777184349,4.388535031847134,0.008480742679694342,0.07792104780673981,0.4500017762184143,
Removal_7b8873e5e398e1d8bb4a2900f9e30e27,STFD,ADCD-Net,Light,Removal,1080,2340,961,2082,0.8896008544727063,22779.119399998308,5764.787299998716,3067.55224609375,False,0.0,0.0,0.0,0.0,0.0016721835272646333,0.0017046204537393835,0.4829784428451568,0.0036458769860750247,0.0,3654,0.001826267666665667,0.0018668882557771446,7333,0.003665030322840541,2.0068418171866447,0.0036717358953868217,0.07582851499319077,0.3794100880622864,
Replacement_7dc751e3b75c8db65cee167bec7cf17e,STFD,ADCD-Net,Light,Replacement,1080,2340,961,2082,0.8896008544727063,23020.327800000814,5846.978699999454,3067.55224609375,False,0.05629059417849411,0.04089479203075848,0.04737321591254176,0.024261275272161743,0.03861868830172796,0.038642457012563025,0.8896862593146565,0.11899410318110902,0.2040816326530612,5722,0.002859853198867254,0.0028731402342513455,4157,0.002077666855590908,0.7264942327857392,0.001966337189486136,0.0735095888376236,0.26160967350006104,
Splicing_86ead0b0a262aef2a3d70c0e55107efa,STFD,ADCD-Net,Light,Splicing,1080,2340,961,2082,0.8896008544727063,22833.98820000002,5821.912400000656,3067.55224609375,False,0.2759434573985216,0.0894913486368951,0.13515161523901473,0.07247324573055675,0.11648238099066065,0.11649063919144928,0.6320953966812409,0.2058359892364358,0.12244897959183673,118883,0.05941767351292132,0.059523583412472304,38555,0.01926977282109874,0.32431045649924717,0.014833794653223651,0.08631061017513275,0.7028499841690063,
Copy-move_817b8acec11a6c9715b912f30177825b,STFD,ADCD-Net,Light,Copy-move,1080,1920,1061,1886,0.9820927516479826,26699.36080000116,6952.251000000615,3067.55224609375,False,0.12573175410586765,0.3994102614507568,0.19125703635370975,0.10574030705178246,0.12285041260793052,0.12286140977675918,0.9367102545496064,0.22998517980824487,0.673469387755102,25435,0.012710852224286699,0.01275414737654321,80799,0.04037838210615848,3.1766856693532532,0.035756026869662096,0.11144483834505081,0.7779889702796936,
Insertion_8975d5eea21b55ccd0edcf56cfa1ad78,STFD,ADCD-Net,Light,Insertion,1080,2340,961,2082,0.8896008544727063,22814.887100001215,5749.819899998329,3067.55224609375,False,0.0,0.0,0.0,0.0,0.013012444924419123,0.013017334427542708,0.8211932836542919,0.03506857067782393,0.1020408163265306,6774,0.0033856423574146768,0.003370132953466287,6278,0.0031377417655520136,0.9267788603483909,0.003148401125761524,0.07956261932849884,0.34507447481155396,
Removal_7d1f5bfab4c4a7180f4205cc6e03b040,STFD,ADCD-Net,Light,Removal,1080,2400,949,2108,0.8784104611578831,23028.15499999997,5820.87859999956,3067.55224609375,False,0.0,0.0,0.0,0.0,0.001220385452021951,0.0012351011943987041,0.43118601332307216,0.0037494583114314494,0.061224489795918366,3072,0.0015356222369297154,0.001535493827160494,2754,0.0013766613413100377,0.896484375,0.001378778624425509,0.07286141812801361,0.2711585760116577,
Replacement_7ee00ce662265de6f27183904733d677,STFD,ADCD-Net,Light,Replacement,1080,2400,949,2108,0.8784104611578831,22780.58020000026,5742.410099999688,3067.55224609375,False,0.2143860635009834,0.7037122434862808,0.32864911430571253,0.19663681463823207,0.26644591909044163,0.2667109999916696,0.995978876029702,0.3880568539540208,0.8163265306122448,4337,0.0021679666801966715,0.002143132716049383,14236,0.007116249402646949,3.2824533087387593,0.005602771327877845,0.07518088072538376,0.35534292459487915,
Splicing_8b8ab5a82e4caeb658885643e459b854,STFD,ADCD-Net,Light,Splicing,1080,2340,961,2082,0.8896008544727063,22708.520000000135,5705.376299998534,3067.55224609375,False,0.7235424858950248,0.35998638992854715,0.4807725078102812,0.3164585358558289,0.5778656327851072,0.5778753839569577,0.9549291541319133,0.6021018494439431,0.16326530612244897,58780,0.029378219334047048,0.029300015827793607,29245,0.014616638727870125,0.4975331745491664,0.004163186616835442,0.08356969803571701,0.5935628414154053,
Copy-move_83bb774dbfef9dd61921ea91dde8c5ce,STFD,ADCD-Net,Light,Copy-move,1080,2400,949,2108,0.8784104611578831,22967.64919999987,5828.135799998563,3067.55224609375,False,0.03083012186230601,0.009592326139088728,0.014632096690476779,0.007369967382914623,0.024767920565901887,0.02478041083049395,0.5799380556792997,0.07193950958683251,0.1020408163265306,30858,0.015425205399471729,0.015334876543209877,9601,0.004799319367435611,0.3111348758830773,0.0047242279530105595,0.07843854278326035,0.3156924843788147,
Insertion_89c52d1a2332181345a84f4534885496,STFD,ADCD-Net,Light,Insertion,1080,2340,961,2082,0.8896008544727063,22725.80509999898,5736.176399999749,3067.55224609375,False,0.06877598281297954,0.4624765478424015,0.11974448033810205,0.06368521676225908,0.04387085310097377,0.043887304830723936,0.8777970846634681,0.1477036028790035,0.3877551020408163,5330,0.0026639317633628916,0.0026507597340930675,35841,0.017913316759979248,6.724390243902439,0.01672586736371144,0.08421941101551056,0.919746994972229,
Removal_80e31b5140b521c51233963775d51d97,STFD,ADCD-Net,Light,Removal,1080,2340,961,2082,0.8896008544727063,22722.064399999,5710.733199999595,3067.55224609375,False,0.0,0.0,0.0,0.0,0.0017376832846613798,0.0017944417748204458,0.49130295682378533,0.003565201122544434,0.0,3573,0.001785783900655837,0.0018447293447293447,20352,0.010171921059655078,5.696053736356004,0.010190118409055747,0.08285066485404968,0.5090824365615845,
Replacement_83a54bceb4e027de48d968e1e90c63be,STFD,ADCD-Net,Light,Replacement,1080,2340,961,2082,0.8896008544727063,22723.862500000905,5704.5299999990675,3067.55224609375,False,0.22326980942828487,0.17250464972101673,0.19463145929876716,0.10780705153041457,0.0976879456847535,0.09774144576113596,0.9685535101478789,0.2227406430672482,0.5918367346938775,6452,0.003224706892536093,0.003184156378600823,4985,0.0024915009081358376,0.7726286422814631,0.001941484694261288,0.07678305357694626,0.320779949426651,
Splicing_8bf8304d25f410234daec79a027fc981,STFD,ADCD-Net,Light,Splicing,1080,2340,961,2082,0.8896008544727063,22910.60870000001,5840.6534000005195,3067.55224609375,False,0.0,0.0,0.0,0.0,0.018899348712327776,0.01889533204526246,0.7525469853783726,0.05542053906183213,0.08163265306122448,12940,0.006467406569965444,0.0064213358657803105,28086,0.014037371014223296,2.1704791344667695,0.014128747367775026,0.08294972032308578,0.567129909992218,
Copy-move_84e365509f29fe09a02ba2ac6399ed26,STFD,ADCD-Net,Light,Copy-move,1080,2340,961,2082,0.8896008544727063,22818.227900001148,5807.09460000071,3067.55224609375,False,0.0,0.0,0.0,0.0,0.02077506648026437,0.02078367854800916,0.5619646845123895,0.06383844361430632,0.3469387755102041,34382,0.017184109172221938,0.017252295030072806,35338,0.01766191757105401,1.027805246931534,0.017970728532053174,0.10284364968538284,0.5696139335632324,
Insertion_8c7e2d21e2e7b5761d53c78d878b8220,STFD,ADCD-Net,Light,Insertion,1080,2340,961,2082,0.8896008544727063,22721.96079999958,5722.76039999997,3067.55224609375,False,0.008220902332533532,0.0647459727385378,0.014589368608425536,0.007348287743477955,0.004712269731432912,0.0047245758867462476,0.7157002694268146,0.01965917256955138,0.36734693877551017,3228,0.001613353045428783,0.0015784267173156062,25423,0.012706404731702587,7.875774473358116,0.012622310863076911,0.08240621536970139,0.6559880375862122,
Removal_83dfaeccb0e6a040c660bd827b5e95c6,STFD,ADCD-Net,Light,Removal,1080,2340,961,2082,0.8896008544727063,22876.262399999177,5820.240900000499,3067.55224609375,False,0.0,0.0,0.0,0.0,0.0012300874669076052,0.0012396848294537386,0.4185309399631423,0.003816385157352219,0.061224489795918366,3159,0.0015788668743833723,0.0016104779993668882,25436,0.012712902126247375,8.051915163026274,0.01273300584739115,0.08205372095108032,0.5398839116096497,
Replacement_84347584d6907277a4af6794a75b386b,STFD,ADCD-Net,Light,Replacement,1080,2376,953,2098,0.8828357307829559,22974.28150000087,5837.502799999129,3067.55224609375,False,0.1816098034029798,0.4607470364571684,0.2605286455039838,0.14977461102224807,0.26838915545077713,0.26860220893218323,0.994018456760561,0.3175893818007892,0.7959183673469387,4471,0.002236177561801226,0.0022318088290310513,11343,0.0056732189853525615,2.537016327443525,0.004653312433612726,0.07732875645160675,0.4079214930534363,
Splicing_8dd8caa8f0609a53f37bed872f0f3bb1,STFD,ADCD-Net,Light,Splicing,1080,2340,961,2082,0.8896008544727063,22919.38299999856,5838.524999999208,3067.55224609375,False,0.004195510803440319,0.01384721901684745,0.0064398411505849525,0.003230321955421557,0.0292045402363606,0.02921880173081799,0.8838392411666632,0.12994620061757872,0.36734693877551017,4333,0.002165631581735724,0.0022103513770180437,14301,0.007147633798846663,3.3004846526655895,0.0071330934765328185,0.08334095776081085,0.45196405053138733,
Copy-move_8b06b31fff76db63511975c05b15030e,STFD,ADCD-Net,Light,Copy-move,1080,1920,1061,1886,0.9820927516479826,26853.08989999976,6989.147399999638,3067.55224609375,False,0.07982659391583825,0.06059918293236496,0.06889655839757443,0.03567730081843995,0.12956093331784035,0.12959253427523942,0.9612238925793626,0.2340710017191039,0.26530612244897955,17624,0.0088073937330776,0.00890625,13379,0.0066860032203157746,0.759135270086246,0.006206949403606494,0.08581586927175522,0.42484256625175476,
Insertion_8e3cd0c088acc2c7cd2b6c82f5a7db0b,STFD,ADCD-Net,Light,Insertion,1080,2316,966,2071,0.8941983055272923,22924.367300000085,5842.239699999482,3067.55224609375,False,0.08042310275352586,0.3101327290385238,0.12772481834544364,0.06821904151534572,0.06985503157665618,0.06991602915592833,0.9734218629875891,0.18310298243790918,0.6326530612244897,3089,0.001544047594054942,0.001534814175142327,11912,0.005954255403166872,3.8562641631595986,0.005483863054612848,0.07495686411857605,0.3953265845775604,
Removal_8a68930a2aba571da795a3ce80d40798,STFD,ADCD-Net,Light,Removal,1080,2340,961,2082,0.8896008544727063,22697.53110000056,5718.252299999222,3067.55224609375,False,0.0,0.0,0.0,0.0,0.0019933087664790747,0.002038122008029124,0.4446327830130041,0.00438858528966159,0.0,4400,0.0021991181536203984,0.00222340930674264,12388,0.006191517201602157,2.8154545454545454,0.0062051630883960245,0.08082517981529236,0.4033066928386688,
Replacement_860d3b7e3c905550716aa8230650ac0f,STFD,ADCD-Net,Light,Replacement,1080,2340,961,2082,0.8896008544727063,22749.732800000857,5734.9212000008265,3067.55224609375,False,0.07262795131250917,0.474150311153662,0.12596172187957017,0.06721406032640044,0.08965032726589245,0.08969991431073661,0.9852219630628314,0.21615657122945584,0.6938775510204082,4178,0.0020881626467786417,0.002056821779044001,27276,0.013632533354124995,6.5284825275251315,0.012668885078011683,0.08160127699375153,0.574138343334198,
Splicing_8eb590a8ef9a17cf2e5e3400f3a46b3e,STFD,ADCD-Net,Light,Splicing,1080,2340,961,2082,0.8896008544727063,22705.911500001093,5805.645899999945,3067.55224609375,False,0.25622790099646414,0.06077037432339712,0.0982406950948977,0.051657796463259534,0.27669696160641055,0.27669373830067506,0.7877961921158281,0.45591350120378454,0.14285714285714285,104936,0.05244696876552502,0.052497230136119025,24888,0.01243901195620556,0.23717313410078525,0.00976387571695468,0.08568937331438065,0.5493309497833252,
Copy-move_8c70458601abe547a6eee717997bf540,STFD,ADCD-Net,Light,Copy-move,750,1334,750,1334,1.0,14198.727499999222,7003.897399999914,3067.55224609375,False,0.0,0.0,0.0,0.0,0.017097984344246465,0.01710030629410779,0.688307960637787,0.047591492244506234,0.08163265306122448,8987,0.008982508745627187,0.008982508745627187,5223,0.005220389805097451,0.5811728051630133,0.0052677070295598745,0.07596581429243088,0.3326699435710907,
Insertion_98d4651c7ee3daaef0872b77ec3c4235,STFD,ADCD-Net,Dark,Insertion,1080,2340,961,2082,0.8896008544727063,22884.313900000052,5860.699200000454,3067.55224609375,False,0.14062204575534126,0.3189322469982847,0.19518435900800418,0.10814642480642699,0.23202705405288462,0.2321485737885181,0.9686482316848285,0.3380221653878943,0.8979591836734693,9328,0.004662130485675244,0.004664846470402026,21156,0.01057375992227117,2.268010291595197,0.009129418711969125,0.08488822728395462,0.5290300250053406,
Removal_8adccce49b38f5b2cbaabd146c449696,STFD,ADCD-Net,Light,Removal,1080,2400,949,2108,0.8784104611578831,22967.710400000215,5842.162900000403,3067.55224609375,False,0.0,0.0,0.0,0.0,0.0011576350023800822,0.0012041106311585,0.33113472601558536,0.003432253904949821,0.0,3439,0.0017190771070316703,0.0017550154320987654,18747,0.009371194686107217,5.451293980808375,0.009387332234046869,0.09770932048559189,0.49928101897239685,
Replacement_8c9a5487cfeb49366e2c041b95e073fd,STFD,ADCD-Net,Light,Replacement,1080,2340,961,2082,0.8896008544727063,23217.794800000775,6031.119399998715,3067.55224609375,False,0.11976347130840344,0.15606685478619492,0.1355261297771076,0.07268867209220037,0.06928286478769805,0.06931084665780193,0.9303601904951928,0.1712381440656242,0.5918367346938775,9214,0.004605153333513261,0.004571858182969294,12007,0.006001093561481846,1.3031256783156067,0.005306820486968188,0.08160828799009323,0.4329463839530945,
Splicing_8f0c12b06745b23229583881f598e00c,STFD,ADCD-Net,Light,Splicing,1080,2400,949,2108,0.8784104611578831,22715.062299999772,5747.828800000207,3067.55224609375,False,0.22511648795823275,0.20523056451200164,0.21471407153566072,0.12026873013016616,0.14777028221724348,0.14778215761043845,0.8837843248852332,0.2628557419249392,0.3877551020408163,19539,0.00976709729406566,0.00977662037037037,17813,0.008904309539853196,0.9116638517836123,0.006967858399467327,0.07939516752958298,0.48812055587768555,
Copy-move_90cd34008522247a8c892a4f6f2c3869,STFD,ADCD-Net,Light,Copy-move,1080,2400,949,2108,0.8784104611578831,23030.715000000782,5855.37899999872,3067.55224609375,False,0.0,0.0,0.0,0.0,0.0014177318379812905,0.001419724859616529,0.5675585852104499,0.003778644649782689,0.061224489795918366,2677,0.0013381708099807447,0.0013244598765432098,13239,0.006617872003487142,4.9454613373178935,0.006626739713136601,0.08207403123378754,0.44656649231910706,
Insertion_99205c2eb5c0b18c90d2f59334f0aa34,STFD,ADCD-Net,Light,Insertion,1080,2340,961,2082,0.8896008544727063,22683.080200000404,5733.197600000494,3067.55224609375,False,0.0005543813450677384,0.0045351473922902496,0.0009879897496063478,0.0004942390263491181,0.0078006937057239914,0.007803483242305795,0.7369566638492512,0.020642037730449092,0.08163265306122448,7056,0.0035265858390785294,0.003520496992719215,57722,0.028849431378017414,8.180555555555555,0.028935481249868337,0.09020031988620758,0.8186326026916504,
Removal_8e166d8cb829c65dbb857acdeba4ecb2,STFD,ADCD-Net,Light,Removal,1080,2400,949,2108,0.8784104611578831,22760.569100000794,5731.928799999878,3067.55224609375,False,0.00012786088735455825,0.004106776180698152,0.000248000496000992,0.00012401562596887208,0.0003857055212846871,0.00038838456465916624,0.6213086443669928,0.0011463392560861565,0.08163265306122448,487,0.00024344011373202192,0.00024074074074074075,15642,0.007819076507179234,32.119096509240244,0.007819980450048876,0.07694540917873383,0.4508221745491028,
Replacement_90af1ebf913aff52b37787bfc28216a6,STFD,ADCD-Net,Light,Replacement,1080,2376,953,2098,0.8828357307829559,23031.40540000095,5871.872100000473,3067.55224609375,False,0.0,0.0,0.0,0.0,0.0010746015596065225,0.0010772625460429533,0.7503728123810346,0.002628535380086216,0.1020408163265306,995,0.0004976507881888213,0.000488293428108243,9433,0.0047179295326483925,9.480402010050252,0.004720278583005696,0.08037087321281433,0.3427852690219879,
Splicing_8f59895b62266f7d8c16315e4788c5fd,STFD,ADCD-Net,Dark,Splicing,1080,2340,961,2082,0.8896008544727063,22969.419299999572,5871.459300000424,3067.55224609375,False,0.2493930441395852,0.11097372086061252,0.15359948115586944,0.0831886037662211,0.15227788544389922,0.15230739066735843,0.7144657558025759,0.3411147981252179,0.24489795918367346,76829,0.03839910196011399,0.03835430515986071,34187,0.017086648254050128,0.4449752046753179,0.01333750525605089,0.0955544263124466,0.6134815216064453,
Copy-move_92050f52a223ae63202ece1d606d9a5f,STFD,ADCD-Net,Light,Copy-move,1080,2340,961,2082,0.8896008544727063,22913.07990000132,5799.515099999553,3067.55224609375,False,0.043120064664552635,0.04209919261822376,0.042603513945202114,0.021765398195370735,0.08416662395813702,0.08416757010270863,0.8263727572929159,0.20291076895771398,0.12244897959183673,32946,0.0164663969748131,0.01665914846470402,32166,0.01607655330212585,0.9763248952831907,0.01564088022700848,0.08538646250963211,0.6189506649971008,
Insertion_9e6bf730cda5fbb9be4faf6f1c0719f5,STFD,ADCD-Net,Light,Insertion,1080,2316,966,2071,0.8941983055272923,22915.543600000092,5842.2984999997425,3067.55224609375,False,0.3308033796362595,0.6468776253150378,0.43774872086412736,0.2802037845705968,0.4137240604223432,0.4138582214515474,0.9948022859973918,0.4825572217837411,0.8775510204081632,7142,0.003569954003476981,0.0035689726859847756,13966,0.006980954580307969,1.955474656958835,0.004688368471850727,0.07458234578371048,0.39169809222221375,
Removal_92b7342ceca6fdc6edd34b8250de664c,STFD,ADCD-Net,Light,Removal,1080,2340,961,2082,0.8896008544727063,23138.5911999987,6173.261200001434,3067.55224609375,False,0.0,0.0,0.0,0.0,0.008213933590575675,0.008217667673366777,0.7661914202543547,0.031706804606441416,0.08163265306122448,5238,0.0026179502019690105,0.0026147515036403926,64766,0.03237001962213153,12.364642993508973,0.0324549851570784,0.09265021979808807,0.8427676558494568,
Replacement_954834e62d64a4d9e4b29002a364df58,STFD,ADCD-Net,Dark,Replacement,1080,2340,961,2082,0.8896008544727063,22719.908799999757,5848.486900000353,3067.55224609375,False,0.05392042616946895,0.4015123342010661,0.09507316142477655,0.049909088107491756,0.057267601915659765,0.057294012281034576,0.9646138043511359,0.10670463140098768,0.36734693877551017,8067,0.004031883214830853,0.0040174897119341565,60070,0.03002296079272212,7.44638651295401,0.028519095614820838,0.10203264653682709,0.6880740523338318,
Splicing_91c0886a34609b90730f8809cebd301a,STFD,ADCD-Net,Light,Splicing,1080,2340,961,2082,0.8896008544727063,22777.023200000258,5736.885800000891,3067.55224609375,False,0.5883732864159519,0.26475342239815275,0.3651833651833652,0.2233787920957417,0.26268436337172774,0.2626904739580548,0.7521278413639219,0.36495523064717217,0.4897959183673469,30315,0.015151424278864175,0.015129392212725546,13641,0.006817766075803602,0.4499752597723899,0.0028495493753574624,0.07984432578086853,0.35856887698173523,
Copy-move_96c30a7bda135d4561ebd35085653dec,STFD,ADCD-Net,Light,Copy-move,1080,2340,961,2082,0.8896008544727063,22764.155099999698,5764.198099999703,3067.55224609375,False,0.0,0.0,0.0,0.0,0.04833020473597839,0.04833921030885323,0.9453976355232714,0.13059732338865976,0.26530612244897955,10996,0.005495796185729523,0.005642212725546059,22810,0.011400428428200292,2.0743906875227354,0.011463429098113083,0.08755121380090714,0.5328973531723022,
Insertion_a1b003de48e1bfe16ee13e2d80f1cee0,STFD,ADCD-Net,Light,Insertion,1080,2400,949,2108,0.8784104611578831,22831.91540000007,5778.471499999796,3067.55224609375,False,0.1509169230769231,0.9961007311129163,0.26212056434373665,0.15082781864252504,0.4342113420318538,0.43430330118505567,0.9969546709770291,0.5027873234058801,0.9183673469387754,6155,0.0030767431211921868,0.003138888888888889,40625,0.020307504353928932,6.600324939073924,0.01729597354910429,0.08700944483280182,0.8411558866500854,
Removal_95a8a141c37ede139535b5bd80713668,STFD,ADCD-Net,Light,Removal,1080,2340,961,2082,0.8896008544727063,22587.23690000079,5711.12279999943,3067.55224609375,False,0.0,0.0,0.0,0.0,0.0071111381042614896,0.0071500810581749535,0.6213404734934157,0.022832234237138472,0.08163265306122448,9717,0.004856552522438502,0.004931940487496043,20664,0.010327858528729979,2.1265822784810124,0.010378261098848115,0.0912381112575531,0.5052505135536194,
Replacement_9ac067d3e5117ac0582073a648689308,STFD,ADCD-Net,Light,Replacement,1080,2340,961,2082,0.8896008544727063,23101.607999999032,5846.829899999648,3067.55224609375,False,0.2265347539320142,0.6905084090469746,0.34114894226636744,0.20565375093557486,0.19233279063088807,0.19243315184859416,0.9914435086611735,0.36756695415342716,0.5714285714285714,5173,0.0025854632292450727,0.002630183602405825,15768,0.007880839783246918,3.0481345447515946,0.006111356369345204,0.09834557771682739,0.4665758013725281,
Splicing_92184b85e6dff89b48d8cce5eb43954a,STFD,ADCD-Net,Dark,Splicing,1080,2340,961,2082,0.8896008544727063,22735.8863999998,5778.97479999956,3067.55224609375,False,0.0,0.0,0.0,0.0,0.058531822663509495,0.058532064153564586,0.8060399903964776,0.17255497285858865,0.2857142857142857,19689,0.009840553937870913,0.009848448876226655,10565,0.005280382566590797,0.5365940372796993,0.005332860871641345,0.07409202307462692,0.3333704173564911,
Copy-move_9846f71fac8340bce6f2deb8157bdf20,STFD,ADCD-Net,Dark,Copy-move,2340,1080,2082,961,0.8896008544727063,22912.48319999977,5812.901400000555,3067.55224609375,False,0.3872065165309056,0.28585072515033605,0.3288970288970289,0.19681434033951142,0.38221757828456626,0.3822492563140587,0.9624657983950731,0.5395172000729148,0.22448979591836732,28270,0.014129334137011059,0.014288144982589427,20870,0.010430817242285843,0.7382384152812168,0.006483545007127895,0.07756301760673523,0.5036243796348572,
Insertion_a535de3d87818a5405606517dcaa36e4,STFD,ADCD-Net,Light,Insertion,1170,2532,961,2080,0.8216563506305302,22859.713199999533,5748.859499999526,3067.55224609375,False,0.0,0.0,0.0,0.0,0.04126707679345984,0.04127216369802117,0.9048247425564345,0.08735994164142391,0.1020408163265306,17269,0.008639338029296405,0.008741442864665614,10729,0.00536750580324982,0.6212866987086687,0.005414281612284147,0.08158715814352036,0.36160606145858765,
Removal_964f7a06ed992503a4913a5b8e3f8c83,STFD,ADCD-Net,Light,Removal,1080,2400,949,2108,0.8784104611578831,22856.94599999988,5800.398999999743,3067.55224609375,False,0.0,0.0,0.0,0.0,0.00363538670750588,0.003709053057242269,0.5106894350168703,0.007043354382777406,0.08163265306122448,6746,0.0033721704460702665,0.0033684413580246913,14578,0.00728720734699264,2.16098428698488,0.007311864199351372,0.08128340542316437,0.42967385053634644,
Replacement_9b3813b3eb23197769eeb855b87ff4c7,STFD,ADCD-Net,Light,Replacement,1080,2340,961,2082,0.8896008544727063,22668.556300001,5737.3516999996355,3067.55224609375,False,0.04127290260366442,0.1578462105845473,0.06543592095707679,0.03382463350061248,0.053822578535471274,0.05383999265679015,0.9776404798555364,0.11818478615736207,0.26530612244897955,5423,0.002710413124337141,0.002735042735042735,20740,0.010365843296837969,3.824451410658307,0.009965024188387269,0.07566644996404648,0.5101107358932495,
Splicing_92d2a674d64ba2924822d91935179037,STFD,ADCD-Net,Light,Splicing,1080,2340,961,2082,0.8896008544727063,22913.012600000002,5808.2396000008885,3067.55224609375,False,0.0404850381380794,0.014554914920545633,0.02141194724592707,0.010821831869510665,0.10167211497183455,0.1016780693126185,0.8052466695546374,0.23469154781655732,0.2040816326530612,42666,0.021324448895992706,0.021390867363089584,15339,0.007666425763268929,0.35951342989734214,0.007516331858461312,0.08755946159362793,0.4668066203594208,
Copy-move_99e8900fe966b6c995955e79625d2eec,STFD,ADCD-Net,Light,Copy-move,1080,2340,961,2082,0.8896008544727063,22764.766500000405,5771.801699998832,3067.55224609375,False,0.013482574408547443,0.002511253257521914,0.004233903179421633,0.0021214425809550496,0.03553433882749484,0.035540837684650314,0.8488294314426096,0.0769951333429185,0.08163265306122448,21105,0.010548270143672387,0.010647752453308009,3931,0.0019647121504276785,0.18625918028903105,0.0019588856274470284,0.07946264743804932,0.30280789732933044,
Insertion_a60f6d699ea825c3b1269fc8067029fc,STFD,ADCD-Net,Light,Insertion,1668,2224,1225,1633,0.7342595152227752,26238.13020000125,9234.783400001106,3067.55224609375,False,0.028509619099126943,0.6208637128435222,0.05451590662858269,0.028021769396278953,0.023019008060443793,0.02302822449611611,0.9651027009426998,0.06506999002544073,0.44897959183673464,3566,0.0017826211929964882,0.0017778043752048722,77658,0.03882075059049952,21.777341559169937,0.03778133558754023,0.10413309931755066,0.7905328273773193,
Removal_9727099e3dd798f6b29da3ae08898895,STFD,ADCD-Net,Light,Removal,1080,2400,949,2108,0.8784104611578831,22896.128899999894,5805.057600000509,3067.55224609375,False,0.0,0.0,0.0,0.0,0.00107838305119897,0.00110011240833113,0.41699292597279936,0.002753525521028329,0.0,2758,0.00137866084943104,0.0013314043209876542,8883,0.0044404076597157095,3.220812182741117,0.0044465379274718254,0.08234521001577377,0.413749098777771,
Replacement_9f2b969b17ea7d8e56504a06a6e04803,STFD,ADCD-Net,Light,Replacement,1080,2340,961,2082,0.8896008544727063,22854.892900000777,5831.812399999762,3067.55224609375,False,0.0,0.0,0.0,0.0,0.015037781669417138,0.015043616134342297,0.9124758813984395,0.040041764995500925,0.08163265306122448,5053,0.00252548727960088,0.0025328426717315606,27065,0.01352707564266729,5.356224025331486,0.013561324595427582,0.08239729702472687,0.5701211094856262,
Splicing_95f98de306f0667efe492fcda3dcff3f,STFD,ADCD-Net,Light,Splicing,1080,2340,961,2082,0.8896008544727063,22870.598199999222,5817.689200001041,3067.55224609375,False,0.19257135734762557,0.043803277449108814,0.07137192704203014,0.03700657894736842,0.12782311756694037,0.12801969862310414,0.6375572235767151,0.2559843110111323,0.1020408163265306,105814,0.05288579279708837,0.0528656220322887,24069,0.012029676099883946,0.22746517474058253,0.010255473913291272,0.07759448140859604,0.6015216708183289,
Copy-move_9faf0bc95dec8d4f0f8b2ef82265674a,STFD,ADCD-Net,Light,Copy-move,1080,2340,961,2082,0.8896008544727063,22700.394400000732,5691.290799999479,3067.55224609375,False,0.0,0.0,0.0,0.0,0.027185101433698938,0.02719106663002794,0.9104859164670158,0.06736675493866617,0.08163265306122448,7186,0.003591559784526405,0.003634457106679329,4849,0.0024235281652057526,0.6747843028110214,0.002432263786004928,0.07160710543394089,0.25875818729400635,
Insertion_a8c87284a29c71e2558d2e050965b216,STFD,ADCD-Net,Light,Insertion,1080,2340,961,2082,0.8896008544727063,22911.124399999608,5823.0847000013455,3067.55224609375,False,0.016071272600227095,0.10178867785358657,0.027759617802363593,0.014075169564995665,0.02131387805213906,0.021321577019891208,0.9432963710153692,0.058571326489293286,0.12244897959183673,5423,0.002710413124337141,0.002702991452991453,34347,0.01716661618690905,6.33357919970496,0.016936632088440342,0.08760605752468109,0.682195246219635,
Removal_988b9a0f68c71d8cd21a14b15e303b64,STFD,ADCD-Net,Light,Removal,1080,2340,961,2082,0.8896008544727063,22852.327599999626,5773.684899999353,3067.55224609375,False,0.27658556588299615,0.41903085524953404,0.3332235487855084,0.1999209603319666,0.3462865207494418,0.3463035868378754,0.9512979997483112,0.35154602951510894,0.5714285714285714,9658,0.004827064347196774,0.004815210509654954,14632,0.0073130674599485605,1.5150134603437564,0.005316039422563109,0.08147513121366501,0.43953755497932434,
Replacement_a108e2a986bfb5ce9281d391e33bfb93,STFD,ADCD-Net,Light,Replacement,1080,2340,961,2082,0.8896008544727063,22662.22360000029,5751.665400001002,3067.55224609375,False,0.0,0.0,0.0,0.0,0.10050776327664968,0.10054742540639341,0.9573886270072409,0.2596517228603186,0.4081632653061224,6407,0.0032022159114195206,0.0032166033554922443,2689,0.0013439610716102842,0.4196972061807398,0.0013482785506381634,0.07601048797369003,0.30585047602653503,
Splicing_968804cae8e22a480e7d2876434d395a,STFD,ADCD-Net,Light,Splicing,1080,2340,961,2082,0.8896008544727063,22816.30469999982,5785.727599999518,3067.55224609375,False,0.125467917382305,0.09193584820420149,0.10611591179976163,0.05603083761087183,0.10541362710744838,0.10541373196778751,0.8624430364800667,0.2106263129022331,0.32653061224489793,30989,0.01548828919603239,0.015536957898069009,22707,0.01134894907142236,0.7327438768595308,0.010081159988283152,0.0842253640294075,0.510473370552063,
Copy-move_a0df85c4eb2cd8b280058472d5d95e9e,STFD,ADCD-Net,Light,Copy-move,1080,2340,961,2082,0.8896008544727063,22843.60849999939,5778.3588000002055,3067.55224609375,False,0.004487367086137938,0.003092229093842431,0.0036614000875552196,0.0018340576532036204,0.046023626786733746,0.046031471334501244,0.9207334389417504,0.10231635588810008,0.16326530612244897,14876,0.007435018557558419,0.007591801202912314,10251,0.00512344549835516,0.6890965313256252,0.005138660755738129,0.08336132019758224,0.36287471652030945,
Insertion_aac38b07d21908f5cc7f74d909f3ca0e,STFD,ADCD-Net,Dark,Insertion,1080,2340,961,2082,0.8896008544727063,22830.247699999745,5876.30689999969,3067.55224609375,False,0.0991411947555095,0.944028080827246,0.17943793784317438,0.09856183514589648,0.1597625573795556,0.15981290404809076,0.9817286877682446,0.2368787738039944,0.7959183673469387,10541,0.005268387376661959,0.005285691674580564,100372,0.05016588348072423,9.52205673086045,0.04543172980830153,0.11193253844976425,0.8353894948959351,
Removal_98ee806671374509d7d92cecb6725bd8,STFD,ADCD-Net,Light,Removal,1080,2316,966,2071,0.8941983055272923,22707.66419999927,5773.958699999639,3067.55224609375,False,0.0,0.0,0.0,0.0,0.022687846002649135,0.02303978674950656,0.44358465805283764,0.05047023501518726,0.0,51792,0.025888414694494512,0.025978698906160048,25113,0.012552822023147218,0.4848818350324374,0.01288643130058898,0.0800023302435875,0.541694700717926,
Replacement_a11ceb5a1719e1e85eb4bb7b78ac495c,STFD,ADCD-Net,Light,Replacement,1080,2340,961,2082,0.8896008544727063,22782.496899999387,5775.052699998923,3067.55224609375,False,0.009461640017603051,0.03346303501945525,0.014752129910229289,0.007430875576036867,0.024827894990197837,0.024842656082693048,0.8838947363266759,0.10623728813559322,0.3469387755102041,3855,0.0019267273823196898,0.0019420702754036087,13634,0.006814267478741025,3.536705577172503,0.00676282344999642,0.08114030957221985,0.39954158663749695,
Splicing_99280622b129880972d978e13016a5cb,STFD,ADCD-Net,Light,Splicing,1080,2340,961,2082,0.8896008544727063,22909.54319999946,5860.876800001279,3067.55224609375,False,0.3047495841803733,0.4660166737318073,0.3685122073858875,0.22587494007259776,0.4565468367137024,0.45655372233250685,0.9805309066054433,0.5096346214594082,0.7551020408163265,7077,0.0035370816302662633,0.00353434631212409,10822,0.005408831058745443,1.5291790306627102,0.0037738404243313397,0.08443659543991089,0.41935521364212036,
Copy-move_aaaa127de422b4ec82139396e6a257b1,STFD,ADCD-Net,Light,Copy-move,1080,2340,961,2082,0.8896008544727063,22863.020000000688,5822.997400000531,3067.55224609375,False,0.18568072719844755,0.0730384476316741,0.10483824462257078,0.0553188899707887,0.08957959679712446,0.08958888497193504,0.9182207122024806,0.15300325586617267,0.1020408163265306,24891,0.012440511354946667,0.012589822728711618,9791,0.004893537691385754,0.39335502792173876,0.00403510077123919,0.0810491219162941,0.40992528200149536,
Insertion_abd56a23bb328fe84464cc4d2be23c36,STFD,ADCD-Net,Light,Insertion,1080,2340,961,2082,0.8896008544727063,22739.57039999914,5734.76589999882,3067.55224609375,False,0.006054199500288295,0.009286556603773585,0.007329842931937172,0.0036784025223331584,0.04105498373328122,0.04106777294886187,0.8998461694772224,0.11854997569648751,0.32653061224489793,6784,0.0033906403532183594,0.00346232985121874,10406,0.005200914433312242,1.5339033018867925,0.005187014359950612,0.08388260006904602,0.4055151343345642,
Removal_9a28c356b963222c6e57dee55c7c8a9a,STFD,ADCD-Net,Light,Removal,1080,2340,961,2082,0.8896008544727063,22866.663700000572,5739.822500001537,3067.55224609375,False,0.0001444043321299639,3.813446211341189e-05,6.033546518643659e-05,3.0168642712764353e-05,0.010732408593848285,0.01140999253525055,0.41768559502262886,0.025873385873385873,0.0,26223,0.013106244395997205,0.01302548274770497,6925,0.003461112094050286,0.26408115013537736,0.0035065702613063343,0.07865413278341293,0.3312922418117523,
Replacement_a301de8edeb1b31b6601190226ad0ba3,STFD,ADCD-Net,Light,Replacement,1080,2340,961,2082,0.8896008544727063,22699.173599999995,5783.252299999731,3067.55224609375,False,0.08764325353823925,0.3282095425479587,0.13834391602954516,0.0743122842187326,0.06028536036228453,0.060299000678848344,0.9644741127980235,0.14158802063671827,0.4897959183673469,8132,0.004064370187554791,0.004080009496676164,30453,0.015220396620954996,3.7448352188883423,0.013943101466876101,0.08859428018331528,0.670268714427948,
Splicing_9b38afd7164a3ee56ddc5f69b515f1fa,STFD,ADCD-Net,Light,Splicing,1080,2400,949,2108,0.8784104611578831,22870.621899999605,5776.278699999239,3067.55224609375,False,0.0,0.0,0.0,0.0,0.03697445832313266,0.0369752622236256,0.7879040777468601,0.09790013914740589,0.08163265306122448,19616,0.009805587825394953,0.009919367283950617,7300,0.003649102320829076,0.3721451876019576,0.0036852382481286057,0.07458758354187012,0.29967978596687317,
Copy-move_ab7c220e22ddb0ccb02446e22000a444,STFD,ADCD-Net,Dark,Copy-move,2340,1080,2082,961,0.8896008544727063,22752.567399998952,5786.09029999825,3067.55224609375,False,0.6346736980883322,0.07316665400106391,0.13120741346415915,0.07020972493655747,0.3265518553962321,0.32652281850179654,0.8709988152609371,0.4095072846952546,0.14285714285714285,65795,0.032884313390330475,0.03281220322886989,7585,0.0037909798170933456,0.11528231628543202,0.0014320361631766708,0.07800575345754623,0.3911057710647583,
Insertion_afee3219de5ffbacd29a881c1cf0ff01,STFD,ADCD-Net,Light,Insertion,1080,2340,961,2082,0.8896008544727063,23020.930799999405,5907.855299999937,3067.55224609375,False,0.09997517172887528,0.17743830787309048,0.1278915885871579,0.06831420007917209,0.08420753906618944,0.08424184521272621,0.9332862636364807,0.16823970037453184,0.6938775510204082,6808,0.003402635543147198,0.0033796296296296296,12083,0.006039078329589834,1.7748237367802586,0.005453877995620849,0.07744808495044708,0.3312390446662903,
Removal_9ea45e4fc647622c3cfc34bc65ae140f,STFD,ADCD-Net,Light,Removal,1080,2400,949,2108,0.8784104611578831,22830.08770000015,5775.480599999355,3067.55224609375,False,0.0,0.0,0.0,0.0,0.0005636436810197851,0.0005743591291067481,0.4710039631386035,0.0012149624220915338,0.0,1216,0.000607850468784679,0.0005914351851851852,13705,0.006850814699583902,11.270559210526315,0.0068549815033041965,0.07668434083461761,0.39282888174057007,
Replacement_a9b5031cd1d277dc67139cf222c50931,STFD,ADCD-Net,Light,Replacement,1080,2340,961,2082,0.8896008544727063,22713.8515000006,5710.14649999961,3067.55224609375,False,0.15444172779136103,0.3091984499286151,0.20599225490862152,0.11482238885101871,0.08273989725501302,0.08279702826092417,0.9411795937334955,0.23369036027263876,0.4693877551020408,4903,0.002450517342545639,0.0024473725862614753,9816,0.004906032680894961,2.0020395676116665,0.004158527059735988,0.07751773297786713,0.3256368041038513,
Splicing_9e8f0fc7fb7d7d0441e29d93c98e67f1,STFD,ADCD-Net,Light,Splicing,1080,2340,961,2082,0.8896008544727063,22803.822599998966,5846.759699999893,3067.55224609375,False,0.22172960846108647,0.7995762303765771,0.3471824359644537,0.21005490473901273,0.3832963545553395,0.3833802566585871,0.9909504473572055,0.5120929413835592,0.7142857142857142,10383,0.005189419042963771,0.005220797720797721,37442,0.018713495888148853,3.6060868727728015,0.01464013355981831,0.08496585488319397,0.6502179503440857,
Copy-move_ae4873eb5046025164358e5c1be674b5,STFD,ADCD-Net,Light,Copy-move,750,1334,750,1334,1.0,14487.152399999104,7138.495900000635,3067.55224609375,False,0.0,0.0,0.0,0.0,0.005921059599833029,0.005929677485848339,0.5094504025512033,0.013620690865934931,0.061224489795918366,6430,0.0064267866066966516,0.0064267866066966516,1361,0.00136031984007996,0.21166407465007775,0.001369118874928325,0.08828037977218628,0.25905340909957886,
Insertion_b0030132416c564f4cf9159bac19731b,STFD,ADCD-Net,Light,Insertion,1536,2048,1225,1633,0.7973599423122324,26174.02949999996,9023.248599998624,3067.55224609375,False,0.0,0.0,0.0,0.0,0.005659942726158255,0.005662523472180294,0.8164704937631515,0.017198959258589653,0.18367346938775508,3557,0.0017781221490433283,0.001774152119954427,27329,0.013661596910656486,7.683159966263705,0.013685932169777872,0.08820556849241257,0.5899848937988281,
Removal_ab8c0691ed31a07587c08033070b3d20,STFD,ADCD-Net,Light,Removal,1080,2400,949,2108,0.8784104611578831,22806.45430000004,5739.425100000517,3067.55224609375,False,0.0,0.0,0.0,0.0,0.011323568672953538,0.011963656377748572,0.46763742059121716,0.0224202391096753,0.0,22680,0.011337211046082664,0.01130324074074074,9493,0.004745332648168551,0.4185626102292769,0.004799748408847757,0.0756947249174118,0.3926398456096649,
Replacement_ad2b11795282bb8fdd133c7d5c7ba59b,STFD,ADCD-Net,Light,Replacement,1080,2376,953,2098,0.8828357307829559,22866.803700000673,5757.665699999052,3067.55224609375,False,0.33761959693289,0.8080389768574908,0.47624973079039934,0.3125510396381682,0.4776607762170914,0.4777491956966794,0.9948199722095912,0.5389913899138992,0.6326530612244897,12315,0.006159366287985259,0.00620596396059359,29474,0.014741466664399313,2.3933414535119772,0.009824974246117038,0.08181063830852509,0.6409752368927002,
Splicing_a86ad09670abbc59a70781cbb1746e95,STFD,ADCD-Net,Dark,Splicing,2340,1080,2082,961,0.8896008544727063,22874.617999999828,5746.306600000025,3067.55224609375,False,0.10364138747717966,0.0892728122742148,0.09592200200931593,0.050377139019798296,0.06756469394051653,0.06757195858962052,0.7327627549107008,0.14398029265692583,0.18367346938775508,47058,0.023519568652970158,0.023345204178537513,40534,0.020258876190647552,0.8613625738450423,0.01859660221605287,0.1218528300523758,0.6114835739135742,
Copy-move_aea96b366016af7b89b999d17ad2e2fe,STFD,ADCD-Net,Light,Copy-move,1080,2340,961,2082,0.8896008544727063,23069.09309999901,5846.6248999993695,3067.55224609375,False,0.23312663963749106,0.2191785941178669,0.22593755417300693,0.12735603231130027,0.15686078509270004,0.15687140203683347,0.8669195008757531,0.2302802595076345,0.5306122448979591,26759,0.0133741369710746,0.013341247230136119,25158,0.012573957842904994,0.9401696625434434,0.00977334333649267,0.09410223364830017,0.5283206105232239,
Insertion_b1522d224a5215b235fda8abca320cf5,STFD,ADCD-Net,Light,Insertion,1080,2316,966,2071,0.8941983055272923,22765.311299999667,5708.969699999216,3067.55224609375,False,0.15380863704886052,0.42747997535428217,0.2262219178975513,0.12753676470588235,0.18311952731397976,0.18323649746035092,0.9823511779533364,0.2818916875109069,0.6530612244897959,8115,0.004056311500730286,0.004074313951256956,22554,0.011273696806835596,2.779297597042514,0.0095785584834108,0.07965096831321716,0.5182070136070251,
Removal_ac0f9a1c5c23ca96f262dca62f6991be,STFD,ADCD-Net,Light,Removal,1080,2400,949,2108,0.8784104611578831,22782.127800001035,5706.610100000034,3067.55224609375,False,0.0013235806339254616,0.00905624404194471,0.002309609189813408,0.0011561397103565779,0.0009308126313532634,0.0009516995370565981,0.47098610448727984,0.0035992166410839994,0.4693877551020408,2098,0.0010487420094656714,0.0010516975308641975,14355,0.007175734769246766,6.842230695900858,0.007173760529705354,0.08255650103092194,0.4285687506198883,
Replacement_af7552889eca0c883b8dc542f4b8d7f3,STFD,ADCD-Net,Light,Replacement,1080,2340,961,2082,0.8896008544727063,22795.103300000847,5744.140899998456,3067.55224609375,False,0.22896718767740226,0.6719982228146173,0.3415570484954553,0.2059504357298475,0.24571884334453364,0.24578356139961274,0.8398372147617095,0.4990130651377009,0.7142857142857142,9003,0.004499695622055556,0.004465416270971826,26423,0.01320620431207086,2.9349105853604356,0.01022844172529457,0.09851129353046417,0.614307165145874,
Splicing_aa40dac7cbb3fde39c739fced1fdf2be,STFD,ADCD-Net,Light,Splicing,1080,2340,961,2082,0.8896008544727063,22838.212399999975,5718.24689999994,3067.55224609375,False,0.19183877971385627,0.4076176957653182,0.2608926070333497,0.15001523660267294,0.11993102634609668,0.11997248459669438,0.8395665881122256,0.30356472795497186,0.6122448979591836,8454,0.004225305652433374,0.00427548274770497,17963,0.008977899862155275,2.1247929973976816,0.007286377681007535,0.08685454726219177,0.48125243186950684,
Copy-move_b06d9b8f013c9f774a828d5f4c54fc54,STFD,ADCD-Net,Light,Copy-move,1080,2340,961,2082,0.8896008544727063,22733.99199999949,5693.033899999136,3067.55224609375,False,0.0,0.0,0.0,0.0,0.03511087102790101,0.03511805677710833,0.8968609052753884,0.09311000857984855,0.12244897959183673,8766,0.004381243121508276,0.004406853434631213,13040,0.006517386528002271,1.487565594341775,0.006546066436550343,0.07931411266326904,0.4043397903442383,
Insertion_b4f1632aacb5f9c251e037c5ed83bc54,STFD,ADCD-Net,Light,Insertion,1080,2340,961,2082,0.8896008544727063,22729.93790000146,5689.059299998917,3067.55224609375,False,0.0324291742013261,0.06844783715012723,0.044008179959100203,0.022499163599866177,0.050207431925327256,0.050218513249091094,0.9121699247956473,0.13494434776898578,0.18367346938775508,7860,0.003928424701694621,0.003805792972459639,16590,0.008291675038309639,2.1106870229007635,0.008054424062516621,0.08073220402002335,0.46373075246810913,
Removal_aec65228ed0d4ad705cf989815420578,STFD,ADCD-Net,Light,Removal,1668,2224,1225,1633,0.7342595152227752,25624.859199999264,8695.044999998572,3067.55224609375,False,0.0,0.0,0.0,0.0,0.006942614559113198,0.007132400935109578,0.40890870246048705,0.017422165664686493,0.0,17579,0.008787632628066536,0.008827290685437262,20529,0.010262319257157855,1.167813868820752,0.01035330025629827,0.08266891539096832,0.5092252492904663,
Replacement_b452934bfc995690cf7c9512cc823170,STFD,ADCD-Net,Light,Replacement,1080,2400,949,2108,0.8784104611578831,22799.43159999857,5754.150499999014,3067.55224609375,False,0.07765461263553214,0.6096053257251546,0.1377605845690952,0.07397576457010964,0.060625748874279684,0.0607031661949862,0.9274978457106305,0.19692423105776444,0.8775510204081632,2103,0.0010512413946169243,0.001027391975308642,16509,0.008252469892406468,7.85021398002853,0.00761963761810138,0.07704045623540878,0.4646400809288025,
Splicing_b185581959d3674e3f14299cc6085d8f,STFD,ADCD-Net,Light,Splicing,1080,2340,961,2082,0.8896008544727063,22761.39499999954,5710.41310000146,3067.55224609375,False,0.16792723791287698,0.13080961756458445,0.14706252253309746,0.07936723409261623,0.10517573247737651,0.1051800164575167,0.7577057692336253,0.2090172230679855,0.08163265306122448,67044,0.03350856306621045,0.033568376068376066,52225,0.026102033084733023,0.7789660521448601,0.022471788093442923,0.09632815420627594,0.7007856369018555,
Copy-move_b2b3a5a6b799cb5441322263e2c1438f,STFD,ADCD-Net,Light,Copy-move,750,1334,750,1334,1.0,14257.226899999296,6908.076400000937,3067.55224609375,False,0.2561100317005829,0.4229859820976186,0.31904458598726115,0.18979955287787503,0.26065489880019854,0.260672943311476,0.8256669266191575,0.33152751759404586,0.673469387755102,11842,0.01183608195902049,0.01183608195902049,19558,0.019548225887056472,1.6515791251477792,0.014715907826568946,0.08905377984046936,0.6310169696807861,
Insertion_ba5b5cb27bf8501353fdda66966917d9,STFD,ADCD-Net,Light,Insertion,1080,2340,961,2082,0.8896008544727063,22710.185299998557,5693.919800000003,3067.55224609375,False,0.02360607013231974,0.1340909090909091,0.040144832446356096,0.020483570985740857,0.05061378258636751,0.050673598489746945,0.9675966259795056,0.09818415106970517,0.2040816326530612,6160,0.0030787654150685574,0.00302548274770497,34991,0.017488487116666215,5.680357142857143,0.017128386948635395,0.08788763731718063,0.7541584968566895,
Removal_aff944694a9c69eb103a87dfc205f198,STFD,ADCD-Net,Light,Removal,1080,2340,961,2082,0.8896008544727063,22837.96429999893,5756.3928999989,3067.55224609375,False,0.0,0.0,0.0,0.0,0.007935838267324566,0.00799458317925245,0.5366026718021744,0.022661978696702865,0.1020408163265306,14192,0.007093155644586521,0.007150601456157012,60065,0.030020461794820277,4.232313979706877,0.030234922808200906,0.09568077325820923,0.8295711874961853,
Replacement_b486ea6faa14d49d2db2126f068b0beb,STFD,ADCD-Net,Light,Replacement,1080,2340,961,2082,0.8896008544727063,22807.38889999884,5817.776199999571,3067.55224609375,False,0.0,0.0,0.0,0.0,0.024889359572447468,0.02489425919870881,0.9151801525671974,0.07201518049889757,0.12244897959183673,6680,0.003338661196860059,0.0033277936055713833,16100,0.008046773243929184,2.410179640718563,0.008073728688615842,0.08018022030591965,0.4676395356655121,
Splicing_b3fa88b282fab8fb9b72149e08b4acd9,STFD,ADCD-Net,Light,Splicing,1080,2340,961,2082,0.8896008544727063,22772.281999999905,5694.772900000316,3067.55224609375,False,0.061540508181455365,0.046140956332661735,0.05273958547096245,0.027083991990726104,0.10931336115915304,0.10931661055248923,0.827775762068203,0.23332646601614443,0.16326530612244897,50129,0.025054453164281124,0.024946976891421335,37585,0.018784967228141516,0.7497656047397714,0.018081964532240924,0.09602221846580505,0.6193291544914246,
Copy-move_b60ccb8254ba8e22eefed7739e76248c,STFD,ADCD-Net,Light,Copy-move,1080,2340,961,2082,0.8896008544727063,22926.686900000277,5817.411300000458,3067.55224609375,False,0.0,0.0,0.0,0.0,0.009104090151871955,0.009110894620564443,0.7034218386399581,0.027132051218668116,0.12244897959183673,6825,0.0034111321360134586,0.0034583729028173473,0,0.0,0.0,0.0,0.07138508558273315,0.16695034503936768,
Insertion_ba80fdaa9a740c4f4d93173cd8390a2a,STFD,ADCD-Net,Light,Insertion,1125,2436,961,2081,0.8542797160427661,22681.47990000034,5712.856300000567,3067.55224609375,False,0.04912524002560273,0.07860373815823163,0.060462826193993104,0.031173842404549148,0.030124587415374965,0.030129528807161046,0.8749523151876027,0.07743010220161181,0.08163265306122448,11717,0.005858965787780128,0.005832877212187557,18748,0.009374745292250734,1.6000682768626782,0.008966744529013282,0.08237994462251663,0.48455023765563965,
Removal_b50c1027d11c15b5df0f05052c1a9418,STFD,ADCD-Net,Light,Removal,1080,2400,949,2108,0.8784104611578831,22697.966600000655,5686.141399999542,3067.55224609375,False,0.0010060994780858958,0.016684045881126174,0.0018977582730399715,0.000949780363290989,0.0015725069159426063,0.0015979867323616878,0.6132584731818896,0.002096313981249636,0.4897959183673469,1918,0.0009587641440205709,0.0009733796296296296,31806,0.015899088824149258,16.582898852971844,0.015898335513220927,0.08205698430538177,0.6591355800628662,
Replacement_b57798698d3a21147e62bcefa713a3f7,STFD,ADCD-Net,Light,Replacement,1080,2400,949,2108,0.8784104611578831,22853.485400000864,5722.578599999906,3067.55224609375,False,0.0,0.0,0.0,0.0,0.005472464419567446,0.005480769448591839,0.8832598211985334,0.020557958214046414,0.16326530612244897,1300,0.0006498401393257259,0.0006489197530864198,6235,0.0031167332836122314,4.796153846153846,0.0031187599790315286,0.07972868531942368,0.3343087136745453,
Splicing_b5b092481a8eac27180e646a8cd60d71,STFD,ADCD-Net,Light,Splicing,1080,2340,961,2082,0.8896008544727063,22739.562400000068,5717.310800000632,3067.55224609375,False,0.0,0.0,0.0,0.0,0.11981962865977452,0.11982171597567835,0.8661737149516808,0.28516224007851315,0.1020408163265306,49379,0.02467960347900492,0.024719056663501108,31980,0.01598359058017735,0.6476437351910731,0.016388040932181287,0.09201420098543167,0.677677571773529,
Copy-move_b7a5b642d3f8075dde4c59690fc8d222,STFD,ADCD-Net,Light,Copy-move,1080,2340,961,2082,0.8896008544727063,22721.56399999949,5707.180199999129,3067.55224609375,False,0.20250027536072254,0.2074237039544198,0.20493242301797407,0.1141641828117238,0.13338628443405776,0.13341453960629354,0.9129144738053739,0.2184455958549223,0.5714285714285714,17727,0.008859947161188363,0.008908277936055713,18158,0.009075360780327089,1.0243131945619677,0.007302295677168035,0.08144824206829071,0.4858895242214203,
Insertion_bad5f858b8b69c333e2ed09b3cc5ebba,STFD,ADCD-Net,Light,Insertion,1080,2340,961,2082,0.8896008544727063,22562.321299999894,5642.450600000302,3067.55224609375,False,0.06445252483867664,0.3151370977838988,0.107017581156062,0.05653384843448183,0.06208725780949009,0.062100690513184134,0.9694759954182602,0.1490428854702627,0.26530612244897955,7987,0.003991899248401391,0.003982668566001899,39052,0.019518173212541772,4.889445348691624,0.018333362605159033,0.08255433291196823,0.6701397895812988,
Removal_b62c7d5352e00748ab52fa9eb8f601a6,STFD,ADCD-Net,Light,Removal,1080,2340,961,2082,0.8896008544727063,22619.065500000943,5684.2335000001185,3067.55224609375,False,0.0,0.0,0.0,0.0,0.003909827590494071,0.004013610073736319,0.45828837476939643,0.008964031425856176,0.0,9008,0.004502194619957397,0.004529123140234252,9909,0.00495251404186921,1.1000222024866786,0.00497491206419941,0.08724981546401978,0.3722541928291321,
Replacement_b652d59da55c772a493036b4183291a0,STFD,ADCD-Net,Light,Replacement,1080,2340,961,2082,0.8896008544727063,23192.9999999993,6022.19999999943,3067.55224609375,False,0.06333455837314712,0.07539740411258568,0.0688415446071904,0.035647797007515684,0.03645479099005045,0.03647106229747095,0.9118269857604221,0.10397442418077454,0.26530612244897955,6857,0.0034271257225852434,0.0034587685976574865,8163,0.004079863974546207,1.1904623012979436,0.003834609279593971,0.08573994785547256,0.3782380223274231,
Splicing_b6c40352ad022bd7f34a54d3503ff744,STFD,ADCD-Net,Dark,Splicing,1080,2340,961,2082,0.8896008544727063,22765.89419999982,5769.787799999904,3067.55224609375,False,0.18155716668805338,0.1463480857996199,0.16206232505530224,0.08817618097968341,0.09551466252784069,0.0959112079661286,0.6392831963582322,0.19639664528860384,0.16326530612244897,77343,0.03865599894442329,0.03840218423551757,62344,0.03115950503847957,0.8060716548362489,0.02652772947070876,0.09759395569562912,0.6640541553497314,
Copy-move_b926665e5a16c0ade6dee2b7f5acdf53,STFD,ADCD-Net,Light,Copy-move,1080,2340,961,2082,0.8896008544727063,22458.92819999972,5607.264500000383,3067.55224609375,False,0.40365448504983387,0.0926610348468849,0.1507228398301446,0.08150365076498362,0.2642419651806249,0.2642740540036824,0.9262294285140805,0.3586959754900503,0.3469387755102041,34092,0.01703916729391514,0.01743827160493827,7826,0.003911431515962099,0.229555320896398,0.002372998561048655,0.0761529803276062,0.39893898367881775,
Insertion_bde3d4d15bd81f20b8ecef3117ec9359,STFD,ADCD-Net,Light,Insertion,1080,2340,961,2082,0.8896008544727063,23067.200700001194,5845.586399998865,3067.55224609375,False,0.31023398370337146,0.4331941544885177,0.3615454981051531,0.22066251927473812,0.25707443292171156,0.2571949991273671,0.9793179152915926,0.38755534840363554,0.7755102040816326,9580,0.004788079979928049,0.004761791706236151,13377,0.006685818986586379,1.3963465553235908,0.004633837914607211,0.08194973319768906,0.42672255635261536,
Removal_b7fa37d5c36d97bf276151559d2fc9e5,STFD,ADCD-Net,Light,Removal,1080,2340,961,2082,0.8896008544727063,40854.44389999975,7797.24509999869,3067.55224609375,False,0.0,0.0,0.0,0.0,0.02610698370928218,0.02641504041828504,0.3969795661542381,0.06924156710066433,0.061224489795918366,69734,0.034853023937401105,0.03469571066793289,18798,0.009395232511762783,0.2695672125505492,0.00973450960815466,0.08055561780929565,0.4672732651233673,
Replacement_b7245a45c039ee7d8a90849308ee1b49,STFD,ADCD-Net,Light,Replacement,1080,2340,961,2082,0.8896008544727063,47097.31329999886,6795.518200000515,3067.55224609375,False,0.16423841059602648,0.27894099325142757,0.20674618442990897,0.11529108854241167,0.08679629955604594,0.08684959278416299,0.9266694088467565,0.2566223535204333,0.6122448979591836,5779,0.0028883417749482458,0.0029028173472617916,9815,0.004905532881314593,1.698390725038934,0.004111732045194466,0.08711265027523041,0.3666468560695648,
Splicing_bb14487f4715db993132e45418ae0bff,STFD,ADCD-Net,Light,Splicing,1080,2340,961,2082,0.8896008544727063,159268.2067000005,10998.349999999846,3067.55224609375,False,0.10499215713019164,0.11873361098256979,0.11144087733902783,0.0590084133463654,0.05293426104311873,0.05294397008453716,0.7414646757157705,0.15805801992053556,0.32653061224489793,25932,0.012960802718110037,0.012917458056346946,29326,0.014657122493879954,1.130880765077896,0.013290495070561606,0.08706609904766083,0.5449568629264832,
Copy-move_ba8610e08ca4e2f32f627d7024527f71,STFD,ADCD-Net,Light,Copy-move,1080,2340,961,2082,0.8896008544727063,228642.84919999953,13386.821100000816,3067.55224609375,False,0.024698022808556583,0.012248586058030187,0.0163758389261745,0.008255514954662336,0.10647805571900094,0.10648082769494757,0.9110397967600788,0.21353625362626638,0.2040816326530612,29881,0.014934511260984345,0.015080326052548275,14819,0.007406529981477427,0.4959338710217195,0.007333119896738631,0.08353696763515472,0.45725029706954956,
Insertion_c08b2c7b8084c0ab900b58632f872eec,STFD,ADCD-Net,Light,Insertion,1080,2340,961,2082,0.8896008544727063,49643.11149999958,7328.7826999985555,3067.55224609375,False,0.004471659348185151,0.07020872865275142,0.008407816997424633,0.004221655954056213,0.004744880574962076,0.004749484020150895,0.734876658093489,0.019957213822111027,0.14285714285714285,3162,0.0015803662731244772,0.0015673472617917063,49646,0.02481304996696325,15.700822264389627,0.024741194609639375,0.09073752164840698,0.7504829168319702,
Removal_bc77377ef32628e55de94b1a3d5cebf3,STFD,ADCD-Net,Light,Removal,750,1334,750,1334,1.0,22477.78870000002,8167.013700000098,3067.55224609375,False,0.0,0.0,0.0,0.0,0.0019091979135490238,0.0019445604282008002,0.36233386545476054,0.00536090407689877,0.0,2689,0.002687656171914043,0.002687656171914043,1740,0.0017391304347826088,0.6470806991446635,0.0017438172158855735,0.07317839562892914,0.21564394235610962,
Replacement_ba7f00ca31a91067da0b2469669b0fea,STFD,ADCD-Net,Light,Replacement,1080,2400,949,2108,0.8784104611578831,34311.69610000143,6771.187899999859,3067.55224609375,False,0.2568978855079938,0.2247729708387388,0.23976414668632112,0.1362113754443533,0.1981774710264414,0.19819618683275766,0.9781861708168116,0.33388471459010877,0.22448979591836732,17729,0.008862319869312149,0.008855324074074074,15512,0.007754092493246661,0.8749506458345084,0.005813604550821253,0.07505344599485397,0.48223429918289185,
Splicing_bf8d3b3cd3d67a2d817c91de69985377,STFD,ADCD-Net,Light,Splicing,1080,2340,961,2082,0.8896008544727063,38409.71620000164,6228.602199998932,3067.55224609375,False,0.871941622549721,0.09472097156091167,0.17087897708154184,0.09342136192218463,0.3234850735779192,0.32348212205896765,0.7337288063552961,0.35653195921312064,0.08163265306122448,193009,0.09646581720729987,0.09672127255460589,20967,0.010479297801581565,0.10863223994735997,0.0014852364181076041,0.08833806216716766,0.5061945915222168,
Copy-move_bab847dd37d0ce3f0e2c41bd2e98ca17,STFD,ADCD-Net,Light,Copy-move,1080,2340,961,2082,0.8896008544727063,25258.12290000067,6222.665600000255,3067.55224609375,False,0.222023373151063,0.43164954936072103,0.29322398302792135,0.17179991991457555,0.1418892716088536,0.1419025931713535,0.9292719167708773,0.2963630652408462,0.4897959183673469,23855,0.011922718989685136,0.011944048749604304,46378,0.023179704938319733,1.944162649339761,0.018250868637348396,0.09137863665819168,0.5397166013717651,
Insertion_c1ca4eea546d0355245ba32dd5328f1d,STFD,ADCD-Net,Light,Insertion,1080,2340,961,2082,0.8896008544727063,26773.972900000444,5986.309200001415,3067.55224609375,False,0.09250671222845985,0.19052885582143575,0.12454405047484472,0.06640734510793384,0.13824179320193203,0.13827569236744397,0.9845239285511447,0.2811128015648772,0.3877551020408163,9946,0.004971006626342836,0.0049382716049382715,20485,0.010238394403844059,2.059621958576312,0.009337691927492496,0.08123446255922318,0.5150653719902039,
Removal_bd7c8e3ce7d4e68ea8eca98c6396451f,STFD,ADCD-Net,Light,Removal,1080,2340,961,2082,0.8896008544727063,24976.399299999684,5989.610900000116,3067.55224609375,False,0.0,0.0,0.0,0.0,0.002758282404246086,0.002842222725963641,0.4822809292515389,0.006607613889587489,0.061224489795918366,6149,0.0030732676196845066,0.003072570433681545,13477,0.006735798944623206,2.1917384940640754,0.006756563672979711,0.07832415401935577,0.4725778102874756,
Replacement_baa84f33e7085b48a1c6afe80ff600de,STFD,ADCD-Net,Light,Replacement,1080,2340,961,2082,0.8896008544727063,27281.125900000916,6207.94449999994,3067.55224609375,False,0.22606060606060607,0.22114624505928854,0.22357642357642357,0.12585760881790575,0.18340158757140873,0.18344219145111182,0.9021691452026374,0.3397551314368023,0.4693877551020408,10120,0.005057971753326916,0.0050605413105413105,9900,0.004948015845645896,0.9782608695652174,0.0038489321750033406,0.08651185780763626,0.37081179022789,
Splicing_c04c04c601ac517b6e6fff9bc5035ec5,STFD,ADCD-Net,Light,Splicing,1080,2340,961,2082,0.8896008544727063,23045.297099999516,5998.072800000955,3067.55224609375,False,0.12203982777179763,0.08029390934844192,0.09686031610422896,0.05089501150328264,0.0767200563710296,0.07674152900338134,0.8953940768385587,0.20406470344255495,0.3877551020408163,11296,0.005645736059840004,0.005728869895536563,7432,0.003714510481297,0.6579320113314447,0.0032797086311878425,0.08247660845518112,0.4117821156978607,
Copy-move_c35a87cf67011ba24f5b32e1418fb58a,STFD,ADCD-Net,Light,Copy-move,1080,2340,961,2082,0.8896008544727063,22898.27569999943,5994.4546000006085,3067.55224609375,False,0.29308923573052637,0.6232182756760921,0.3986839916455649,0.2489727134216723,0.23130330453404704,0.23131253327625223,0.9523120528234298,0.42190363969625555,0.4693877551020408,51916,0.025947595014399225,0.026025641025641026,110393,0.05517437507559469,2.126377224747669,0.04004236266256723,0.1400194615125656,0.7613111138343811,
Insertion_c207987cd82c9701779701e6167e31de,STFD,ADCD-Net,Light,Insertion,1080,2340,961,2082,0.8896008544727063,22918.595099999948,6029.479599999831,3067.55224609375,False,0.10394366197183098,0.15473860777187587,0.12435407773534038,0.06629933520991795,0.10779259605980306,0.10783602754795774,0.9638385729248866,0.21038194803850532,0.24489795918367346,7154,0.0035755661979546202,0.003607154162709718,10650,0.0053228655309221,1.4886776628459604,0.004786702567353916,0.07116115838289261,0.35567769408226013,
Removal_bd84cf600931889cf97ddac12987714f,STFD,ADCD-Net,Light,Removal,1080,2400,949,2108,0.8784104611578831,22997.35630000032,6017.264799998884,3067.55224609375,False,0.0,0.0,0.0,0.0,0.0006070922975920957,0.0006366937636969013,0.44897704845780323,0.001373717634588112,0.0,1375,0.0006873309165945177,0.0007056327160493827,31513,0.015752624854285847,22.918545454545455,0.015763459567399007,0.08393207937479019,0.6447604894638062,
Replacement_c0b1bcd0a1bdf39effe9ee3fe346fdf5,STFD,ADCD-Net,Light,Replacement,1080,2340,961,2082,0.8896008544727063,25434.852200000023,5962.473800000225,3067.55224609375,False,0.06881944870771686,0.1640327772900205,0.09695973705834017,0.05094991364421416,0.034955837939869935,0.0349865493847752,0.8575550420281205,0.1571636865935078,0.7346938775510203,6834,0.003415630332236773,0.00339585311807534,16289,0.008141235364618788,2.383523558677202,0.007606942538696709,0.08085285872220993,0.47268766164779663,
Splicing_c0a4ef6a306b51d455fb12c84daf8a30,STFD,ADCD-Net,Light,Splicing,1080,2340,961,2082,0.8896008544727063,25150.401200000488,6547.0502999996825,3067.55224609375,False,0.15688996876084693,0.025401820838484884,0.04372430471584039,0.02235078870592889,0.06778365685246049,0.06779512651071551,0.898179117004098,0.1336136607184457,0.12244897959183673,17794,0.008893433733073037,0.008925292814181703,2881,0.0014399225910409926,0.16190850848600652,0.0012249068082428312,0.07836635410785675,0.2955787181854248,
Copy-move_c3d7ccf0693420fab6a060905d56edee,STFD,ADCD-Net,Light,Copy-move,1170,2532,961,2080,0.8216563506305302,28012.779199998477,5966.026000000056,3067.55224609375,False,0.05256436109430665,0.1846807840667559,0.08183625771793351,0.04266385393176693,0.036921120364842436,0.03692697423038326,0.8572518158258917,0.10693759218757948,0.4081632653061224,12703,0.00635505883294645,0.006313039251427877,44631,0.022328003682061955,3.513422026293002,0.02128964337015281,0.10069316625595093,0.6285605430603027,
Insertion_c2b853f18928c6ad0d553627846c37c9,STFD,ADCD-Net,Light,Insertion,1080,2340,961,2082,0.8896008544727063,25482.26860000068,6136.368500001481,3067.55224609375,False,0.0765496971856074,0.32197040644315417,0.12369131138694009,0.06592268752876208,0.0779348428167015,0.07811900843960096,0.9592740634376695,0.15861805688108419,0.6530612244897959,5339,0.002668429959586206,0.002679249762583096,22456,0.011223499376749923,4.206031091964787,0.01039207442082364,0.07949197292327881,0.5400916337966919,
Removal_be53607c1df0967e16d8fed5bd26dd85,STFD,ADCD-Net,Light,Removal,1080,2400,949,2108,0.8784104611578831,23145.310699999754,6137.425400000211,3067.55224609375,False,0.0,0.0,0.0,0.0,0.0006634377401419528,0.000722908119355835,0.4029486702712223,0.0017091174071759956,0.0,1711,0.0008552895987587053,0.0008244598765432099,3033,0.0015161270327499435,1.7726475745178258,0.0015174248704585445,0.07302562892436981,0.2538289725780487,
Replacement_c167dbbc7ef5f3f4610de852010c49c6,STFD,ADCD-Net,Light,Replacement,1080,2340,961,2082,0.8896008544727063,23082.051299999875,6053.279300000213,3067.55224609375,False,0.055873965950478555,0.35459595054649706,0.09653658536585365,0.05071628097690987,0.03569210906777208,0.0357042305555789,0.9428993573783689,0.11432653274561388,0.3877551020408163,5581,0.002789381458035328,0.0028280310224754667,35419,0.017702401337063838,6.346353700053754,0.016760048135018628,0.09262489527463913,0.7168892025947571,
Splicing_c0bdf24a33c207544646ea023043def1,STFD,ADCD-Net,Light,Splicing,1080,2340,961,2082,0.8896008544727063,23032.695899999453,6051.694099998713,3067.55224609375,False,0.035290037284314575,0.2691798941798942,0.06239938673821387,0.03220446273144485,0.03520379213476121,0.035226619151713524,0.9781747254996598,0.08637188582742122,0.26530612244897955,3024,0.0015113939310336555,0.0015052231718898385,23066,0.011528377120774569,7.627645502645502,0.011138374734329841,0.08055561780929565,0.54608154296875,
Copy-move_c6602e9f320e0fcb4cd11e56026cf541,STFD,ADCD-Net,Light,Copy-move,1080,2340,961,2082,0.8896008544727063,22990.76099999911,5984.2334000004485,3067.55224609375,False,0.0,0.0,0.0,0.0,0.044919132887724145,0.0449267698780105,0.8679149650971238,0.12831056593253415,0.32653061224489793,12585,0.006289977718934707,0.0063940329218107,4767,0.002382544599615554,0.37878426698450535,0.0023976256112889084,0.08022214472293854,0.2935538589954376,
Insertion_c32e5a05a854c917dca90c42ba663070,STFD,ADCD-Net,Light,Insertion,1536,2048,1225,1633,0.7973599423122324,26779.953999999634,9822.310300000026,3067.55224609375,False,0.0,0.0,0.0,0.0,0.025406077571276425,0.025418114031627824,0.9486911070211138,0.06643902606427701,0.12244897959183673,3283,0.0016411512553582363,0.0016282399495442708,3865,0.0019320894309959133,1.1772768809016143,0.0019352654943914855,0.07021031528711319,0.22143222391605377,
Removal_be8d1448368f76aee2142bf489699ee0,STFD,ADCD-Net,Light,Removal,1080,2340,961,2082,0.8896008544727063,22952.692099999695,5875.7019999993645,3067.55224609375,False,0.0,0.0,0.0,0.0,0.0024127813496062607,0.0024465736549690122,0.5086553509410282,0.0057118377838069395,0.08163265306122448,4783,0.0023905413929014466,0.0024216524216524216,12541,0.006267986537398503,2.6219945640811204,0.006283006324088097,0.08113807439804077,0.4603375792503357,
Replacement_c1fefaf01475feaed512eb93a5a973d6,STFD,ADCD-Net,Light,Replacement,828,1792,828,1792,1.0,18662.616999999955,5903.114099999584,3067.55224609375,False,0.0,0.0,0.0,0.0,0.02499420458820476,0.025004537784102734,0.9377793800115994,0.07493710771732778,0.1020408163265306,3742,0.0025219440131124915,0.0025219440131124915,25562,0.017227667788129744,6.831106360235168,0.017271224850239925,0.08067215234041214,0.6432589888572693,
Splicing_c1837cff57c5cafb289c9c12f0d9c2dd,STFD,ADCD-Net,Light,Splicing,1080,2340,961,2082,0.8896008544727063,23005.28899999881,5983.944800000245,3067.55224609375,False,0.0,0.0,0.0,0.0,0.04258459319078689,0.042595287573376044,0.6272084489070766,0.10169702631169236,0.08163265306122448,62959,0.031466881780406054,0.03140550807217474,25013,0.012501486903751595,0.3972903000365317,0.01290765041337198,0.07948940247297287,0.5589024424552917,
Copy-move_c7fb01437b8ceb4c46cb600fc3fc6e96,STFD,ADCD-Net,Dark,Copy-move,1668,2224,1225,1633,0.7342595152227752,26461.654000000635,9541.949000000386,3067.55224609375,False,0.07303866978994662,0.7360681114551083,0.13289082969432314,0.07117464356546795,0.10313007175653238,0.10322543624756679,0.9922903569100987,0.24207615400978516,0.7959183673469387,2584,0.00129172550832948,0.0013136073874713179,26041,0.013017733731582038,10.077786377708978,0.012082543105282152,0.08212693780660629,0.5855531692504883,
Insertion_c571142807bcbc5d0f04eb10796b00ec,STFD,ADCD-Net,Light,Insertion,1080,2340,961,2082,0.8896008544727063,22790.049600000202,5902.747899999667,3067.55224609375,False,0.051521984216459975,0.1036281179138322,0.06882530120481928,0.035639086017312645,0.1319071243399845,0.13210811805479478,0.9855359267097437,0.21904504990558404,0.32653061224489793,4410,0.002204116149424081,0.0022158911047799935,8870,0.004433222277866576,2.0113378684807257,0.004214102240441757,0.07848235964775085,0.38779217004776,
Removal_c0d8681804f5cd8e574aaa2c54bd0f0a,STFD,ADCD-Net,Light,Removal,1080,2400,949,2108,0.8784104611578831,22805.377900000167,5932.9886000014085,3067.55224609375,False,0.0,0.0,0.0,0.0,0.002670093217581433,0.002702239776645076,0.46102911521792245,0.006234963234048321,0.0,6256,0.003127230701247493,0.003158179012345679,42946,0.02146771894114048,6.864769820971867,0.021535064054605372,0.08843846619129181,0.7012654542922974,
Replacement_c32755de915c06a915d4d2b0020f6a4b,STFD,ADCD-Net,Light,Replacement,1080,2340,961,2082,0.8896008544727063,24782.199900000705,5922.090799998841,3067.55224609375,False,0.055440230874386105,0.4209919261822376,0.09797780959198282,0.051512442959966126,0.24417714774258828,0.24422737885852705,0.9480321085954652,0.32245737801293356,0.7959183673469387,5202,0.002599957417075753,0.0025728078505856283,39502,0.019743083023707492,7.5936178392925795,0.01869713369412708,0.08960960805416107,0.6120998859405518,
Splicing_c2878e79cd1eb5db1e0c0749ea8450da,STFD,ADCD-Net,Dark,Splicing,1080,2340,961,2082,0.8896008544727063,28148.61529999871,6027.926700000535,3067.55224609375,False,0.5173627780444872,0.15754439311541235,0.24153723169793279,0.1373570348214741,0.19652982909234984,0.19653239361571007,0.7418790224646662,0.2640022496879244,0.18367346938775508,102606,0.05128243574326695,0.05142885406774296,31245,0.015616237888606669,0.3045143558856207,0.007944385089843199,0.10368086397647858,0.6475681066513062,
Copy-move_cc6201cb4691e81676ed5d94094df0f6,STFD,ADCD-Net,Light,Copy-move,1080,2340,961,2082,0.8896008544727063,24569.938500000717,5860.483899999963,3067.55224609375,False,0.20119394823186293,0.4322921766376187,0.27459029138290264,0.1591449787326076,0.11625373490006324,0.11625959339058911,0.8861337884757928,0.29345634339695603,0.42857142857142855,20426,0.01020890622860233,0.010294001266223488,43888,0.021935203983202735,2.148634093802017,0.017702698881424537,0.08521615713834763,0.6027995347976685,
Insertion_c66653cc87a9f049ff6331c3aa53add3,STFD,ADCD-Net,Light,Insertion,1080,2340,961,2082,0.8896008544727063,23013.88229999975,5935.952300000281,3067.55224609375,False,0.0,0.0,0.0,0.0,0.005546003435082727,0.005549348316755272,0.8789810022158406,0.015703950685890113,0.22448979591836732,2707,0.0013529574640569132,0.0013441753719531497,38206,0.019095342767550212,14.11377909124492,0.019121212955339962,0.09334520995616913,0.5898222923278809,
Removal_c33e66a32e165ed406ebc01d5123ccdf,STFD,ADCD-Net,Light,Removal,1080,2340,961,2082,0.8896008544727063,22903.298400000494,6020.472199999858,3067.55224609375,False,0.0,0.0,0.0,0.0,0.0018995693729158016,0.0019210237418284997,0.3088278080263263,0.005735200014352951,0.0,5754,0.002875846785439039,0.0028679962013295345,9979,0.004987500012494989,1.7342718109141466,0.005001884666434091,0.09360245615243912,0.4305627942085266,
Replacement_c635212c278cd5239676de187c26945e,STFD,ADCD-Net,Light,Replacement,1080,2340,961,2082,0.8896008544727063,25306.90870000035,5996.760699999868,3067.55224609375,False,0.0,0.0,0.0,0.0,0.01454025063501268,0.014545644692711322,0.898713172435609,0.03923128378500533,0.36734693877551017,5058,0.0025279862775027216,0.002509892371003482,28178,0.014083352575617178,5.570976670620799,0.01411904532845896,0.09502572566270828,0.6099711656570435,
Splicing_c3ab0d1310c74158fc0f4a3031e5da9b,STFD,ADCD-Net,Light,Splicing,1080,2340,961,2082,0.8896008544727063,22841.341699999248,5841.548599999442,3067.55224609375,False,0.26712895334307185,0.5166099387338325,0.3521618580261952,0.2137114374621591,0.24942905636307544,0.24944351068167364,0.9735704653984584,0.367563434797152,0.4081632653061224,29380,0.014684111671219842,0.014687796771130104,56819,0.028398112356944866,1.9339346494213752,0.02112231678453421,0.10621596872806549,0.5870246887207031,
Copy-move_d01cf058cd2eabc2e2e73b09207bfa36,STFD,ADCD-Net,Light,Copy-move,1080,1920,1061,1886,0.9820927516479826,27101.164900001095,7230.719299999691,3067.55224609375,False,0.1409642988590357,0.07914204240195065,0.10137102323857922,0.053391697103186773,0.06506538089016267,0.06508445979146696,0.8208734080340243,0.14116996356064548,0.18367346938775508,24197,0.012092175792060752,0.012156635802469135,13585,0.006788949379474535,0.5614332355250651,0.005903334043217261,0.09180178493261337,0.433003693819046,
Insertion_c67d8963bd51a72b869dfa1f7f3aa0b8,STFD,ADCD-Net,Dark,Insertion,2340,1080,2082,961,0.8896008544727063,22881.476599999587,5958.587000000989,3067.55224609375,False,0.4368033251464198,0.46407065435568046,0.4500243309002433,0.2903428356147181,0.3358908001697483,0.3359592744849061,0.8351696486871312,0.45371200797209765,0.5102040816326531,9964,0.004980003018789466,0.004745172522950301,10586,0.0052908783577785305,1.0624247290244881,0.0029947188068541993,0.08096040785312653,0.3271890878677368,
Removal_c75beec53bb833e3acc7cbad120e0623,STFD,ADCD-Net,Light,Removal,1080,2340,961,2082,0.8896008544727063,23063.87360000008,6030.182500000592,3067.55224609375,False,0.0,0.0,0.0,0.0,0.002029940617785612,0.002056940963416168,0.4537650002349476,0.004833348207986542,0.0,4847,0.002422528566045016,0.0024659702437480214,16234,0.008113746387698533,3.349288219517227,0.00813344990242766,0.08936303853988647,0.464262455701828,
Replacement_c69defe40c9df0f8c2c9eae8cf607d59,STFD,ADCD-Net,Light,Replacement,1080,2340,961,2082,0.8896008544727063,22780.818699999145,5940.680699999575,3067.55224609375,False,0.1432284897322589,0.27045157068062825,0.1872769500934685,0.1033125,0.2897493213556593,0.28975708675000633,0.9649585285385578,0.36742951068403085,0.8775510204081632,6112,0.0030547750352108802,0.0030401234567901236,11541,0.005768186957030231,1.888252617801047,0.004957161263153673,0.08545839041471481,0.4510502815246582,
Splicing_c4dc999507a1d3dcb442af3d403d8165,STFD,ADCD-Net,Light,Splicing,1080,2340,961,2082,0.8896008544727063,23003.25580000026,5928.6879999999655,3067.55224609375,False,0.0,0.0,0.0,0.0,0.01880636123892308,0.018808275596304432,0.6078782904305833,0.05429696518399771,0.12244897959183673,26447,0.013218199501999699,0.013236783792339347,37161,0.01857305220606537,1.4051121110144817,0.018821843082930882,0.10482052713632584,0.5646974444389343,
Copy-move_d35608936441bdb9478968fa1be18f9b,STFD,ADCD-Net,Light,Copy-move,1080,2340,961,2082,0.8896008544727063,22862.526400000206,5887.166900000011,3067.55224609375,False,0.2564821303433777,0.009709252971137521,0.018710221608772334,0.009443455375803081,0.11841640671645565,0.11842285596860277,0.8402237705009366,0.2072520196909144,0.1020408163265306,75392,0.03768088996312479,0.03841880341880342,2854,0.0014264280023710493,0.037855475382003394,0.0011021029287268686,0.08283846825361252,0.2957443594932556,
Insertion_c706ea75267fc593ebbde1ba8b753a87,STFD,ADCD-Net,Light,Insertion,1080,2400,949,2108,0.8784104611578831,22860.998899999686,5912.737600001492,3067.55224609375,False,0.28972701643402327,1.0,0.4492842481273159,0.28972701643402327,0.47569160916866066,0.4758807265677234,0.9973127221101029,0.552591811632402,0.7346938775510203,8427,0.004212463733921455,0.004235725308641975,29086,0.01453942330186774,3.451524860567224,0.010370645536164734,0.08847610652446747,0.719738245010376,
Removal_ca218a8de3297118a764f94528a597e5,STFD,ADCD-Net,Light,Removal,1080,2400,949,2108,0.8784104611578831,29163.87020000002,6006.659100001343,3067.55224609375,False,0.0,0.0,0.0,0.0,0.016202124328723363,0.016862728058321494,0.5345658573002534,0.028676685424121977,0.0,29101,0.0145469214573215,0.014551697530864197,16361,0.008178488091929385,0.562214356894952,0.008299216137235079,0.07225358486175537,0.4515264332294464,
Replacement_c9dfda5c8d8967058ae3c00933b63fca,STFD,ADCD-Net,Light,Replacement,1080,2340,961,2082,0.8896008544727063,31822.430800000802,6193.737299998247,3067.55224609375,False,0.19552279552279553,0.6140260631001372,0.29659999171739765,0.17412233783915199,0.3213367697474042,0.3213703317286391,0.9788126329247551,0.3631183631183631,0.7755102040816326,5832,0.002914831152707764,0.0028929249762583097,18315,0.009153829314444908,3.140432098765432,0.007385574720421861,0.08450156450271606,0.4874241352081299,
Splicing_c4e35644b158cd87ea661762c8ff9e7b,STFD,ADCD-Net,Light,Splicing,1080,2400,949,2108,0.8784104611578831,32198.10679999864,6050.617200000488,3067.55224609375,False,0.28585290906885535,0.5579229797979798,0.37802432829835575,0.23306411735618923,0.32685972859714074,0.3269323966468366,0.9820016569190778,0.4077676135451773,0.7142857142857142,12672,0.0063344417273350755,0.006365354938271605,24733,0.01236345858918706,1.9517834595959596,0.008885613385517804,0.08056940883398056,0.6107503771781921,
Copy-move_d5a10f4b3017d48eb09b913ecd7f90b2,STFD,ADCD-Net,Light,Copy-move,1080,2340,961,2082,0.8896008544727063,23016.19539999956,5985.592400000314,3067.55224609375,False,0.0,0.0,0.0,0.0,0.12519863432682546,0.1252036247005787,0.8830435171111811,0.24284384887399962,0.12244897959183673,16792,0.00839263455354403,0.008408119658119658,987,0.0004933021858234848,0.058777989518818484,0.0004974773312634513,0.06872066110372543,0.15033558011054993,
Insertion_caab2853b1e9b6a4ff9458517da80c81,STFD,ADCD-Net,Light,Insertion,1080,2340,961,2082,0.8896008544727063,22825.12979999956,5858.381099998951,3067.55224609375,False,0.0015646828723107013,0.010952474085663993,0.002738185463168961,0.0013709697162582319,0.026317450816342857,0.026324304409100753,0.9532745541306874,0.07477323155099272,0.3061224489795918,5113,0.0025554752544229764,0.0025732035454257675,35790,0.017887826981380466,6.9998044201056135,0.01790559551112423,0.0868755355477333,0.6017793416976929,
Removal_ca5adbbee213114268e93b8a83055219,STFD,ADCD-Net,Light,Removal,1125,2436,961,2081,0.8542797160427661,22957.18820000002,5918.287700000292,3067.55224609375,False,0.0,0.0,0.0,0.0,0.0070132287510383225,0.007138468162402559,0.4028049716436497,0.017112686530167072,0.0,17259,0.008630186099794934,0.008457580733442802,21902,0.01095187067371856,1.2690190625181066,0.011047210153224431,0.08645714074373245,0.5192817449569702,
Replacement_ca23df0d65d35864de75ec6d6ee60679,STFD,ADCD-Net,Light,Replacement,1080,2400,949,2108,0.8784104611578831,22899.37210000062,5998.4208999994735,3067.55224609375,False,0.0,0.0,0.0,0.0,0.006191542892653241,0.006204388524193908,0.9419680443462622,0.022585798490607614,0.36734693877551017,1115,0.0005573628887293726,0.0005563271604938271,8274,0.00413598254829312,7.420627802690583,0.0041382890770475,0.07589589059352875,0.331650048494339,
Splicing_c6436c6f4a404cce41392e0e95f788c1,STFD,ADCD-Net,Light,Splicing,1080,2340,961,2082,0.8896008544727063,24743.52159999944,5935.143900000185,3067.55224609375,False,0.3148604039612824,0.07010146182257572,0.11467200546105685,0.06082337173861352,0.2502173849788891,0.2502060058405742,0.7612521062594912,0.4225938719216719,0.1020408163265306,160553,0.08024432202686722,0.08051994301994302,35746,0.017865835799844264,0.2226429901652414,0.013308525096332072,0.09617853164672852,0.6396095752716064,
Copy-move_da92ab86e030f03ef522c0e427d4b7f2,STFD,ADCD-Net,Light,Copy-move,1080,2340,961,2082,0.8896008544727063,25135.932399998637,6113.570099998469,3067.55224609375,False,0.04411510093839814,0.38132295719844356,0.07908131595282433,0.04116848704194403,0.04352974056295044,0.04365823632045942,0.8699939735871223,0.11990247167375818,0.9183673469387754,3341,0.0016698303980103978,0.001669832225387781,28879,0.014433712081455337,8.643819215803651,0.013820044546551847,0.08293357491493225,0.9143672585487366,
Insertion_cf59f6ce229356f4c79295ad6d777816,STFD,ADCD-Net,Light,Insertion,1080,2340,961,2082,0.8896008544727063,26120.449899999585,6075.705600000219,3067.55224609375,False,0.4004275026718917,0.9152266353026328,0.5571098138561515,0.38610687022900764,0.4490066960529854,0.44912277362260467,0.9955389611463872,0.6093864580787094,0.7551020408163265,11053,0.005524284761810514,0.005523899968344413,25263,0.012626436798843664,2.285623812539582,0.007612517960808122,0.08302552253007889,0.7917459607124329,
Removal_cf09984a6e03a3a7ffb424520210464d,STFD,ADCD-Net,Light,Removal,1080,2340,961,2082,0.8896008544727063,23101.98450000098,6012.098300001526,3067.55224609375,False,0.0,0.0,0.0,0.0,0.002413906712871611,0.002434481984773275,0.6724018678449788,0.009687666821272612,0.1020408163265306,2303,0.0011510384335881312,0.0011680911680911682,23330,0.011660324209991793,10.13026487190621,0.01167376115774889,0.08845410495996475,0.5335818529129028,
Replacement_ca649cc66280a56bf9a95b73a9f873c2,STFD,ADCD-Net,Light,Replacement,1080,2340,961,2082,0.8896008544727063,22788.47599999972,5912.876899999901,3067.55224609375,False,0.088495315299439,0.4322191938028977,0.14691111219464623,0.07927904223128536,0.04161747118485243,0.04163185234481441,0.8554849037076495,0.1504755510797807,0.4693877551020408,6971,0.0034841028747472262,0.0034615384615384616,34047,0.017016676312798566,4.884091235116913,0.015565010274190742,0.08241021633148193,0.633624255657196,
Splicing_c829afc3487f82e3c206ea9b1fdc3c5c,STFD,ADCD-Net,Light,Splicing,1080,2340,961,2082,0.8896008544727063,22823.630999999295,5921.5877000006,3067.55224609375,False,0.05405593190898037,0.031766771467069535,0.04001697378065246,0.02041700017057905,0.07481032254265525,0.07479678985954948,0.7874427566859565,0.2066186774294123,0.08163265306122448,48982,0.024481183045598716,0.024118787591009813,28785,0.014386730920900719,0.5876648564778898,0.013950569212324907,0.08607668429613113,0.6037681102752686,
Copy-move_dc6bc742678cca84ef4bb6fd51c4ea41,STFD,ADCD-Net,Light,Copy-move,1080,2340,961,2082,0.8896008544727063,22874.363099999755,6038.801700000477,3067.55224609375,False,0.0,0.0,0.0,0.0,0.01204100161009698,0.01204451439241014,0.8729215404454775,0.033870105175589756,0.16326530612244897,5237,0.0026174504023886423,0.0026638176638176638,9136,0.0045661689662445356,1.7445102157723889,0.0045781520521757,0.08429696410894394,0.3777283728122711,
Insertion_d0513b8c5492a5f9af29d33ab8400240,STFD,ADCD-Net,Light,Insertion,1080,2340,961,2082,0.8896008544727063,23002.33499999922,5916.309800000818,3067.55224609375,False,0.0,0.0,0.0,0.0,0.013245649416089423,0.013250616336994606,0.8943700458582499,0.043762228376449684,0.18367346938775508,4429,0.002213612341451078,0.002236071541627097,31851,0.015919116434309842,7.191465342063672,0.015954433364907258,0.08831196278333664,0.6074830293655396,
Removal_d0d123ccf91f2f06c35d8d3a9d87a0dc,STFD,ADCD-Net,Light,Removal,1080,2340,961,2082,0.8896008544727063,22819.847500000833,5875.374699999156,3067.55224609375,False,0.0,0.0,0.0,0.0,0.0028729636189932057,0.0029000215872799122,0.4496457169226698,0.008345724713785108,0.08163265306122448,6623,0.0033101726207790676,0.003378838239949351,150941,0.0754402484603674,22.790427298807188,0.07569079806777626,0.14305026829242706,0.7471970319747925,
Replacement_cc53c7adb7846be4e1e00ce10f1f35d5,STFD,ADCD-Net,Light,Replacement,1080,2340,961,2082,0.8896008544727063,22782.19109999918,5835.817400000451,3067.55224609375,False,0.14084459855604134,0.7866766467065869,0.23891454145059318,0.13566322990786905,0.19173231998469475,0.19175797985345372,0.9228064314891292,0.27383637299994673,0.673469387755102,10688,0.005341857914976094,0.005355729661285217,59697,0.02983653554924475,5.585422904191617,0.025771890454516676,0.08817745000123978,0.8200039863586426,
Splicing_cb1c89ff09bdde8cf13dd3e5164b179a,STFD,ADCD-Net,Light,Splicing,1080,2340,961,2082,0.8896008544727063,24761.20400000036,5968.8581000009435,3067.55224609375,False,0.515242718446602,0.06271567005436067,0.11182048040455121,0.05922131833550936,0.3206150475555542,0.32058072616722566,0.828916002843652,0.4179833147851799,0.08163265306122448,84620,0.042293040490763205,0.042222222222222223,10300,0.0051479356777932046,0.12172063341999527,0.0026057023810890615,0.07401140034198761,0.33121711015701294,
Copy-move_ddf0ac5744bcd4b2d805f33255498832,STFD,ADCD-Net,Light,Copy-move,1080,1920,1061,1886,0.9820927516479826,31922.63660000026,7304.283200001009,3067.55224609375,False,0.21479009479589864,0.10603600592139821,0.14198024233511303,0.07641481838360549,0.15452641076734405,0.15453645557540066,0.9060766936762406,0.25362548782849864,0.14285714285714285,41882,0.020930053581976627,0.02105565200617284,20676,0.010332596052264666,0.49367269948904063,0.008286697795590364,0.09317059814929962,0.505193829536438,
Insertion_db0eea536304459cc7dd82429c27a157,STFD,ADCD-Net,Light,Insertion,1536,2048,1225,1633,0.7973599423122324,34221.036599999934,9611.573000000135,3067.55224609375,False,0.0,0.0,0.0,0.0,0.004273210607347932,0.004275620162181829,0.8015153589213229,0.01601908360394557,0.08163265306122448,1962,0.0009807915817888699,0.0009667078653971354,3232,0.0016156566729569966,1.6472986748216105,0.0016172428511310943,0.06873611360788345,0.23543404042720795,
Removal_d310561f87b05fdce70f670160655e43,STFD,ADCD-Net,Light,Removal,1080,2340,961,2082,0.8896008544727063,29079.223200000342,6127.533799999583,3067.55224609375,False,0.0,0.0,0.0,0.0,0.001537911157356468,0.001585077130634155,0.42628158691670004,0.003766380637910143,0.0,3775,0.001886743415890228,0.0019155587211142767,3241,0.0016198504399735705,0.8585430463576159,0.0016229124593708547,0.07291492819786072,0.24090375006198883,
Replacement_ceb2a9a15a3672e85814d66610402903,STFD,ADCD-Net,Light,Replacement,1080,2340,961,2082,0.8896008544727063,29073.48290000118,6169.7432000000845,3067.55224609375,False,0.0016687935604201432,0.002440775305096913,0.001982276119402985,0.0009921213889699445,0.026435676910552746,0.026444222003561425,0.9398769162162436,0.06813766708225812,0.12244897959183673,6965,0.003481104077265017,0.003483301677746122,10187,0.00509145832521159,1.4625987078248386,0.005100717862092037,0.08628550916910172,0.4572918117046356,
Splicing_ccbfce56eed30950d787d1f464739b89,STFD,ADCD-Net,Light,Splicing,1080,2376,953,2098,0.8828357307829559,28155.080700000326,6097.7555999998,3067.55224609375,False,0.12740166985212756,0.12947250051114292,0.12842873802159915,0.06862081109636171,0.05496975327461758,0.054975567829132904,0.7230028371962358,0.15425917863880423,0.18367346938775508,19564,0.009784964844347837,0.009760023070208255,19882,0.009944013035949892,1.0162543447147823,0.008762873580054854,0.07873566448688507,0.49558311700820923,
Copy-move_de39c2684a461b0028fa71dc6c4fbe09,STFD,ADCD-Net,Light,Copy-move,1080,1920,1061,1886,0.9820927516479826,31421.470299999783,7361.406699999861,3067.55224609375,False,0.1384469247209689,0.04882747068676717,0.07219367221843849,0.03744861253854059,0.08748384936179171,0.08748456623002435,0.8410061958821865,0.19023412362208733,0.12244897959183673,35820,0.017900637966343603,0.017978877314814814,12633,0.00631319819734279,0.35268006700167503,0.005538294323400973,0.08435264229774475,0.45367300510406494,
Insertion_deb161dcb46dca58c6c73fc53ecb862f,STFD,ADCD-Net,Light,Insertion,1080,2340,961,2082,0.8896008544727063,27218.362100000377,5869.814399999086,3067.55224609375,False,0.03716898862065298,0.46047430830039526,0.06878567211178901,0.03561783439490446,0.049583071250791776,0.04962393940466902,0.9698184573420157,0.16743684534812076,0.7959183673469387,3036,0.0015173915259980748,0.0015345045900601456,37612,0.018798461816811458,12.38866930171278,0.0181272481361681,0.08789767324924469,0.6998465061187744,
Removal_d345f43f630f7a7583e8d5c8548f8883,STFD,ADCD-Net,Light,Removal,1080,2376,953,2098,0.8828357307829559,22807.755399999223,5922.044999999343,3067.55224609375,False,0.0,0.0,0.0,0.0,0.0062493905307696475,0.006395009477339402,0.39161693126743685,0.016107146808412468,0.0,16233,0.008118960044893602,0.00821174710063599,23850,0.011928614370154156,1.4692293476252078,0.01202625505443078,0.07926858216524124,0.6490418910980225,
Replacement_d0992367aff2cf0cc5ae8bee8b852252,STFD,ADCD-Net,Light,Replacement,1080,2340,961,2082,0.8896008544727063,24237.734100001035,5962.471299999379,3067.55224609375,False,0.020190388453861507,0.1597812879708384,0.035850599781897495,0.018252481088208757,0.014496745575092073,0.014504489894133579,0.8794501967797229,0.05083342600486834,0.32653061224489793,4938,0.0024680103278585286,0.002478236783792339,39078,0.019531168001631346,7.913730255164034,0.019184172869494115,0.10469450056552887,0.5975462794303894,
Splicing_ccc72936bf011a884a272534edc7fd80,STFD,ADCD-Net,Light,Splicing,1080,2376,953,2098,0.8828357307829559,26163.35809999873,6079.745999999432,3067.55224609375,False,0.012812656676508272,0.07746716066015494,0.021988527724665387,0.011116481391976801,0.007023032292939563,0.007029533232458918,0.8566900090395246,0.02305802305802306,0.5306122448979591,2969,0.001484949939831769,0.0014574759945130316,17951,0.008978220400781436,6.0461434826540925,0.008876366505127915,0.08222249150276184,0.48386481404304504,
Copy-move_de4bc7b459aab8dbd2a9a928be34cc88,STFD,ADCD-Net,Light,Copy-move,1080,2340,961,2082,0.8896008544727063,26584.129799999573,5993.9180000001215,3067.55224609375,False,0.0,0.0,0.0,0.0,0.06189376191126251,0.06189930848501782,0.684877886049648,0.1657501219049683,0.14285714285714285,46040,0.023010772680155257,0.023050411522633745,8307,0.004151835114119238,0.18043006081668114,0.004249622204646909,0.07764981687068939,0.35103949904441833,
Insertion_e1fa777152b564cfcbfa487594fdb264,STFD,ADCD-Net,Light,Insertion,1080,2340,961,2082,0.8896008544727063,24755.633700000544,5948.516100001143,3067.55224609375,False,0.1214416896235078,0.6443361753958587,0.20436546262314084,0.11381239242685026,0.2565677571165487,0.25681669629293724,0.9885484532919172,0.36009222385244183,0.7755102040816326,1642,0.0008206709109647031,0.0008151313706869262,8712,0.004354253944168388,5.30572472594397,0.003828608015366454,0.07641704380512238,0.3846210837364197,
Removal_d76f8cc7fa3007a97b90ef16a7cde107,STFD,ADCD-Net,Light,Removal,1080,2340,961,2082,0.8896008544727063,26208.125999999538,5990.099200000259,3067.55224609375,False,0.09468854282536152,0.365343347639485,0.1503975265017668,0.08131343283582089,0.06589191317457373,0.06597875588119423,0.6900386234078698,0.29458823529411765,0.7551020408163265,3728,0.0018632528356129193,0.0018482905982905983,14384,0.007189117164017229,3.8583690987124464,0.006520539549360715,0.07218156009912491,0.3918711543083191,
Replacement_d643c2beb55bd369af9aee958ebb5565,STFD,ADCD-Net,Light,Replacement,1080,2340,961,2082,0.8896008544727063,24663.005700000213,5967.103599999973,3067.55224609375,False,0.1447628973423658,0.19048272078990675,0.16450524071771183,0.08962446767324816,0.20219498276039488,0.20222816908918662,0.9557838296902632,0.29706738303111707,0.8571428571428571,7292,0.0036445385400454416,0.0036534504590060145,9595,0.004795576973633573,1.315825562260011,0.00411635758034823,0.07708749175071716,0.37427598237991333,
Splicing_cf89628438e158ebbb19772e1c8fa46b,STFD,ADCD-Net,Light,Splicing,1125,2436,961,2081,0.8542797160427661,26612.3873000015,5932.1925999993255,3067.55224609375,False,0.011773453959598463,0.01679394710790553,0.013842544696848272,0.0069695102268392175,0.04258150394549552,0.042584157923113305,0.7943026582840613,0.11580277385989657,0.08163265306122448,28284,0.014143124378388081,0.014140850209815727,40345,0.02017410384125538,1.4264248338283128,0.02022259564395044,0.08829248696565628,0.7155399322509766,
Copy-move_de7c4e33a2e6c19c4f2a5daa84ee5ac3,STFD,ADCD-Net,Light,Copy-move,1080,2340,961,2082,0.8896008544727063,28295.988800000487,6053.569100000459,3067.55224609375,False,0.10150722854506306,0.1837695539917987,0.13077782181071443,0.06996376532264281,0.055769449623640485,0.05578798944921587,0.7900667509712116,0.1735391628677994,0.8571428571428571,19753,0.009872541111014483,0.010063311174422286,35761,0.017873332793549787,1.8104085455373866,0.016219184886390996,0.08694862574338913,0.8363274931907654,
Insertion_e2390c6cb9b447778aeaacaa07c99cf1,STFD,ADCD-Net,Light,Insertion,1080,2340,961,2082,0.8896008544727063,22827.658500000325,5975.746000000072,3067.55224609375,False,0.02792924037460978,0.12610411576771283,0.04573025284536223,0.023400174367916304,0.019265143792278384,0.01927457199560468,0.8895946506523332,0.062102637957076115,0.3877551020408163,5321,0.002659433567139577,0.002626622348844571,24025,0.012007684918347743,4.51512873520015,0.011703443931563367,0.10345696657896042,0.5246349573135376,
Removal_dcd4b71df2d83d4f4b7add42ea95df05,STFD,ADCD-Net,Light,Removal,1080,2340,961,2082,0.8896008544727063,23145.4380999985,6063.27919999967,3067.55224609375,False,0.0,0.0,0.0,0.0,0.002234729924097608,0.002237508600946862,0.5338224178539114,0.005623049118388825,0.061224489795918366,4660,0.002329066044516149,0.002330246913580247,11109,0.005552273538311137,2.3839055793991415,0.005565235338968871,0.07816635817289352,0.3858182430267334,
Replacement_d8549d7e0c68aec6130bf37311716a9b,STFD,ADCD-Net,Light,Replacement,1080,2340,961,2082,0.8896008544727063,24117.107600000963,5980.906400000094,3067.55224609375,False,0.11364092276830491,0.1616493080325296,0.1334589787384416,0.0715006941814969,0.062002321756081655,0.06205163644791646,0.9538391065883985,0.14106019766397124,0.5102040816326531,7009,0.003503095258801221,0.0035046691991136437,9970,0.004983001816271675,1.422456841204166,0.004432255504959642,0.08228953182697296,0.4083656668663025,
Splicing_d25684230743477547031081a6d59113,STFD,ADCD-Net,Light,Splicing,1080,2340,961,2082,0.8896008544727063,29112.283299999035,6116.500599999199,3067.55224609375,False,0.6391993076720472,0.8559480022169598,0.7318628295709116,0.5771164560402229,0.6333971463490644,0.6334959920874013,0.9724910594531905,0.7570415307774763,0.5714285714285714,19847,0.0099195222715691,0.009859924026590694,26577,0.013283173447447574,1.33909406963269,0.004840594561713921,0.09411635249853134,0.6377832889556885,
Copy-move_e05564e28a559cfa647c9fbe46ff9163,STFD,ADCD-Net,Light,Copy-move,1080,2340,961,2082,0.8896008544727063,26710.76979999998,5987.728699999934,3067.55224609375,False,0.10247568068351433,0.21549951293430025,0.1389005162550579,0.07463357948794842,0.06230346033807564,0.062326409661175496,0.9334774813955964,0.1718877968877969,0.42857142857142855,9239,0.004617648323022468,0.004626859765748654,19429,0.009710606046975163,2.102933217880723,0.008755936919896583,0.08291725814342499,0.4770628809928894,
Insertion_e84f6e371d599c907665ec9fb9abe150,STFD,ADCD-Net,Dark,Insertion,1080,2340,961,2082,0.8896008544727063,22775.384399999894,6050.599599999259,3067.55224609375,False,0.3772346227653772,0.996,0.5472126584133031,0.37666397741024604,0.4533510531146404,0.45362842624649596,0.9988403484068851,0.5943701735447978,0.6938775510204082,3750,0.0018742484263810212,0.0018554131054131053,9901,0.0049485156452262645,2.6402666666666668,0.0030875510502480657,0.06574410200119019,0.07826874405145645,
Removal_dfb796021ae612906c4c5523a9043f07,STFD,ADCD-Net,Light,Removal,1080,2400,949,2108,0.8784104611578831,25814.05520000044,5952.636999998504,3067.55224609375,False,3.30436506625252e-05,0.0009861932938856016,6.39447517345014e-05,3.197339813275355e-05,0.0007940057408817205,0.0007972281909699239,0.6311723516149351,0.0016698414269104222,0.08163265306122448,1014,0.0005068753086740662,0.0005069444444444444,30263,0.015127778566472648,29.84516765285996,0.015134950222007944,0.07984954863786697,0.6153005957603455,
Replacement_d99fee8597356616d0779ac72304d136,STFD,ADCD-Net,Light,Replacement,1080,2340,961,2082,0.8896008544727063,27535.189700000046,6144.965100000263,3067.55224609375,False,0.0,0.0,0.0,0.0,0.024790922975626104,0.024800701534468752,0.9490428089127473,0.06684664232904869,0.26530612244897955,4823,0.0024105333761161776,0.0024074074074074076,13894,0.006944215369636775,2.88077959776073,0.006960995080609565,0.08051565289497375,0.4426131844520569,
Splicing_d56177b1668c6afb43ce63b736577930,STFD,ADCD-Net,Dark,Splicing,1080,2340,961,2082,0.8896008544727063,24286.139300000286,5928.722000000562,3067.55224609375,False,0.0,0.0,0.0,0.0,0.0999676334385643,0.09994833801100766,0.6983233831961205,0.23212311780843886,0.08163265306122448,97781,0.04887090276799003,0.04894824311490978,41142,0.02056275433551146,0.42075658870332683,0.021619309508407947,0.0897044986486435,0.7007519602775574,
Copy-move_e09122281e6f8bed819ed3c82ef11ec4,STFD,ADCD-Net,Light,Copy-move,1080,2340,961,2082,0.8896008544727063,24842.163600000276,6098.6691000016435,3067.55224609375,False,0.09077786026561083,0.10071382813214973,0.09548806941431671,0.050137816351169734,0.03562842909221412,0.03563470569456854,0.6756916843460995,0.12644289589871802,0.3061224489795918,21854,0.010922620029368224,0.010934235517568851,24246,0.01211814062560913,1.109453646929624,0.01113975708305625,0.08487531542778015,0.5485501289367676,
Insertion_e8c765cd2026bbda53da8d1b0aecbd1a,STFD,ADCD-Net,Light,Insertion,1080,2340,961,2082,0.8896008544727063,25453.23599999938,5967.521500000657,3067.55224609375,False,0.058277856597184326,0.07038355081059708,0.06376119402985074,0.03293043907252097,0.07929615549267927,0.07938503556056375,0.9780726364950971,0.16500918955663538,0.14285714285714285,7587,0.003791979416254082,0.0038204336815447926,9163,0.004579663554914479,1.2077237379728483,0.004329186766104008,0.07258985191583633,0.3473643362522125,
Removal_e08a655b4c57cb39c9bdd5845f15ae82,STFD,ADCD-Net,Light,Removal,1080,2340,961,2082,0.8896008544727063,26914.030300000377,5936.613500000021,3067.55224609375,False,0.0,0.0,0.0,0.0,0.0011026357871325983,0.0011252609134704058,0.40991038535472696,0.0027840013256198496,0.0,2789,0.0013939410296471115,0.0014272712883823995,27074,0.013531573838890604,9.70742201505916,0.01355046238437888,0.0854855626821518,0.5729486346244812,
Replacement_da7593ef781bd06fde9b9050f278357b,STFD,ADCD-Net,Light,Replacement,1080,2340,961,2082,0.8896008544727063,22850.933499999883,5926.453000000038,3067.55224609375,False,0.13432424993118636,0.6772402854877082,0.22418375717801478,0.12624265493920692,0.19408219581950678,0.19428984345749906,0.9502874339535218,0.3228479719871608,0.7755102040816326,5044,0.0025209890833775657,0.0025312598923710036,25431,0.012710403128345534,5.041831879460745,0.011030896531543403,0.08062488585710526,0.591335117816925,
Splicing_d975fe7d827da47705ba46a3777d0511,STFD,ADCD-Net,Light,Splicing,1080,2340,961,2082,0.8896008544727063,26895.33350000056,5990.077800001018,3067.55224609375,False,0.07717937844550797,0.0315221694378464,0.044762222651652236,0.0228934931445309,0.055400137904291075,0.0554011246223993,0.7569760082293817,0.12730892119306111,0.1020408163265306,40416,0.020199899840164095,0.02022119341563786,16507,0.008250191673139071,0.4084273555027712,0.007770408480778785,0.09016621112823486,0.4572823643684387,
Copy-move_e210f5bb0668622fbb3686f4d486b990,STFD,ADCD-Net,Light,Copy-move,1080,2340,961,2082,0.8896008544727063,23484.38609999903,6063.039599999684,3067.55224609375,False,0.14406879491106137,0.2337985088893137,0.17827988338192421,0.09786348723693686,0.05839904174151373,0.05841563397069399,0.7755451381789412,0.17901105779261423,0.4897959183673469,10462,0.005228903209812865,0.005303102247546692,16978,0.008485597275492527,1.622825463582489,0.007301265110483636,0.08172627538442612,0.47903215885162354,
Insertion_eb0f8e4f5bed9d928d4b93ba23c7b651,STFD,ADCD-Net,Light,Insertion,1170,2532,961,2080,0.8216563506305302,22823.224399999162,5873.725800000102,3067.55224609375,False,0.0611439842209073,0.09782428168078393,0.075252331672416,0.039097245270494525,0.06789531741760922,0.06802893377567529,0.9617166421057158,0.149428208386277,0.3469387755102041,6021,0.003012186824621788,0.0030225084727454397,9633,0.0048191987513007285,1.5999003487792725,0.004538203656154299,0.07758316397666931,0.3554955720901489,
Removal_e0f71c79d77293b34d976e11f0b86652,STFD,ADCD-Net,Light,Removal,1080,2400,949,2108,0.8784104611578831,22961.101200000485,5943.453700001555,3067.55224609375,False,0.0,0.0,0.0,0.0,0.0012817949468885064,0.0013042210962820294,0.3975533427825923,0.004263990759881997,0.061224489795918366,3291,0.0016450953065545876,0.0016161265432098765,5490,0.0027443248960755656,1.6681859617137649,0.002748847011392444,0.07268424332141876,0.23901405930519104,
Replacement_de84046bc6b8923c0b9cc6e5beefc745,STFD,ADCD-Net,Light,Replacement,1080,2340,961,2082,0.8896008544727063,22815.902199999982,5926.198000001023,3067.55224609375,False,0.0,0.0,0.0,0.0,0.011599192090370244,0.011603843453905128,0.8669352558109223,0.0345769790405527,0.08163265306122448,4485,0.0022416011179517015,0.00225664767331434,14309,0.007151632195489609,3.19041248606466,0.007167699318294639,0.07956050336360931,0.43960991501808167,
Splicing_da6dad183599577e637fb6d884e84da6,STFD,ADCD-Net,Light,Splicing,1080,2340,961,2082,0.8896008544727063,22995.48549999963,5923.6348000013095,3067.55224609375,False,0.2725143547899668,0.16228741114010617,0.2034290226157577,0.11323183173756082,0.17644378704489516,0.1764652673424506,0.9020414347094916,0.26494879418566236,0.36734693877551017,22226,0.011108545473265221,0.011084995251661919,13236,0.006615347245754452,0.5955187618104922,0.004866631355075569,0.07736486941576004,0.4007381200790405,
Copy-move_ea7043e655277a300616c47e193debf5,STFD,ADCD-Net,Light,Copy-move,1080,2340,961,2082,0.8896008544727063,22813.820399998804,5948.592599999756,3067.55224609375,False,0.33050777713768414,0.01189048672238852,0.022955130037153475,0.011610829064079287,0.289454503365145,0.28960768213654764,0.6312037739682337,0.31949259783247536,0.08163265306122448,337749,0.16880680846980362,0.1688647515036404,12151,0.006073064701054877,0.03597642035949773,0.004891605980086022,0.07579940557479858,0.43387433886528015,
Insertion_ed67965f57cb97d89d942c818adf7a35,STFD,ADCD-Net,Light,Insertion,750,1334,750,1334,1.0,14290.812299999743,7118.882599999779,3067.55224609375,False,0.0,0.0,0.0,0.0,0.021592425446440345,0.0216100959098205,0.9342932773678203,0.05440628000033983,0.08163265306122448,3204,0.0032023988005997,0.0032023988005997,3917,0.003915042478760619,1.2225343320848938,0.00392762028525132,0.07672746479511261,0.31433477997779846,
Removal_e3918a744aeb205e30c0a54c27070498,STFD,ADCD-Net,Light,Removal,1080,2316,966,2071,0.8941983055272923,23226.446200000282,6119.181299998672,3067.55224609375,False,0.0001664101177351583,0.00029398794649419373,0.00021252291262651755,0.00010627274901033503,0.006303775373586794,0.006627431971016371,0.4786488634831657,0.01351013210259995,0.0,13606,0.006801007304859676,0.006714961939486982,24037,0.012014979610973985,1.7666470674702337,0.012095240012481252,0.08050988614559174,0.5668850541114807,
Replacement_e31ff0547c0046ae238f16cad163e10a,STFD,ADCD-Net,Light,Replacement,1080,2340,961,2082,0.8896008544727063,22992.78790000062,5946.929399999135,3067.55224609375,False,0.06509517703915574,0.11965192168237854,0.08431810923027787,0.044014671557185726,0.0701194172117924,0.07014519142659974,0.9802867374354945,0.16012744837727988,0.18367346938775508,5516,0.0027568944853113902,0.002779360557138335,10139,0.005067467945353913,1.8381073241479333,0.004750697393757086,0.07353177666664124,0.26302552223205566,
Splicing_ddbbb2d156fd66003d27d0409880a1ca,STFD,ADCD-Net,Light,Splicing,1080,2340,961,2082,0.8896008544727063,23024.95170000111,5991.59630000031,3067.55224609375,False,0.14554455445544554,0.05931098696461825,0.08427783902976847,0.04399272543106425,0.10233648046936406,0.10233718674994771,0.7247621257165998,0.22859962924409755,0.12244897959183673,64440,0.032207084958931466,0.03207462804685027,26260,0.013124736980470831,0.4075108628181254,0.011587709322946846,0.09048984944820404,0.5690878629684448,
Copy-move_ec7415eaf123f7b35870eedc6911c62c,STFD,ADCD-Net,Light,Copy-move,1080,2340,961,2082,0.8896008544727063,22987.46249999931,5943.5451999997895,3067.55224609375,False,0.06032033066391113,0.03681223395869462,0.045721558644997065,0.023395621461850608,0.059183307586482665,0.05918267093020317,0.7907615719533289,0.1459783040330153,0.1020408163265306,38058,0.01902137242965571,0.019002453308008864,23226,0.011608345053633493,0.6102790477691944,0.011119636590406084,0.08841252326965332,0.5843080878257751,
Insertion_f172eb2c89bbba3dcc00e23eba0a17c0,STFD,ADCD-Net,Light,Insertion,750,1334,750,1334,1.0,14333.085599999322,7056.432499999573,3067.55224609375,False,0.04726448688896083,0.09184315370098553,0.06241094328868624,0.032210619208707165,0.0643956255414259,0.06447587866858781,0.7753863226808051,0.12598425196850394,0.836734693877551,4769,0.004766616691654173,0.004766616691654173,9267,0.009262368815592203,1.9431746697420842,0.008866852593722602,0.07664717733860016,0.4812223017215729,
Removal_e3ebb27a085e03b02892b81b96a86f9f,STFD,ADCD-Net,Light,Removal,1668,2224,1225,1633,0.7342595152227752,26464.46069999911,9279.035599998679,3067.55224609375,False,0.0,0.0,0.0,0.0,0.006092724414967566,0.006305065316621775,0.34085584618456277,0.01694065072163068,0.0,17089,0.008542684679505605,0.008454746993771889,25986,0.012990239574090505,1.5206273041137575,0.013102167257590242,0.09929896891117096,0.5317013263702393,
Replacement_e396f89bc6a669b3c338649b5801ee57,STFD,ADCD-Net,Light,Replacement,1080,2340,961,2082,0.8896008544727063,22674.350799999957,5866.556999999375,3067.55224609375,False,0.04088202156768067,0.02892609042250313,0.033880218754168336,0.01723202170963365,0.0697963301989371,0.06981524234685309,0.9690412425711176,0.14231997644234037,0.22448979591836732,8781,0.004388740115213799,0.004436134852801519,6213,0.0031052547928280758,0.7075503928937479,0.002991434327248558,0.07851920276880264,0.38372334837913513,
Splicing_e052be15668d5fae4329a1729f593f9a,STFD,ADCD-Net,Light,Splicing,1080,2340,961,2082,0.8896008544727063,22984.15340000065,5937.033100000917,3067.55224609375,False,0.0,0.0,0.0,0.0,0.028185314094612324,0.02819185938128332,0.5604316828761722,0.06109580831606761,0.08163265306122448,50411,0.025195396645944976,0.025474042418486862,41431,0.02070719641423789,0.8218642756541231,0.021242407291666134,0.11130668222904205,0.7381184101104736,
Copy-move_eec6a7fd3fd9f06df2333c8837d0f32c,STFD,ADCD-Net,Light,Copy-move,1080,2340,961,2082,0.8896008544727063,22793.576899999607,5960.597500001313,3067.55224609375,False,0.08464256182815906,0.07114874257550866,0.07731127055511688,0.040209977502410454,0.08921576176626939,0.0892379158842185,0.9159034484308861,0.17245400272317843,0.08163265306122448,15826,0.007909828158908278,0.0079542576764799,13303,0.006648833817639126,0.8405787943889802,0.006134582987401359,0.07174984365701675,0.2957890033721924,
Insertion_f193541cd416407f0b0ce9ad21d5c2e4,STFD,ADCD-Net,Light,Insertion,1080,2340,961,2082,0.8896008544727063,24427.5159000008,5945.615099999486,3067.55224609375,False,0.10518398518861374,0.3171667829727844,0.15797705943691343,0.08576280781205774,0.10982963766743316,0.1099112485233891,0.9639689017657417,0.2148221100578604,0.5510204081632653,5732,0.0028648511946709368,0.0029257676479898702,17284,0.008638535947085219,3.0153524075366365,0.007752108948558196,0.089925616979599,0.484699010848999,
Removal_e43dad91a8e8ae174fffe3442e7ce271,STFD,ADCD-Net,Light,Removal,1080,2340,961,2082,0.8896008544727063,23004.086000000825,5934.777899999972,3067.55224609375,False,0.0,0.0,0.0,0.0,0.0013077068465103976,0.0013269533115157855,0.4887591854227943,0.0028876650388407416,0.0,2893,0.0014459201860054119,0.0015079930357708136,17694,0.00884345377503621,6.116142412720359,0.00885625921901348,0.07765890657901764,0.4596906304359436,
Replacement_e81dbbde837a9abc5cda0523c667ce35,STFD,ADCD-Net,Light,Replacement,750,1334,750,1334,1.0,15578.681099999812,7849.615099999937,3067.55224609375,False,0.05390159824506424,0.07135449076954989,0.06141212175310185,0.03167879178561562,0.11960870564496123,0.11964925174183702,0.9705472258510166,0.28985748812401035,0.24489795918367346,4821,0.004818590704647676,0.004818590704647676,6382,0.006378810594702649,1.3237917444513587,0.006064203422990743,0.08620119839906693,0.3846263289451599,
Splicing_e14e08849f0472416c7c3b35a4e07243,STFD,ADCD-Net,Light,Splicing,1080,2340,961,2082,0.8896008544727063,24138.36470000024,5968.697900001644,3067.55224609375,False,0.0857206748329068,0.3281027104136947,0.13592845041566526,0.07292018938112953,0.13204012422193823,0.13209007757110733,0.8954635852593967,0.2808026504969682,0.7142857142857142,10515,0.005255392587572383,0.00525443178220956,40247,0.020115433711081855,3.827579648121731,0.018488288372480954,0.11293607205152512,0.6026855111122131,
Copy-move_f651d06ce5f3bc3ecf27401c839b77b2,STFD,ADCD-Net,Light,Copy-move,1080,2340,961,2082,0.8896008544727063,23031.06149999985,6023.16140000039,3067.55224609375,False,0.009396835595534496,0.023793383947939263,0.013472795317148067,0.006782084476562198,0.012587439329375063,0.012592643133651812,0.5762449383255146,0.060257339615802825,0.3061224489795918,14752,0.007373043409592753,0.0074659702437480215,37353,0.018669013725496075,2.532063449023861,0.018630950882404775,0.10460289567708969,0.6169776916503906,
Insertion_f1fd1935c712a2a3917f4513d409bd33,STFD,ADCD-Net,Light,Insertion,1080,2340,961,2082,0.8896008544727063,22908.251000000746,5993.202400000882,3067.55224609375,False,0.0,0.0,0.0,0.0,0.05020541203786667,0.05021211035584522,0.9030482464112103,0.1254979300877921,0.08163265306122448,16159,0.008076261419170913,0.008099873377651156,19697,0.00984455233451386,1.2189491924005198,0.00992470686163708,0.08017686754465103,0.492318332195282,
Removal_e7cfdcfc5726ecbeb4075707a3fc2079,STFD,ADCD-Net,Light,Removal,1080,2340,961,2082,0.8896008544727063,30755.481899999722,5895.907300000545,3067.55224609375,False,0.0,0.0,0.0,0.0,0.0006892675794652671,0.0006927825069370532,0.40603097116968306,0.0019265661778922402,0.061224489795918366,1789,0.0008941414492788392,0.0009180120291231403,14836,0.007415026574343688,8.292901062045836,0.007421662590488406,0.08349429816007614,0.4538685381412506,
Replacement_ebfd40d8fc74ae2d2712422d02189ff4,STFD,ADCD-Net,Light,Replacement,1080,2340,961,2082,0.8896008544727063,22694.72599999972,5849.614099999599,3067.55224609375,False,0.08494851605087826,0.06457925636007827,0.07337649597802628,0.03808553971486762,0.09988511492804653,0.09990579261053069,0.9725361881788308,0.20813601871398413,0.2857142857142857,8687,0.004341758954659182,0.004348290598290598,6604,0.0033006764287520705,0.7602164153332566,0.0030334594137386645,0.07215530425310135,0.322649210691452,
Splicing_e4530fd547d31d94249b3953034f14f7,STFD,ADCD-Net,Light,Splicing,1080,2340,961,2082,0.8896008544727063,22966.619200000423,5967.335699999239,3067.55224609375,False,0.04847013827596352,0.06948911266937312,0.057106956389869803,0.02939274324836645,0.04811161872146892,0.04810763873989092,0.8206004396160799,0.1263405531392723,0.12244897959183673,18967,0.009479698640845021,0.00942545109211776,27192,0.013590550189374061,1.4336479147993884,0.013055577280651518,0.08169365674257278,0.6923606395721436,
Copy-move_f6686a8857812ab5caaf77ce157effd6,STFD,ADCD-Net,Light,Copy-move,1080,2340,961,2082,0.8896008544727063,22873.341499998787,5932.719899999938,3067.55224609375,False,0.013843756955263744,0.01248995983935743,0.013132059537633273,0.006609427466315297,0.030649422265131218,0.030687732158044753,0.6777080779952183,0.10708424276263473,0.14285714285714285,24900,0.012445009551169981,0.012501582779360558,22465,0.011227997572973238,0.9022088353413654,0.011212094526955284,0.08050081133842468,0.5444883108139038,
Insertion_f641c2c063e40f3ccae9264b05eecc7d,STFD,ADCD-Net,Dark,Insertion,1080,2340,961,2082,0.8896008544727063,25384.888300000966,5922.517099999823,3067.55224609375,False,0.04620489423475736,0.11582449573715949,0.06605787476280835,0.03415711044336788,0.045388622286536666,0.045432514806133355,0.9515342795695835,0.10823743876039649,0.36734693877551017,4809,0.0024035361819910216,0.0024161126938904718,12055,0.0060250839413395225,2.5067581617799957,0.0057605412443831215,0.07403676956892014,0.3981896638870239,
Removal_e8439b9e91077c3e2a1a549dd0fdaa07,STFD,ADCD-Net,Light,Removal,1080,2340,961,2082,0.8896008544727063,24323.464699999022,6617.163400000209,3067.55224609375,False,0.0,0.0,0.0,0.0,0.001896216770764653,0.001913761394987334,0.4647338069474003,0.005475001722268754,0.061224489795918366,4511,0.0022545959070412766,0.002275245330800886,2922,0.0014604143738360918,0.6477499445799157,0.00146371445846322,0.07587399333715439,0.305621474981308,
Replacement_ecb29b04a90aff6346aff0f4e6eded08,STFD,ADCD-Net,Light,Replacement,1080,2340,961,2082,0.8896008544727063,27498.304700000517,5681.698099999267,3067.55224609375,False,0.15474472307414758,0.9313246471226927,0.26539294554455445,0.15299888517279822,0.28855508417481307,0.2887278003100528,0.9956309864175514,0.35196571641512947,0.7346938775510203,3684,0.0018412616540767152,0.0018625356125356125,22172,0.011081556295925334,6.018458197611292,0.009384022376244168,0.07927002757787704,0.5403481125831604,
Splicing_e59f0997dd6beb00e0188e9628192721,STFD,ADCD-Net,Dark,Splicing,1080,2340,961,2082,0.8896008544727063,40147.05440000034,6188.370500000019,3067.55224609375,False,0.3493660696317166,0.05364150418688008,0.09300332154719812,0.04876952466569277,0.10974532168498773,0.10975061844394475,0.703538676816471,0.21229921601380627,0.1020408163265306,64726,0.03235002763891679,0.03208926875593542,9938,0.00496700822969989,0.15353953588975064,0.003339744927368554,0.0811835527420044,0.4176797568798065,
Copy-move_f6d36c4d3198bf6eccc8858a260fdf13,STFD,ADCD-Net,Light,Copy-move,1080,2340,961,2082,0.8896008544727063,87433.39229999947,6803.422299999511,3067.55224609375,False,0.3810425343935378,0.15947387882309438,0.22484546063901092,0.12666247115586324,0.22727129336288399,0.22726000524769174,0.8720852276281873,0.2461603375527426,0.6530612244897959,18931,0.009461705855951763,0.00930911680911681,7923,0.003959912075257822,0.41851988801436796,0.0024744294658935926,0.07361774146556854,0.26843762397766113,
Insertion_f8baebe097debc7aae21e97b850fd0e1,STFD,ADCD-Net,Dark,Insertion,2340,1080,2082,961,0.8896008544727063,36068.58160000047,8043.436300000394,3067.55224609375,False,0.0,0.0,0.0,0.0,0.015263131246373131,0.015272034797598297,0.649644917163232,0.06175771971496437,0.2857142857142857,6906,0.003451615902023289,0.0032446976891421335,2082,0.001040582726326743,0.3014769765421373,0.0010441868582915057,0.10094944387674332,0.3450557291507721,
Removal_ea7e71324474ee7ba2bf946828125711,STFD,ADCD-Net,Light,Removal,1080,2340,961,2082,0.8896008544727063,27172.002199999042,6563.708899999256,3067.55224609375,False,0.0,0.0,0.0,0.0,0.004801902024852482,0.004831060201452657,0.6057111356878082,0.018802352521832117,0.08163265306122448,5660,0.0028288656248844214,0.0028644349477682813,42281,0.02113202605755092,7.470141342756183,0.02119197530802319,0.0870424211025238,0.7231130003929138,
Replacement_f0af52df304eab982dadd6c72c258653,STFD,ADCD-Net,Light,Replacement,1080,2340,961,2082,0.8896008544727063,25454.980599999544,6353.939200000241,3067.55224609375,False,0.2336696048530348,0.7483095416979715,0.35613219594422024,0.2166428438257411,0.29666207044524245,0.2967820642518217,0.9816290662313949,0.402779218085658,0.9183673469387754,9317,0.004656632690291193,0.004688192465970244,29837,0.014912520079448141,3.202425673500054,0.011481381983796012,0.07818599790334702,0.6753947138786316,
Splicing_e74d27a2c1ff882a82ac77276ca705a8,STFD,ADCD-Net,Light,Splicing,1080,2340,961,2082,0.8896008544727063,23233.820299999934,5990.214199999173,3067.55224609375,False,0.030894431467108734,0.00812412071254483,0.012865166776491261,0.006474229408792319,0.06275105728468525,0.06274765193155991,0.7347170530583013,0.14373708007428676,0.08163265306122448,50467,0.0252233854224456,0.025311807534029757,13271,0.0066328402310673416,0.26296391701507915,0.006594251756749481,0.08217263221740723,0.45193174481391907,
Copy-move_f7fce7642151761539a7b4ff73669229,STFD,ADCD-Net,Light,Copy-move,1080,2316,966,2071,0.8941983055272923,22890.434500000993,5915.965000000142,3067.55224609375,False,0.0,0.0,0.0,0.0,0.02420630541849878,0.024203791347597318,0.7080160617642337,0.0640483896041493,0.08163265306122448,23625,0.011809039951294271,0.011685616964114373,7444,0.003720909773436383,0.3150899470899471,0.0037653752400780794,0.07744427025318146,0.35403889417648315,
Insertion_f8ddd17e67c497719f3e8b0c48b59a3c,STFD,ADCD-Net,Light,Insertion,1080,2340,961,2082,0.8896008544727063,23434.220899998763,5986.011299999518,3067.55224609375,False,0.16944355098102284,0.4543729515266517,0.2468372223784088,0.140795381654907,0.1150215139707059,0.11506376520650424,0.9738815850686107,0.27878632368978123,0.5918367346938775,5797,0.0028973381673948746,0.002900047483380817,15545,0.007769384476824793,2.6815594272899776,0.006471662978288275,0.07599496096372604,0.38022586703300476,
Removal_ec1682e5f64f48a86294867f483d7db6,STFD,ADCD-Net,Light,Removal,1080,2340,961,2082,0.8896008544727063,42106.065600000875,6482.386600000609,3067.55224609375,False,0.0,0.0,0.0,0.0,0.0028357128596866793,0.002860533599335334,0.5461711391430936,0.011372602060368341,0.1020408163265306,4814,0.002406035179892863,0.0024335232668566,24040,0.012015181912053266,4.993768176152887,0.01204416058613579,0.08405250310897827,0.5395844578742981,
Replacement_f4f4c83dedd7d589f222981a0c8f6c41,STFD,ADCD-Net,Light,Replacement,1080,2400,949,2108,0.8784104611578831,45958.901900001365,6203.820899998391,3067.55224609375,False,0.24813604565537556,0.9939164899990782,0.3971273363410367,0.24775975368779007,0.44301531020006435,0.44308353260500877,0.9960972510395243,0.5506507268934,0.8163265306122448,10849,0.005423165901188308,0.005447530864197531,43456,0.021722656226568264,4.005530463637202,0.01642153893939767,0.09156902134418488,0.8049617409706116,
Splicing_f0e4eff52a0b41e96f68b87875d0ea9e,STFD,ADCD-Net,Light,Splicing,1080,2340,961,2082,0.8896008544727063,47323.499599999195,6200.954600000841,3067.55224609375,False,0.03431239480970737,0.03763696998570748,0.03589787282383346,0.018276988923913356,0.030811675223955167,0.030814511488295067,0.6657910950097556,0.08256513689577821,0.12244897959183673,33584,0.01678526910708806,0.016756489395378285,36838,0.018411616941606417,1.0968913768461173,0.018083405092877352,0.11355286836624146,0.5891695022583008,
Copy-move_f8e5bf605610efcbf4b3b998ad7fb37c,STFD,ADCD-Net,Light,Copy-move,750,1334,750,1334,1.0,27407.37000000081,8092.742199998611,3067.55224609375,False,0.11280487804878049,0.001345302893128411,0.0026588959832705137,0.001331217776434567,0.26867166442361995,0.2691898968393236,0.47802461227571663,0.43124157703732796,0.0,275031,0.2748935532233883,0.2748935532233883,3280,0.003278360819590205,0.011925928349895103,0.0040111982731171145,0.07389141619205475,0.3006693720817566,
Insertion_fc760c8df9cc74c11de494109d4f73d1,STFD,ADCD-Net,Light,Insertion,1080,2340,961,2082,0.8896008544727063,43321.539000000485,6296.117999998387,3067.55224609375,False,0.025151311365164762,0.10362981435300637,0.04047838086476541,0.020657276995305163,0.031275087098371,0.031355277831035616,0.9453055316864013,0.08275862068965517,0.7959183673469387,3609,0.001803776685549095,0.0017679645457423234,14870,0.007432019760076209,4.1202549182599055,0.0072581868652654,0.08480467647314072,0.46294254064559937,
Removal_fc4cb83384bb0bae05f480797f13ce09,STFD,ADCD-Net,Light,Removal,1080,2340,961,2082,0.8896008544727063,34964.34070000032,6470.044000001508,3067.55224609375,False,0.0,0.0,0.0,0.0,0.00195990310619526,0.001972728891589751,0.45076496907337615,0.005168049525500189,0.061224489795918366,4760,0.002379046002552976,0.0024188825577714465,50267,0.025123425506371946,10.560294117647059,0.025183337825556776,0.09305457770824432,0.7922295331954956,
Replacement_fabd143aba79c0bc969a036bc15401e4,STFD,ADCD-Net,Light,Replacement,1080,2340,961,2082,0.8896008544727063,99874.13880000167,6384.064199999557,3067.55224609375,False,0.25683836589698045,0.3491067117334621,0.2959476054031928,0.17367283209224116,0.32704765307217365,0.32707200463385855,0.9798328220304802,0.384536942616112,0.6326530612244897,8284,0.004140339723770768,0.004130658436213992,11260,0.005627743274946746,1.3592467407049735,0.004199711119297291,0.0770859345793724,0.41111665964126587,
Splicing_f6d19aa671cfe7861d87fc9009c9f741,STFD,ADCD-Net,Light,Splicing,1080,2340,961,2082,0.8896008544727063,38637.40020000114,6665.297200001078,3067.55224609375,False,0.03844056706652126,0.029020876212878566,0.033073082464899636,0.016814596500792176,0.0970727318833595,0.09707570690534877,0.895376199266188,0.21326222617262003,0.08163265306122448,34010,0.016998183728324942,0.017119341563786007,25676,0.01283285402553576,0.754954425169068,0.012552928830298273,0.08881107717752457,0.5473921298980713,
Copy-move_fb1bc387a45b448ab6765e2840b69511,STFD,ADCD-Net,Light,Copy-move,1080,2340,961,2082,0.8896008544727063,86320.36919999882,6238.142599999264,3067.55224609375,False,0.0,0.0,0.0,0.0,0.03350269364689523,0.033517424358848504,0.6933996941665307,0.09197667904641368,0.1020408163265306,31192,0.01558974851084715,0.015778727445394113,7845,0.0039209277079890964,0.2515067966145165,0.003983022019587634,0.08004803955554962,0.4293089509010315,
Insertion_fe85c1527cd534de74488f75039d3701,STFD,ADCD-Net,Light,Insertion,1080,2340,961,2082,0.8896008544727063,119552.94330000106,6290.654799999174,3067.55224609375,False,0.38941038427691405,0.9299474605954466,0.5489506874806162,0.37831290966087205,0.5437475482854464,0.5438665911477443,0.9983541384638464,0.562886962674686,0.7959183673469387,5710,0.002853855603902835,0.0028474200696422917,13636,0.006815267077901761,2.3880910683012258,0.004173241133742203,0.07219471037387848,0.31423285603523254,
Removal_fd6f0ef8ab0160ae3f329cafcabe1e5d,STFD,ADCD-Net,Light,Removal,1080,2340,961,2082,0.8896008544727063,77133.82479999927,6291.3208000027225,3067.55224609375,False,0.0,0.0,0.0,0.0,0.0018994059153677164,0.0019122118136948038,0.4657107653170601,0.0046879497218378025,0.061224489795918366,4463,0.0022306055271835994,0.002263770180436847,64994,0.03248397392645549,14.562850100829039,0.03255659484686719,0.11001527309417725,0.7586133480072021,
Replacement_fafb1bcffb7f13b78e2792ccb383ca44,STFD,ADCD-Net,Light,Replacement,1080,2340,961,2082,0.8896008544727063,158899.46350000173,6248.8989000012225,3067.55224609375,False,0.054545823771906664,0.4524932614555256,0.0973558781420468,0.051168727258872615,0.05318311438636009,0.05319952394465084,0.974862382745605,0.11788281697308989,0.7142857142857142,5936,0.0029668103090660647,0.002943573915796138,49243,0.024611630736074835,8.295653638814017,0.02333840969769398,0.09349589794874191,0.7705919742584229,
Splicing_f8dc40e9843cbbc64f7dde7606730bee,STFD,ADCD-Net,Light,Splicing,1080,2340,961,2082,0.8896008544727063,166998.22689999928,6454.175300001225,3067.55224609375,False,0.09054290199330628,0.033498433014091916,0.04890378416426041,0.025064773211767408,0.06942063080096021,0.06942209141547029,0.6138534616279543,0.1286891115978507,0.22448979591836732,91258,0.045610710105247795,0.045622032288698953,33763,0.016874733231973978,0.36997304345920357,0.016080278851914383,0.10505108535289764,0.5940496921539307,
Copy-move_fe591d44ebe6f6fb7d5558cd2b655e49,STFD,ADCD-Net,Light,Copy-move,1080,2376,953,2098,0.8828357307829559,219082.61739999944,6741.465999999491,3067.55224609375,False,0.3023075731763977,0.0398399869377092,0.07040196202189243,0.03648529934019925,0.05153351716056684,0.05153801677354629,0.6684603563955871,0.09050369228880994,0.1020408163265306,48996,0.024505425143818576,0.024367517770295548,6457,0.0032294785319951945,0.1317862682667973,0.002309784977220034,0.08494991064071655,0.4170002341270447,
Insertion_fef7659a07a083e5c08b06485a729921,STFD,ADCD-Net,Light,Insertion,1080,2340,961,2082,0.8896008544727063,177999.2663999983,6289.002599998639,3067.55224609375,False,0.0,0.0,0.0,0.0,0.03718118561593205,0.037203599863105216,0.9469908286339968,0.1059220985691574,0.3061224489795918,5288,0.002642940180987424,0.0026634219689775245,2242,0.0011205506591856664,0.4239788199697428,0.0011235200554844517,0.07857783883810043,0.3261588513851166,
Removal_ff1a6192576fe9705824e49685e3d4c2,STFD,ADCD-Net,Light,Removal,1080,2340,961,2082,0.8896008544727063,69952.45679999789,6578.024900001765,3067.55224609375,False,6.47920176234288e-05,0.0002668801708033093,0.00010426985037276473,5.213764337851929e-05,0.0018726994284575607,0.0019151689180156766,0.48448545353596295,0.0037384967890532984,0.0,3747,0.0018727490276399163,0.001910414688192466,15434,0.007713906723403915,4.119028556178276,0.007727879302272597,0.07921852916479111,0.4345363676548004,
Replacement_fff4187a73a62199b2978c7c4ff05f99,STFD,ADCD-Net,Dark,Replacement,1080,2340,961,2082,0.8896008544727063,22684.489600000234,5889.050399997359,3067.55224609375,False,0.0,0.0,0.0,0.0,0.016864380002294267,0.016868419992678508,0.8982953289334005,0.04031367258316118,0.2040816326530612,7591,0.0037939786145755553,0.003726654004431782,21306,0.01064872985932641,2.806744829403241,0.010689284777176124,0.10534176230430603,0.49888846278190613,
Splicing_fe87539c7c08f22c6bcc0fefc6687f4d,STFD,ADCD-Net,Light,Splicing,1080,2340,961,2082,0.8896008544727063,22455.37300000069,5717.189400002098,3067.55224609375,False,0.02114289938641236,0.027182435964453737,0.02378526727238705,0.01203577064702788,0.031359081147936195,0.03137114909601229,0.7372767266931662,0.09233723924749317,0.08163265306122448,21043,0.010517282569689555,0.010608974358974359,27054,0.01352157784728324,1.2856531863327472,0.013376375609354473,0.08398240804672241,0.5291585922241211,
